memory_initialization_radix=16;
memory_initialization_vector=
EFE EFF EFF EFE EFE EEE EEF EEE EFE EFE EFF EEF EFF EEE EFF EFF EEE EFE EFE EEF EFF EEF EEE EEE EFE EFE EEE EEF EEE EEE EFE EEF EFF EFF EFF EEF EEF EEF EFF EFE EFE EFF FEF EFF EEF EFF EFF EFF FFF EFF EFF EFF EFF EEE EFF EEF EEF DFE EFE EFF EFF EFF EFF EFF EFF EFF EFF EFE FFF EFE EFE FFF FFF EEF EEE DDE BCD 99B 78A 67A 67A 67A 68B 78B 9AC BCD DDE DEE EEF EFF FFF FFF FFF FFF FFF FFF FFF FFF FFF FFF FFF FFF FFF FFF FFF FFF FFF FFF FFF FFF FFF FFF FFF FFF FFF FFF FFF FFF EEE EEE EEF FEF EEF EFF FFF FFF FFF FFF FFF FFF FFF FFF FFF FFF FFF FFF FFF FFF FFF FFF FFF FFF FFF FFF FFF FFF FFF FFF FFF FFF FFF FFF FFF FFF FFF FFF FFF FFF FFF FFF EFF EFF FFF FED EDC EDC EED EEE EEE EEE EEE FFE FFF FFF FFF FFF FFF EEE BAC AAB BAB DDD EED EEE FFF FFF FEF FEF FEE FEE EEF EDE EDE EEE EEE EDE BAC 989 A9A BAB 
EEE EFE EFF EFF EEF EEF EFF EFE DFE EFE EFF EFF EFF EFF EFE EFF EFE EEE EEE EEE EFF EEF EEE EEE EFF EFE EFE EFF EEF EEE EEE EEF EFF EFF EFF EEF EFF EFF EFF EFF EEE EFF EFF EEE EEF EEF EFE EEE FFF EEF EFF EEE EEE EEE EFE EFE EFF EFE EFE EFF EEF EFF EFF FFF FFF EFF EFF EEF EEF EEE EFF EFF EEF EEF DEE CCD AAB 78A 67A 579 67A 68A 89B AAC CCD DDE EEE EEE EFE FFF FEF FEF FFF FFF FFF FFF FFF FFF FFF FFF FFF FFF FFF FFF FFF FFF FFF FFF FFF FFF FFF FFF FFF FFF FFF FFF FFF FFF FFE EEF EEF FFF FFF FFE FFF FFF FFF FFF FFF FFF FFF FFF FFF FFF FFF FFF FFF FFF FFF FFF FFF FFF FFF FFF FFF FFF FFF FFF FFF FFF FFF FFF FFF FFF FFF FFF FFF FFF FFF FFF FFF EFF EFE FED EDB EDB EDD EDD EDD EED EED FEE FEF FFF FFF FFF FFF EEF BBC BAC AAC CCC EED EEE FFF EFE FFE FFE FEE FEE EEF EEF EEE EEE EDE EDE CBC 879 99A BAA 
EEE EFE EFF EFF EEE EEE EEF EFE EFF EFF EEE EFF EFF EEF EEF EEE EFF EFF EFF EFF EFF EFF EFF EFF EEF EEF EFF EEE EFF FFF FFF FFF EFF EFF EFF EFF EFF EFF EFF FFF EFF EFF EFF EFF EEF EFF EFF EFF EFF FFF EFF EFE EFF EFF EFF EFF EFF EFF EFF EFF FFF FFF FFF FFF FFF EFF EFF DDE DDE EEF EEF EEF DDE DDE CCD AAB 88A 679 67A 67A 78A 99B BBC CDD DDE EEF EEE EFF FFF FFF FFF FFF FFF FFF FFF FFF FFF FFF FFF FFF FFF FFF FFF FFF FFF FFF FFF FFF FFF FFF FFF FFF FFF FFF FFF FFF FFF FFF FFF FFF FFF FFF FFF FFF FFF FFF FFF FFF FFF FFF FFF FFF FFF FFF FFF FFF FFF FFF FFF FFF FFF FFF FFF FFF FFF FFF FFF FFF FFF FFF FFF FFF FFF FFF FFF FFF FFF FFF FFF FFF EEE FEE FFE FED EDD DDD CCD DCC DDC EED FEE FFE FFF FFF FFF FFF FFF FFF CCD AAC BAC BBC DED EEE EFF EFE FFE FFE EEE FEE EEF EEE EDE EED EEE EDE CBC 879 98A B9A 
EEF EFF EFF EFF EFF EEF EEF EFF EEF EEF EEF EFF EFF EFF EFF EFF EEE EEF EFF EFE EEE EFF EFF EFF EFF EFF EEF EEE DEE DEE EEE EEE DEE DEE DEE DEE DEE DEE DEE DEE DEE DEE DEE DEE DEE DEE DEE DEE DEE DEE DEE DEE DEE DEE DEE DEE DEE DEE EEE DEE DEE EEE EEE EEE DEE DEE DEE DDE DDE EEE EEE DDE CDE CCD AAB 99A 789 679 679 78A 99B ABC BCC CCD CDE DDE DDE DDD EEE EEE EEE EEE EEE EEE EEE EEE EEE EEE EEE EEE EEE EEE EEE EEE EEE EEE EEE EEE EEE EEE EEE EEE EEE EEE EEE EEE EEE EEE EEE EEE EEE EEE EEE EEE EEE EEE EEE EEE EEE EEE EEE EEE EEE EEE EEE EEE EEE EEE EEE EEE EEE EEE EEE EEE EEE EEE EEE EEE EEE EEE EEE EEE EEE EEE EEE EEE EEE EEE EEE CCD CBC DCC EDC DCC BBC AAB AAB CBC DCC DDD EED EEE EFE FFF FFF FFF FFF FFF CCD AAC BBC BAC DCD EEE EFF FFF FFF FFF FFF FFF FEF EEE EDE EDD DEE EEE CCD 879 98A A9A 
EEF EEF EFF EEF EFF EEF EEF EFF EEE EEE EFF EFE EFF EEE EFF EFF EEE EFF EFE EFF FFF EFF DEE BCC 9AA 788 666 555 555 555 555 555 555 555 555 555 555 555 455 555 555 555 555 555 555 555 555 555 555 555 555 555 555 555 555 555 555 555 555 555 555 555 555 555 555 555 555 555 555 555 555 555 445 444 444 334 334 333 334 344 444 445 445 455 555 555 555 555 555 555 555 555 555 555 555 555 555 555 555 555 555 555 555 555 555 555 555 555 555 555 555 555 555 555 555 555 555 555 555 555 555 555 555 555 555 555 555 555 555 555 555 555 555 555 555 555 555 555 555 555 555 555 555 555 555 555 555 555 555 555 555 555 555 555 555 555 555 555 555 444 444 444 444 444 344 344 444 444 544 555 555 555 666 888 AAA CCC EEE FFF DDD AAC BAC BAC CCC EEE FEE FFF FFF FFF FFF FFF FEF EEF EDE EDE DEE EEE CCD 88A 98A AAA 
EFF EFF DFE EEF EFF EEE EFF EEF EFF EFF EFF EEF EEF EFF EEF EEE EEE EFF EFF EFF CCC 888 555 444 344 344 444 444 444 444 444 444 444 444 444 444 444 444 444 444 444 444 444 444 444 444 444 444 444 444 444 444 444 444 444 444 444 444 444 444 444 444 444 444 444 444 444 444 444 444 444 444 344 334 334 334 333 333 333 334 444 444 444 444 444 444 444 444 444 444 444 444 444 444 444 444 444 444 444 444 444 444 444 444 444 444 444 444 444 444 444 444 444 444 444 444 444 444 444 444 444 444 444 444 444 444 444 444 444 444 444 444 444 444 444 444 444 444 444 444 444 444 444 444 444 444 444 444 444 444 444 444 444 444 444 444 444 444 444 333 333 333 333 333 333 333 433 444 444 444 444 444 444 444 444 444 555 888 AAB BAC BBD BBD CBC EDE EEE FFF FFF FFF FFF FFF FEF EEE EEE EDE DEE EEE CCD 98A 98A BAB 
EEF DFE DFE EFF EFF EFF EEE EEE EEE EFF EFF EEF EEF EEF EEF EEF EFF EFF BBB 677 444 444 444 444 444 444 444 444 444 444 444 444 444 444 444 444 444 444 444 444 444 444 444 444 444 444 444 444 444 444 444 444 444 444 444 444 444 444 444 444 444 444 444 444 444 444 444 444 444 444 444 444 444 444 444 444 344 344 344 444 444 444 444 444 444 444 444 444 444 444 444 444 444 444 444 444 444 444 444 444 444 444 444 444 444 444 444 444 444 444 444 444 444 444 444 444 444 444 444 444 444 444 444 444 444 444 444 444 444 444 444 444 444 444 444 444 444 444 444 444 444 444 444 444 444 444 444 444 444 444 444 444 444 444 444 444 444 444 444 444 334 333 333 334 434 444 444 444 444 444 444 444 444 444 444 444 444 444 444 556 88A BBD CCD DDD EEE FFF FFF FFF EFF EFF FEF EEE EDE EDE DED EEE CCC 889 98A BAB 
EFF EFE EFF EFF EEE DFE EEE EEE EEE EFF EEE EEF EEF EEF EEF FFF CDD 777 444 444 444 444 444 444 444 444 444 444 444 444 444 444 444 444 444 444 444 444 444 444 444 444 444 444 444 444 444 444 444 444 444 444 444 444 444 444 444 444 444 444 444 444 444 444 444 444 444 444 444 444 444 444 444 444 444 444 444 444 444 444 444 444 444 444 444 444 444 444 444 444 444 444 444 444 444 444 444 444 444 444 444 444 444 444 444 444 444 444 444 444 444 444 444 444 444 444 444 444 444 444 444 444 444 444 444 444 444 444 444 444 444 444 444 444 444 444 444 444 444 444 444 444 444 444 444 444 444 444 444 444 444 444 444 444 444 444 444 444 444 444 334 334 333 444 444 444 444 444 444 444 444 444 444 444 444 444 444 444 444 333 333 556 AAB DDD EEE FFF EEE FFF EFF EFF FEE EEE EDE EEE DEE EEE CBC 88A 98A B9A 
EEF EEF EFF EEF EEE EEE EFF EEE EFF EEE EEE EEE EFF EFF EFF 9AA 454 344 444 444 444 444 444 444 444 444 444 444 444 444 444 444 444 444 444 444 444 444 444 444 444 444 444 444 444 444 444 444 444 444 444 444 444 444 444 444 444 444 444 444 444 444 444 444 444 444 444 444 444 444 444 444 444 444 444 444 444 444 444 444 444 444 444 444 444 444 444 444 444 444 444 444 444 444 444 444 444 444 444 444 444 444 444 444 444 444 444 444 444 444 444 444 444 444 444 444 444 444 444 444 444 444 444 444 444 444 444 444 444 444 444 444 444 444 444 444 444 444 444 444 444 444 444 444 444 444 444 444 444 444 444 444 444 444 444 444 444 444 444 444 444 444 334 444 444 444 444 444 444 444 444 444 444 444 444 444 444 444 444 333 334 223 334 999 EEE EEE FFF FFF FFF FFF FEE FEF EDF EEE DEE EEE CBC 88A 98A BAB 
EFE EEF EFF EEF EFF EEF EEE EFE EFE EFE EFF EEE EFF DEE 788 344 444 444 444 444 444 444 444 444 444 444 444 444 444 444 444 444 444 444 444 444 444 444 444 444 444 444 444 444 444 444 444 444 444 444 444 444 444 444 444 444 444 444 444 444 444 444 444 444 444 444 444 444 444 444 444 444 444 444 444 444 444 444 444 444 444 444 444 444 444 444 444 444 444 444 444 444 444 444 444 444 444 444 444 444 444 444 444 444 444 444 444 444 444 444 444 444 444 444 444 444 444 444 444 444 444 444 444 444 444 444 444 444 444 444 444 444 444 444 444 444 444 444 444 444 444 444 444 444 444 444 444 444 444 444 444 444 444 444 444 444 444 444 444 444 444 434 434 444 444 444 444 444 444 444 444 444 444 444 444 444 444 444 444 334 334 223 223 333 877 EEE FFF FFF FFF FEF FFF EEE EEF EEE DEE EEE BBC 88A 98A BAB 
DFE EEE EEF EEF EEE EEE EFF DFE EFE EFE DFE EFF DEE 677 344 444 444 444 444 444 444 444 444 444 444 444 444 444 444 444 444 444 444 444 444 444 444 444 444 444 444 444 444 444 444 444 444 444 444 444 444 444 444 444 444 444 444 444 444 444 444 444 444 444 444 444 444 444 444 444 444 444 444 444 444 444 444 444 444 444 444 444 444 444 444 444 444 444 444 444 444 444 444 444 444 444 444 444 444 444 444 444 444 444 444 444 444 444 444 444 444 444 444 444 444 444 444 444 444 444 444 444 444 444 444 444 444 444 444 444 444 444 444 444 444 444 444 444 444 444 444 444 444 444 444 444 444 444 444 444 444 444 444 444 444 444 444 444 444 444 444 434 444 444 444 444 444 444 444 444 444 444 444 444 444 444 444 444 444 334 333 223 223 333 333 777 EEE FFF EFE FFE EFF EEE EDE EDE DEE EEE BBC 88A A9A CAB 
EEE EEF EEE EFF EFF EFF EFF EFF EFF EFF EFF DEE 677 344 444 444 444 444 444 444 444 444 444 444 444 444 444 444 444 444 444 444 444 444 444 444 444 444 444 444 444 444 444 444 444 444 444 444 444 444 444 444 444 444 444 444 444 444 444 444 444 444 444 444 444 444 444 444 444 444 444 444 444 444 444 444 444 444 444 444 444 444 444 444 444 444 444 444 444 444 444 444 444 444 444 444 444 444 444 444 444 444 444 444 444 444 444 444 444 444 444 444 444 444 444 444 444 444 444 444 444 444 444 444 444 444 444 444 444 444 444 444 444 444 444 444 444 444 444 444 444 444 444 444 444 444 444 444 444 444 444 444 444 444 444 444 444 444 444 444 444 444 444 444 444 444 444 444 444 444 444 444 444 444 444 444 444 444 444 333 333 223 333 334 444 433 777 EEE FFE EFE EEE EEE EDD EED EEE EEE BAC 98A A9A CBB 
EEF EFF EFF EFF EFF DEE DEE EFF EFF EFF EFF 788 344 444 444 444 444 444 444 444 444 444 444 444 444 444 444 444 444 444 444 444 444 444 444 444 444 444 444 444 444 444 444 444 444 444 444 444 444 444 444 444 444 444 444 444 444 444 444 444 444 444 444 444 444 444 444 444 444 444 444 444 444 444 444 444 444 444 444 444 444 444 444 444 444 444 444 444 444 444 444 444 444 444 444 444 444 444 444 444 444 444 444 444 444 444 444 444 444 444 444 444 444 444 444 444 444 444 444 444 444 444 444 444 444 444 444 444 444 444 444 444 444 444 444 444 444 444 444 444 444 444 444 444 444 444 444 444 444 444 444 444 444 444 444 444 444 444 444 444 444 444 444 444 444 444 444 444 444 444 444 444 444 444 444 444 444 444 444 333 334 334 334 444 334 444 433 888 FEE EEE EDD EDD DDD DDD EDD EDE BAC 98A A9A CBB 
DEE EFF EFF EFF EFF EFF EFF DEE DEE EFF 9AA 344 444 444 444 444 444 444 444 444 444 444 444 444 444 444 444 444 444 444 444 444 444 444 444 444 444 444 444 444 444 444 444 444 444 444 444 444 444 444 444 444 444 444 444 444 444 444 444 444 444 444 444 444 444 444 444 444 444 444 444 444 444 444 444 444 444 444 444 444 444 444 444 444 444 444 444 444 444 444 444 444 444 444 444 444 444 444 444 444 444 444 444 444 444 444 444 444 444 444 444 444 444 444 444 444 444 444 444 444 444 444 444 444 444 444 444 444 444 444 444 444 444 444 444 444 444 444 444 444 444 444 444 444 444 444 444 444 444 444 444 444 444 444 444 444 444 444 444 444 333 434 434 444 444 444 444 444 444 444 444 444 444 444 444 444 444 444 444 334 334 334 333 333 333 334 444 333 989 EDE DDC DCC DCC DDD DDD EEE BAB 98A A9A CBB 
DEE EEF EFF EFF EFF EFF EFF DEE EFF BCC 444 444 444 444 444 444 444 444 444 444 444 444 444 444 444 444 444 444 444 444 444 444 444 444 444 444 444 444 444 444 444 444 444 444 444 444 444 444 444 444 444 444 444 444 444 444 444 444 444 444 444 444 444 444 444 444 444 444 444 444 444 444 444 444 444 444 444 444 444 444 444 444 444 444 444 444 444 444 444 444 444 444 444 444 555 555 555 555 555 555 555 555 555 555 555 555 555 555 555 555 555 555 555 555 555 555 555 555 555 555 555 555 555 555 555 555 555 555 555 555 555 555 555 555 555 555 555 555 555 555 555 555 555 555 555 555 555 555 555 555 555 555 555 555 555 555 555 555 555 555 555 545 555 555 555 555 555 555 555 555 555 555 555 555 555 555 555 444 444 334 333 334 334 333 333 334 434 333 333 99A CCC CCB DCC EDD EDD DCD A9B 98A A9B BAB 
EEF EFF EFF DEE EFF EFF EEF DEE EEE 666 344 444 444 444 444 444 444 444 444 444 444 444 444 444 444 444 444 444 444 444 444 444 444 444 444 444 444 444 444 444 444 444 444 444 444 444 444 444 444 444 444 444 444 444 444 444 444 444 444 444 444 444 444 444 444 444 444 444 444 444 444 444 444 444 444 444 444 444 444 444 444 444 444 444 444 444 444 444 444 444 444 444 444 444 DDD FFF FFF FFF FFF FFF FFF FFF FFF FFF FFF FFF FFF FFF FFF FFF FFF FFF FFF FFF FFF FFF FFF FFF FFF FFF FFF FFF FFF FFF FFF FFF FFF FFF FFF FFF FFF FFF FFF FFF FFF FFF FFF FFF FFF FFF FFF FFF FFF FFF FFF FFF FFF FFF FFF FFF FFF FFF FFF FFF FFF FFF FFF FFF FFF FFF FFF FFF FFF FFF FFF FFF FFF FFF FFF FFF FFF FFF FFF FFF FFF FFF DDD 444 444 444 333 334 334 333 333 333 333 333 223 455 BBC DCC DDD DCC CBC BAB A9A 98A 98A 98A 
EEF EFF EFF DEE EFF DEE EEE EFF AAB 344 444 444 444 444 444 444 444 444 444 444 444 444 444 444 444 444 444 444 444 444 444 444 444 444 444 444 444 444 444 444 444 444 444 444 444 444 444 444 444 444 444 444 444 444 444 444 444 444 444 444 444 444 444 444 444 444 444 444 444 444 444 444 444 444 444 444 444 444 444 444 444 444 444 444 444 444 444 444 444 444 444 444 444 444 EEE CCC 888 888 888 888 888 888 888 888 888 888 888 888 888 888 888 888 888 888 888 888 888 888 888 888 888 888 888 888 888 888 888 888 888 888 888 888 888 888 888 888 888 888 888 888 888 888 888 888 888 888 888 888 888 888 888 888 888 888 888 888 888 888 888 888 888 888 888 888 888 888 888 888 888 888 888 888 888 888 888 CCC EEE 444 444 444 333 334 333 333 334 333 333 233 233 333 999 EDD EDD DCD BAB A9A 98B 98A 98A 98A 
EEE EFF EFF DEE EFF EFF EFF DEE 566 444 444 444 444 444 444 444 444 444 444 444 444 444 444 444 444 444 444 444 444 444 444 444 444 444 444 444 444 444 444 444 444 444 444 444 444 444 444 444 444 444 444 444 444 444 444 444 444 444 444 444 444 444 444 444 444 444 444 444 444 444 444 444 444 444 444 444 444 444 444 444 444 444 444 444 444 444 444 444 444 444 444 444 444 444 EEE AAA 333 444 444 444 444 444 344 344 444 444 444 444 333 444 444 444 444 444 444 444 444 444 444 444 444 444 444 444 444 444 444 444 444 444 444 444 444 444 444 444 444 444 444 444 444 444 444 444 444 444 444 444 444 444 444 444 444 444 444 444 444 444 444 444 433 332 333 333 444 444 444 443 433 444 444 444 444 444 333 AAA EEE 444 444 444 334 333 333 333 333 333 333 233 233 333 655 EDD EEE EDD CAC A9B A9B 98A 98B 98A 
DEE EEF EFF DEE DEE EFF EFF ABB 344 444 444 444 444 444 444 444 444 444 444 444 444 444 444 444 444 444 444 444 444 444 444 444 444 444 444 444 444 444 444 444 444 444 444 444 444 444 444 444 444 444 444 444 444 444 444 444 444 444 444 444 444 444 444 444 444 444 444 444 444 444 444 444 444 444 444 444 444 444 444 444 444 444 444 444 444 444 444 444 444 444 444 444 444 444 EEE AAA 444 444 444 444 444 444 444 444 444 444 444 444 444 444 444 444 444 444 444 444 444 444 444 444 444 444 444 444 444 444 444 444 444 444 444 444 444 444 444 444 444 444 444 444 444 444 444 444 444 444 444 444 444 444 444 444 444 444 444 444 444 444 444 444 444 443 333 344 444 444 444 444 444 444 444 444 444 444 444 AAA EEE 444 444 444 334 333 333 333 333 333 333 333 333 333 433 BBB FEF EDE CBC BAC A9A 98A 98A 98A 
EEF EEF EFF DEE DEE EEF EFF 777 344 444 444 444 444 444 444 444 444 444 444 444 444 444 444 444 444 444 444 444 444 444 444 444 444 444 444 444 444 444 444 444 444 444 444 444 444 444 444 444 444 444 444 444 444 444 444 444 444 444 444 444 444 444 444 444 444 444 344 444 444 444 444 444 334 333 333 444 444 444 444 444 444 444 444 444 444 444 444 444 444 444 444 444 444 444 EEE AAA 444 444 444 444 444 444 444 444 444 444 444 444 444 444 444 444 444 444 444 444 444 444 444 444 444 444 444 444 444 444 444 444 444 444 444 444 444 444 444 444 444 444 444 444 444 444 444 444 444 444 444 444 444 444 444 444 444 444 344 334 444 444 444 444 444 444 334 334 344 444 444 444 444 444 444 444 444 444 444 AAA EEE 444 444 444 333 333 334 333 333 333 434 434 434 434 433 777 FEF FEE CBC BAB A9A 98A 98A 97A 
EEF EEF EFF EEE DEE EFF CDD 455 444 444 444 444 444 444 444 444 444 444 444 444 444 444 444 444 444 444 444 444 444 444 444 444 444 444 444 444 444 444 444 444 444 444 444 444 444 444 444 444 444 444 444 444 444 444 444 444 444 444 444 444 444 444 444 444 334 333 333 334 444 444 444 444 333 333 333 444 444 444 444 444 444 444 444 444 444 444 444 444 444 444 444 444 444 444 EEE AAA 444 444 444 444 444 444 444 444 444 444 444 444 444 444 444 444 444 444 444 444 444 444 444 444 444 444 444 444 444 444 444 444 444 444 444 444 444 444 444 444 444 444 444 444 444 444 444 444 444 444 444 444 444 444 444 444 444 444 344 334 344 444 444 444 444 444 234 334 344 444 444 444 444 444 444 444 444 444 444 AAA EEE 444 434 334 334 334 223 333 333 233 434 444 434 433 444 555 DDD FEE DCC A9B A9A 98B 98A 87A 
DEE EEE EEE EEF DEE EFF ABB 344 444 444 444 444 444 444 444 444 444 444 444 444 444 444 444 444 444 444 444 444 444 444 444 444 444 444 444 444 444 444 444 444 444 444 444 444 444 444 444 444 444 444 444 444 444 444 444 444 444 444 444 444 444 444 444 444 333 223 222 333 444 444 444 444 334 334 344 444 444 444 444 444 444 444 444 444 444 444 444 444 444 444 444 444 444 444 EEE AAA 444 444 444 444 444 444 444 444 444 444 444 444 444 444 444 444 444 444 444 444 444 444 444 444 444 444 444 444 444 444 444 444 444 444 444 444 444 444 444 444 444 444 444 444 444 444 444 444 444 444 444 444 444 444 444 444 444 444 344 234 334 444 444 444 444 444 234 334 334 444 444 444 444 444 444 444 444 444 444 AAA EEE 444 333 334 233 334 223 223 334 223 334 333 333 434 444 444 BAB FEE DCD 88A 99A A9B 98A 87A 
EEF DEE DEE EEF EEF EFF 888 344 444 444 444 444 444 444 444 444 444 444 444 444 444 444 444 444 444 444 444 444 444 444 444 444 444 444 444 444 444 444 444 444 444 444 444 444 444 444 444 444 444 444 444 444 444 444 444 444 444 444 444 444 444 444 444 334 223 222 223 333 444 444 444 444 344 344 444 444 444 444 444 444 444 444 444 444 444 444 444 444 444 444 444 444 444 444 EEE AAA 444 444 444 444 444 444 444 444 444 444 444 444 444 444 444 444 444 444 444 444 444 444 444 444 444 444 444 444 444 444 444 444 444 444 444 444 444 444 444 444 444 444 444 444 444 444 444 444 444 444 444 444 444 444 444 444 444 444 344 234 234 444 444 444 444 444 234 234 334 344 444 444 444 444 444 444 444 444 444 AAA EEE 444 334 234 223 334 223 223 333 334 333 333 333 333 444 444 888 FEE EDE 87A 88A A9B 98A 879 
EEF EEF EEF DEE EEF DEE 666 344 444 444 444 444 444 444 444 444 444 444 444 444 444 444 444 444 444 444 444 444 444 444 444 444 444 444 344 444 444 444 444 444 444 444 444 444 444 444 444 444 444 444 444 444 444 444 444 444 444 444 444 444 444 444 444 334 223 222 333 444 444 444 444 444 344 344 444 444 444 444 444 444 444 444 444 444 444 444 444 444 444 444 444 444 444 444 EEE AAA 444 444 444 444 444 444 444 444 444 444 444 444 444 444 444 444 444 444 444 444 444 444 444 444 444 444 444 444 444 444 444 444 444 444 444 444 444 444 444 444 444 444 444 444 444 444 444 444 444 444 444 444 444 444 444 444 444 444 334 234 234 234 444 444 444 444 234 134 233 344 444 444 444 444 444 444 444 444 444 AAA EEE 444 434 234 223 333 334 333 334 334 333 444 444 333 444 444 666 FEE EDE 98B 87A 99B A8B A88 
EEF DEF DEE EEE EFF DEE 555 444 444 444 444 444 444 444 444 444 444 444 444 444 444 444 444 444 444 444 444 444 444 444 444 444 444 444 444 444 444 444 444 444 444 444 444 444 444 444 444 444 444 444 444 444 444 444 444 444 444 444 444 444 444 444 444 334 333 333 334 444 444 444 444 444 344 344 444 444 444 444 444 444 444 444 444 444 444 444 444 444 444 444 444 444 444 444 EEE AAA 444 444 444 444 444 444 444 444 444 444 444 444 444 444 444 444 444 444 444 444 444 444 444 444 444 444 444 444 444 444 444 444 444 444 444 444 444 444 444 444 444 444 444 444 444 444 444 444 444 444 444 444 444 444 444 444 444 444 234 344 244 134 344 444 444 444 234 134 234 334 444 444 444 433 443 443 444 444 444 AAA EEE 444 334 233 333 334 334 334 234 334 334 444 444 333 444 444 555 EDD EEE A9C 779 99B A8A 989 
EEF EEF EEF EEF EFF CDD 445 444 444 444 444 444 444 444 444 444 444 444 444 444 444 444 444 444 444 344 334 344 444 444 444 444 444 444 444 444 444 444 444 444 444 444 444 444 444 444 444 444 444 444 444 444 444 444 444 444 444 444 444 444 444 444 444 444 344 444 444 444 444 444 444 444 444 344 444 444 444 444 444 444 444 444 444 444 444 444 444 444 444 444 444 444 444 444 EEE AAA 444 444 444 444 444 444 444 444 444 444 444 444 444 444 444 444 444 444 444 444 444 444 444 444 444 444 444 444 444 444 444 444 444 444 444 444 444 444 444 444 444 444 444 444 444 444 444 444 444 444 444 444 444 444 444 444 444 444 344 234 134 134 334 444 444 444 234 134 234 234 344 444 444 444 444 444 444 444 444 AAA EEE 444 334 223 233 334 344 334 234 233 333 444 444 333 334 444 544 DCC EEE A9C 87A 98B 98B 98A 
DEF EEF EEF EEE DEE CDD 444 444 444 444 444 444 444 444 444 444 444 444 444 444 444 444 444 444 344 344 334 334 444 444 444 444 444 444 444 444 444 444 444 444 444 444 444 444 444 444 444 444 444 444 444 444 444 444 444 444 444 444 444 444 444 444 444 444 444 444 444 444 444 444 444 444 444 444 444 444 444 444 444 444 444 444 444 444 444 444 444 444 444 444 444 444 444 444 EEE AAA 444 444 444 444 444 444 444 444 444 444 444 444 444 444 444 444 444 444 444 444 444 444 444 444 444 444 444 444 444 444 444 444 444 444 444 444 444 444 444 444 444 444 444 444 444 444 444 444 444 444 444 444 444 444 444 444 444 444 234 134 234 134 234 444 444 444 334 134 234 234 334 444 444 444 444 344 444 444 444 AAA EEE 444 334 223 233 234 334 334 223 123 233 344 444 334 333 334 444 CCC EEE AAC 98B 88A 99B 98B 
DEF EEF EEE DEE EEF CCD 444 444 444 444 444 444 444 444 444 444 444 444 444 444 444 444 444 444 334 444 444 444 444 444 444 444 444 444 444 444 444 444 444 444 444 444 444 444 444 444 444 444 444 444 444 444 444 444 444 444 444 444 444 444 444 444 444 444 444 444 444 444 444 444 444 444 444 444 444 444 444 444 444 444 444 444 444 444 444 444 444 444 444 444 444 444 444 444 EEE AAA 334 444 444 444 444 444 444 444 444 444 444 444 444 444 444 444 444 444 444 444 444 444 444 444 444 444 444 444 444 444 444 444 444 444 444 444 444 444 444 444 444 444 444 444 444 444 444 444 444 444 444 444 444 444 444 444 444 444 234 234 134 134 134 444 444 444 344 124 134 134 234 334 344 444 444 334 444 444 444 AAA EEE 444 233 223 223 224 223 334 224 123 223 333 333 333 333 333 434 CBB EEE A9B 88B 77A 88A 99B 
DEF DEE EEF EEF EFF CCD 444 444 444 444 444 444 444 444 444 444 444 444 444 444 444 444 444 444 344 444 444 444 444 444 444 444 444 444 444 444 444 444 344 444 444 444 444 444 444 444 444 444 444 444 444 444 444 444 444 444 444 444 444 444 444 444 444 444 444 444 444 444 444 444 444 444 444 444 444 444 444 444 444 444 444 444 444 444 444 444 444 444 444 444 444 444 444 444 EEE AAA 444 444 444 444 444 444 444 444 444 444 444 444 444 444 444 444 444 444 444 444 444 444 444 444 444 444 444 444 444 444 444 444 444 444 444 444 444 444 444 444 444 444 444 444 444 444 444 444 444 444 444 444 444 444 444 444 444 444 344 134 234 234 134 134 234 444 133 024 134 134 134 334 334 444 444 223 444 444 444 AAA EEE 334 234 233 233 234 123 334 234 123 234 333 334 334 333 233 334 CBB EDE 98B 77B 77A 77A 88B 
EEF DEE EEF EEF EEF CCD 444 444 444 444 444 444 444 444 444 444 444 444 444 444 444 444 444 444 444 344 344 444 444 444 444 444 444 444 444 444 444 444 444 444 444 444 444 444 444 444 444 444 444 444 444 444 444 444 444 444 444 444 444 444 444 444 444 444 444 444 444 444 444 444 444 444 444 444 444 444 444 444 444 444 444 444 444 444 444 444 444 444 444 444 444 444 444 444 EEE AAA 444 444 444 444 444 444 444 444 444 444 444 444 444 444 444 444 444 444 444 444 444 444 444 444 444 444 444 444 444 444 444 444 444 444 444 444 444 444 444 444 444 444 444 444 444 444 444 444 444 444 444 444 444 444 444 444 444 444 344 234 244 134 134 024 134 444 134 123 134 134 234 334 344 444 444 123 223 444 444 AAA EEE 334 233 234 234 224 234 334 233 233 234 233 444 444 333 223 333 CBB DDE 77B 77B 77A 66A 88B 
EEF EEF EEF DEE EEF CCD 444 444 444 444 444 444 444 444 444 444 444 444 444 444 444 444 444 444 444 344 344 444 334 334 444 444 444 444 444 444 444 444 444 444 444 444 334 444 444 444 444 444 444 444 444 444 444 444 444 444 444 444 444 444 444 444 444 444 444 344 344 344 444 444 344 444 444 444 444 444 444 444 444 444 444 444 444 444 444 444 444 444 444 444 444 444 444 444 EEE AAA 334 444 444 444 444 444 444 444 444 444 444 444 444 444 444 444 444 444 444 444 444 444 444 444 444 444 444 444 444 444 444 444 444 444 444 444 444 444 444 444 444 444 444 444 444 444 444 444 444 444 444 444 444 444 444 444 444 444 134 124 024 024 024 134 124 444 124 013 124 124 124 344 344 444 444 124 023 344 444 AAA EEE 334 334 334 233 123 334 344 234 233 234 234 344 333 233 223 333 CBB DCD 67A 78B 77A 669 77B 
DEE EEF EEF EEF EEF CCD 444 444 444 444 444 444 444 444 444 444 444 444 444 444 444 444 444 444 444 444 334 344 334 334 444 444 444 444 444 334 444 444 444 444 444 444 334 444 444 444 444 444 444 444 444 444 444 444 444 444 444 444 444 444 444 444 444 334 334 334 334 334 344 444 444 444 444 444 444 444 444 444 444 444 444 444 444 444 444 444 444 444 444 444 444 444 444 444 EEE AAA 444 444 444 444 444 444 444 444 444 444 444 444 444 444 444 444 444 444 444 444 444 444 444 444 444 444 444 444 444 444 444 444 444 444 444 444 444 444 444 444 444 444 444 444 444 444 444 444 444 444 444 444 444 444 444 444 234 124 024 024 034 134 024 024 134 344 234 014 013 124 023 234 344 444 444 123 124 444 444 AAA EEE 334 334 234 234 123 234 344 234 134 234 234 334 333 223 223 223 BAB DCC 66A 88B 77A 56A 66A 
EEF EEF DEE EEF EEF CCD 444 444 444 444 444 444 444 444 444 444 444 444 444 444 444 444 444 444 444 444 334 344 334 444 334 444 444 444 344 334 444 444 444 444 334 444 444 334 334 334 344 444 444 444 444 444 444 444 444 444 444 444 444 444 444 444 334 333 223 223 333 334 444 444 444 444 444 444 444 444 444 444 444 444 444 444 444 444 444 444 444 444 444 444 444 444 444 444 EEE AAA 444 444 444 444 444 444 444 444 444 444 444 444 444 444 444 444 444 444 444 444 444 444 444 444 444 444 444 444 444 444 444 444 444 444 444 444 444 444 444 444 444 444 444 444 444 444 444 444 444 444 444 444 444 234 334 124 014 014 124 134 134 024 124 134 134 234 334 013 023 134 013 234 334 344 444 223 124 344 444 AAA EEE 344 334 334 234 123 123 234 234 124 124 123 234 334 223 123 223 9AB BBD 46A 89B 77A 56A 559 
EEF EEF DEE DEE EEF CCD 444 444 444 444 444 444 444 444 444 444 444 444 444 444 444 444 444 444 444 444 444 334 344 344 344 444 444 334 334 334 334 444 444 444 334 334 334 334 344 334 334 334 334 444 444 444 444 444 444 444 444 444 344 334 333 233 223 122 112 222 333 334 444 444 444 444 444 444 444 444 444 444 444 444 444 444 444 444 444 444 444 444 444 444 444 444 444 444 EEE AAA 444 444 444 444 444 444 444 444 444 444 444 444 444 444 444 444 444 444 444 444 444 444 444 444 444 444 444 444 444 444 444 444 444 444 444 444 444 444 444 444 444 444 444 444 444 444 444 444 444 444 344 234 234 124 024 024 034 134 134 124 234 134 024 124 224 234 123 014 024 034 024 123 234 234 444 234 124 234 444 AAA EEE 344 334 334 224 123 123 234 234 124 124 123 123 344 233 123 223 78A 89C 46A 99C 78B 56A 459 
EEF DEF EEF DEE EEF BCC 444 444 444 444 444 444 444 444 444 444 444 444 444 444 444 444 444 444 444 444 444 334 344 344 344 344 344 334 334 344 334 444 444 444 444 444 344 344 444 344 344 344 344 334 444 444 444 444 444 444 344 333 233 222 122 112 112 112 112 223 334 444 444 444 444 444 444 444 444 444 444 444 444 444 444 444 444 444 444 444 444 444 444 444 444 444 444 444 EEE AAA 444 444 444 444 444 444 444 444 444 444 444 444 444 444 444 444 444 444 444 444 444 444 444 444 444 444 444 444 444 444 444 444 444 444 444 444 444 444 444 444 444 444 444 444 444 444 444 344 344 344 134 124 014 024 134 134 134 024 124 134 234 124 014 024 023 234 013 013 013 034 024 123 234 134 444 334 124 124 334 AAA EEE 444 234 234 013 123 123 123 234 134 123 123 123 233 333 233 333 88A 78C 46A 9AC 67A 359 248 
EEF DEF EEF EEF EEF CCD 444 444 444 444 444 444 444 444 444 444 444 444 444 444 444 444 444 444 444 444 444 344 344 344 344 444 334 444 344 334 334 334 334 334 444 334 334 334 344 334 334 334 344 334 444 444 444 444 444 334 333 222 112 112 011 011 011 011 112 333 444 444 444 444 444 444 444 444 444 444 444 444 444 444 444 444 444 444 444 444 444 444 444 444 444 444 444 444 EEE AAA 444 444 444 444 444 444 444 444 444 444 444 444 444 444 444 444 444 444 444 444 444 444 444 444 444 444 444 444 444 444 444 444 444 444 444 444 444 444 444 444 444 444 444 444 444 344 444 234 024 134 024 124 134 134 134 024 014 024 034 024 024 024 014 024 014 124 234 134 013 024 034 124 334 134 444 444 124 024 333 AAA EEE 444 234 234 013 013 124 123 234 134 023 123 123 234 444 334 444 AAB 79C 36A 459 678 358 35A 
DEE DEE DEE DEF EEF BCC 444 444 444 444 444 444 444 444 444 444 444 444 444 444 444 444 444 444 444 444 444 344 344 344 444 444 344 444 444 334 444 334 334 444 334 444 344 344 344 344 334 333 344 334 334 444 444 334 344 334 223 112 011 011 001 001 011 112 223 334 444 444 444 444 444 444 444 444 444 444 444 444 444 444 444 444 444 334 444 444 444 444 444 444 444 444 444 444 EEE AAA 444 444 444 444 444 444 444 444 444 444 444 444 444 444 444 444 444 444 444 444 444 444 444 444 444 444 444 444 444 444 444 444 444 444 444 444 444 444 444 444 444 444 444 444 444 234 134 024 034 134 134 134 134 024 024 024 024 024 024 024 024 024 014 024 024 014 344 244 124 003 014 023 344 134 344 444 124 023 223 AAA EEE 444 234 334 234 123 124 234 234 134 023 023 013 233 444 333 444 BBC 46A 35A 36A 56A 57B 57B 
DEE EEE DEF DEE EEF CCD 444 444 444 444 444 444 444 444 444 444 444 444 444 444 444 444 444 444 444 444 444 444 444 344 334 334 334 444 444 444 444 444 344 334 344 444 444 344 344 344 334 334 344 344 334 334 334 444 334 223 112 012 001 001 001 011 112 122 333 344 444 444 444 444 444 444 444 444 444 444 444 444 444 444 444 444 334 334 444 444 444 444 444 444 444 444 444 444 EEE AAA 444 444 444 444 444 444 444 444 444 444 444 444 444 444 444 444 444 444 444 444 444 444 444 444 444 444 444 444 444 444 444 444 444 444 444 444 444 444 444 444 444 444 444 444 444 344 034 134 134 134 124 124 024 034 034 034 024 024 024 024 024 014 014 014 014 014 234 244 234 124 014 023 234 234 134 444 123 013 013 9AA EEE 444 334 344 444 133 023 133 234 134 023 023 013 234 444 334 333 CCC 67B 36B 47B 47B 57A 47A 
EEE EEF EEF EEF EEF CCD 444 444 444 444 444 444 444 444 444 344 444 444 444 444 444 344 444 444 344 344 344 344 444 444 334 344 444 444 444 334 444 344 344 333 334 334 334 334 344 344 344 344 344 444 444 444 444 334 333 222 012 001 001 001 011 112 222 333 334 344 444 444 444 444 444 444 444 444 444 444 444 444 444 444 444 444 444 444 444 444 444 444 444 444 444 444 444 444 EEE AAA 444 444 444 444 444 444 444 444 444 444 444 444 444 444 444 444 444 444 444 444 444 444 444 444 444 444 444 444 444 444 444 444 444 444 444 444 444 444 444 444 444 444 444 444 444 344 134 134 124 124 134 234 034 034 034 034 024 014 024 024 024 014 014 014 014 004 124 244 244 244 124 023 013 234 134 334 234 013 013 89A EEE 444 444 444 444 234 023 123 134 134 023 023 123 123 334 334 333 DCC 9AC 249 36B 36A 47B 47A 
DEE EEF EEF EEF EEF CCD 444 444 444 444 444 444 444 444 444 788 777 444 444 444 555 888 455 444 777 888 888 888 666 556 888 445 444 444 555 888 666 888 888 888 888 888 778 444 344 444 444 344 444 444 444 444 334 333 222 112 001 001 001 001 112 222 333 334 444 444 444 344 344 344 344 344 344 444 444 444 444 444 444 344 444 444 444 444 444 444 444 444 444 444 444 444 444 444 EEE AAA 444 444 444 444 444 444 444 444 444 444 444 444 444 444 444 334 334 344 444 444 444 444 444 444 444 444 444 444 444 444 444 444 444 444 444 444 444 444 444 344 234 344 444 444 444 344 034 124 234 244 244 134 034 034 034 034 024 024 014 014 014 014 014 014 014 014 024 134 244 234 234 134 124 024 234 234 444 013 003 89A EEE 444 444 444 444 134 023 023 134 134 023 023 013 013 234 344 333 CCC AAD 249 36A 36A 37B 36A 
EEF DEE DEE EEF EEF CCC 444 444 444 444 444 444 444 444 555 FFF FFF 777 344 444 666 FFF 666 444 EEE FFF DDD DDD AAA 555 FFF AAA 333 444 CCC DDD 788 DDD EEE FFF FFF DDD CCC 445 344 444 444 444 444 444 444 344 334 223 112 011 001 001 011 112 222 333 334 444 444 444 444 444 444 444 444 444 444 444 444 444 444 444 444 344 444 444 444 444 444 444 444 444 444 444 444 444 444 444 EEE AAA 444 444 444 444 444 444 444 444 444 444 444 444 444 444 444 444 334 444 444 444 444 444 444 444 444 444 444 444 444 444 444 444 444 444 444 444 444 444 444 344 244 234 444 444 444 444 134 134 134 144 144 034 034 034 034 034 034 024 014 014 014 014 014 014 014 004 014 024 244 234 234 134 234 124 134 234 223 113 013 99A EEE 444 444 223 234 134 023 023 134 134 124 023 013 123 123 333 333 9AB 68B 35A 35A 36A 36A 36A 
EEE EEF EEF DEE EEF CCC 444 444 444 444 444 444 444 444 555 EEE EEE EEE 455 444 666 FFF 666 444 EEE BBB 333 444 444 344 888 FFF 666 888 FFF 777 444 444 555 FFF AAA 334 344 344 344 444 344 344 444 444 344 334 223 112 011 001 001 011 112 222 333 434 444 444 444 444 444 444 444 444 444 444 444 444 444 444 444 444 444 444 444 444 444 444 444 444 444 444 444 444 444 444 444 444 EEE AAA 444 444 444 444 444 444 444 444 444 444 444 444 444 444 444 444 334 444 444 444 444 444 444 444 444 444 444 444 444 444 444 444 444 444 444 444 444 444 444 334 244 234 444 444 444 444 234 034 034 144 134 034 034 034 034 034 034 024 014 014 024 024 014 014 014 003 004 014 234 244 234 134 244 134 134 134 134 123 003 89A EEE 444 444 123 024 123 023 023 134 134 124 023 123 123 113 333 344 57A 36B 34A 35A 35A 46A 36A 
EEE EEF EEE DEE EEF CCD 444 444 444 444 444 444 444 444 555 FFF 999 EEE AAA 333 666 FFF 666 444 EEE BBB 444 444 444 444 444 BBB DDD EEE AAA 444 444 444 445 FFF AAA 334 344 344 344 344 344 444 444 444 334 333 112 112 011 011 012 112 223 333 444 444 444 444 444 444 444 444 444 444 444 444 444 444 444 444 444 444 444 444 444 444 444 444 444 444 444 444 444 444 444 444 444 444 EEE AAA 444 444 444 444 444 444 444 444 444 444 444 444 444 444 444 444 444 444 444 444 444 444 444 444 444 444 444 444 444 444 444 444 444 444 444 444 444 444 444 334 234 134 344 444 444 444 234 034 034 134 034 034 034 034 034 034 024 024 024 024 014 014 014 014 014 004 004 004 014 234 244 134 134 134 024 244 244 124 003 89A EEE 444 444 234 023 123 113 023 134 134 023 113 013 013 013 223 333 469 36B 439 349 35A 35A 359 
EEF EEF EEE EEE EEF CCC 444 444 444 444 444 444 444 444 555 FFF 888 888 FFF 666 666 FFF 666 444 EEE FFF DDD EEE 667 344 334 556 FFF FFF 555 444 444 444 445 FFF AAA 334 334 344 444 444 344 444 444 444 334 223 112 112 112 112 222 323 334 444 444 444 444 444 444 444 444 444 444 444 444 444 444 444 444 444 444 444 444 444 444 444 444 444 444 444 444 444 444 444 444 444 444 444 EEE AAA 333 444 444 444 444 444 444 444 444 444 444 444 444 444 444 444 444 444 444 444 444 444 444 444 444 444 444 444 444 444 444 444 444 444 444 444 444 444 444 334 234 134 234 444 444 444 344 034 034 034 034 034 024 024 024 024 024 024 014 014 014 014 014 004 004 014 004 014 003 024 234 234 134 234 034 234 344 124 013 89A EEE 444 344 124 013 123 223 023 124 023 023 113 013 013 002 223 334 369 36A 339 339 359 359 359 
EEF EEF EEF EEF EEF CCC 444 444 444 444 444 444 444 444 555 FFF 888 333 CCC DDD 666 FFF 666 444 EEE CCC 777 778 445 334 334 AAB EEE FFF AAA 444 444 444 445 FFF AAA 334 444 444 444 444 444 444 444 444 334 223 222 112 222 223 334 434 444 444 444 444 444 444 444 444 444 444 444 444 444 444 444 444 444 444 444 444 444 444 444 444 444 444 444 444 444 444 444 444 444 444 444 444 EEE AAA 333 444 444 444 444 444 444 444 444 444 444 444 444 444 444 444 444 444 444 444 444 444 444 444 444 444 444 444 444 444 444 444 444 444 444 444 444 444 444 344 134 134 134 444 444 444 244 134 134 034 034 024 014 024 024 024 014 004 004 004 004 004 004 004 003 003 014 014 014 004 124 144 134 234 134 134 344 234 013 89A DDE 133 234 024 013 123 234 023 123 013 013 013 013 013 012 113 334 358 46A 339 339 349 359 348 
EEF EEF EEF EEF EEF CCD 444 444 444 444 444 444 444 444 555 FFF 888 333 666 FFF BBB FFF 666 444 EEE AAA 223 233 334 334 777 FFF 667 889 FFF 666 434 444 545 FFF AAA 334 444 444 444 444 444 444 444 444 334 334 333 333 334 334 444 444 444 444 444 444 444 444 444 444 444 444 444 444 444 444 444 444 444 444 444 444 444 444 444 444 444 444 444 444 444 444 444 444 444 444 444 444 EEE AAA 444 444 444 444 444 444 444 444 444 444 444 444 444 444 444 444 444 444 444 334 233 444 444 444 444 444 444 444 444 444 444 444 444 444 444 444 444 444 444 344 134 144 134 444 444 444 234 034 034 024 014 014 024 024 014 004 004 014 004 014 014 014 014 014 014 003 024 014 014 014 003 024 134 234 134 134 344 234 133 99A DEE 124 023 024 023 023 234 023 124 113 013 013 013 013 013 112 334 569 45B 339 328 338 359 348 
EEF EEF EEF EEF EEF CCD 444 444 444 444 444 444 444 444 555 FFF 888 444 444 999 FFF FFF 666 444 EEE CCD 778 788 777 455 EEE BBB 334 334 DDD DDD 444 444 545 FFF AAA 334 444 444 444 444 444 444 334 334 334 334 334 344 444 444 444 444 444 444 444 444 344 444 444 444 444 444 444 444 444 434 434 434 444 444 444 444 444 444 444 444 444 444 444 444 444 444 444 444 444 444 444 444 EEE AAA 444 444 444 444 444 444 444 444 444 444 444 444 444 444 444 334 334 334 234 233 334 444 444 444 444 444 444 444 444 444 444 444 444 444 444 444 444 444 444 444 134 144 134 344 444 444 034 024 014 014 024 024 024 014 004 004 014 014 014 014 014 014 024 014 014 014 014 014 014 024 014 013 014 134 234 034 134 134 133 99A DEE 124 023 024 023 013 123 023 023 013 013 013 012 002 013 002 333 78A 45A 448 437 338 348 337 
EDE EDE EDE EEF EEF CCC 444 444 444 444 444 444 444 444 555 DDD 777 444 444 444 CCC DDD 556 444 CCC DDD EEE EEE BBB 899 DDD 455 334 334 666 DDD 777 334 555 DDD 999 444 444 444 444 444 444 444 334 344 344 344 344 444 444 444 444 444 444 444 444 444 344 344 444 444 444 444 444 444 444 434 434 434 334 334 444 444 444 444 444 444 444 444 444 444 444 444 444 444 444 444 444 444 EEE AAA 333 444 444 444 444 444 444 444 444 444 444 444 444 444 334 233 223 223 234 334 334 444 444 444 444 444 444 444 444 444 444 444 444 444 444 444 444 444 444 344 134 134 134 334 444 344 024 014 024 024 024 014 004 004 004 024 014 014 014 014 014 014 014 014 014 014 014 004 004 014 024 024 024 024 134 024 034 134 123 9AA DEE 134 013 024 024 013 013 023 023 023 013 113 013 002 002 002 223 89A 878 C86 767 438 767 646 
EEF EEF EEF EEF EEF CCD 444 444 444 444 444 444 444 444 444 444 444 444 444 444 444 444 444 344 344 444 344 344 344 444 344 344 344 344 344 444 444 444 444 444 444 444 444 434 444 444 334 334 334 344 344 344 444 444 444 444 444 444 344 444 344 344 444 444 444 444 444 444 444 444 444 444 334 334 334 334 444 444 444 444 444 444 444 444 444 444 444 444 444 444 444 444 444 444 EEE AAA 333 333 444 444 444 444 444 444 444 444 444 444 444 434 333 223 334 234 223 334 333 334 344 444 444 444 444 444 444 444 444 444 444 444 444 444 444 444 444 233 134 034 034 134 444 444 234 034 024 014 014 004 004 004 014 024 014 014 004 004 004 004 004 004 003 004 014 004 004 003 014 024 034 034 024 024 024 134 023 9AA DEE 134 023 024 024 013 013 013 123 123 012 013 013 002 002 002 112 569 669 657 448 348 C86 A75 
EEF EEF EEF EEF EEF CCD 444 444 444 444 444 444 444 444 444 444 444 444 444 444 444 344 344 344 344 344 344 344 344 344 344 344 344 344 344 334 444 444 444 444 444 444 444 444 334 334 334 344 444 444 344 444 444 444 344 334 334 334 334 344 444 444 444 444 444 444 444 444 444 444 444 444 334 444 334 334 444 444 444 444 444 444 444 444 444 444 444 444 444 444 444 444 444 444 EEE AAA 222 223 444 444 444 444 444 444 444 444 444 444 444 333 233 023 334 233 233 334 334 334 334 444 444 444 444 444 444 444 444 444 444 444 444 444 444 444 444 234 024 034 034 034 344 444 234 024 014 014 004 004 004 004 013 014 014 014 004 004 004 004 004 004 014 014 014 004 004 014 014 013 024 024 024 024 023 134 023 99A DEE 134 124 124 024 013 013 013 023 123 013 113 013 002 002 002 002 238 349 359 348 337 646 647 
EEF EEF EEF EEF EEF CCD 444 444 444 444 444 444 444 444 444 444 444 444 444 444 444 344 344 344 344 344 344 344 344 344 344 344 344 444 344 344 444 444 444 444 444 444 444 444 444 344 344 444 444 444 444 444 444 334 334 344 334 334 334 344 344 444 444 444 444 444 444 444 444 444 444 334 334 444 434 334 444 444 444 444 444 444 444 444 444 444 444 444 444 444 444 444 444 444 EEE AAA 222 334 334 444 444 444 444 444 444 444 444 444 444 333 233 123 334 233 233 334 333 334 233 444 444 444 444 444 444 444 444 444 444 444 444 444 444 444 444 234 024 034 034 024 234 444 444 444 224 014 004 004 004 004 014 014 004 004 004 004 004 004 014 014 004 003 003 004 004 114 234 003 013 014 024 024 023 034 013 89A DEE 124 134 124 024 013 013 013 123 123 013 013 013 002 002 002 002 227 338 68A 569 227 327 328 
CCE EEF EEF EEF EEF CCD 444 444 444 444 444 444 444 444 444 444 444 444 444 344 344 344 344 344 344 344 344 344 344 344 344 344 344 344 344 344 344 344 344 344 444 444 444 334 444 444 444 334 334 344 444 344 344 344 334 334 334 344 344 344 444 444 444 444 444 444 444 444 444 444 444 334 334 334 334 334 434 444 444 444 444 444 444 444 444 444 444 444 444 444 444 444 444 444 EEE AAA 333 334 333 444 444 444 444 444 444 444 444 334 444 344 333 233 233 233 223 333 333 344 233 444 444 444 444 444 444 444 444 444 444 444 444 444 444 444 444 234 034 034 034 024 134 444 444 444 444 224 004 004 004 004 014 014 004 004 004 004 014 014 014 003 003 004 004 004 004 014 234 014 014 013 013 014 024 024 013 88A DEE 124 134 123 024 023 023 013 113 113 012 012 013 002 002 002 002 227 338 89B 78A 227 327 337 
CCE DDE EEF EEF EEF CCD 444 444 444 444 444 444 444 444 444 444 444 444 344 344 344 344 344 344 344 344 344 344 344 344 344 344 344 344 444 444 444 344 344 344 444 444 444 444 444 444 444 334 444 444 334 344 444 334 334 444 344 344 344 444 344 444 444 444 444 444 444 444 444 444 344 344 344 344 344 334 444 444 444 444 444 444 444 444 444 444 444 223 444 444 444 444 444 444 EEE AAA 333 334 333 344 344 444 444 444 444 444 444 333 444 444 333 233 233 333 123 233 334 334 234 344 444 444 444 344 334 234 234 344 444 444 444 444 444 344 223 123 024 024 024 014 034 344 444 444 444 344 013 004 013 014 004 004 004 004 004 014 014 004 004 004 003 004 004 004 003 013 234 114 014 024 013 013 013 013 003 88A DDE 124 124 123 023 123 124 013 012 012 113 113 013 002 002 002 002 227 238 67A 89B 237 227 227 
CDE EEF EDE EEF EEF CCD 444 444 444 444 444 444 444 444 444 444 444 444 344 344 344 344 344 344 344 344 344 344 344 344 344 344 344 444 444 444 444 444 444 444 444 444 444 444 444 444 444 444 334 334 344 444 444 444 444 344 344 444 444 344 444 444 444 444 444 444 444 444 444 444 344 344 344 344 344 334 444 444 444 444 444 444 444 444 444 444 444 222 444 444 444 444 444 444 EEE AAA 333 334 333 334 334 344 444 444 444 444 444 333 333 223 223 233 223 334 123 233 334 334 334 234 444 334 334 334 223 334 444 444 444 444 444 444 444 223 124 124 013 024 013 014 024 234 444 444 444 444 224 004 004 004 004 004 004 014 014 014 014 003 014 014 003 003 003 003 004 004 224 234 013 234 013 024 014 014 003 88A DEE 123 023 013 013 123 123 013 013 013 113 113 013 012 002 002 002 127 127 348 89B 337 226 227 
DDE EEE EDE EEF EEF CCD 444 344 344 444 444 444 444 444 444 444 444 444 444 344 344 344 344 344 344 344 344 344 344 344 344 344 444 444 444 444 444 444 444 444 444 444 444 444 444 444 444 444 334 334 444 444 444 444 444 334 344 444 444 444 444 444 444 444 344 444 444 444 444 444 344 344 344 334 434 444 444 444 444 444 444 444 444 444 444 444 334 222 444 444 444 444 444 444 EEE AAA 333 333 223 223 334 344 444 444 444 334 233 223 333 334 334 233 233 334 123 123 233 223 334 123 444 123 233 344 444 444 444 444 444 444 444 444 444 334 234 123 013 024 013 013 024 344 444 444 444 444 444 003 004 004 004 014 014 003 003 003 003 003 003 003 003 003 003 003 004 004 013 134 023 234 123 024 013 014 003 88A DEE 124 023 013 013 123 123 013 002 013 113 013 013 002 002 002 002 127 127 237 89B 358 126 227 
DEF DEE DEF DEF EEF AAC 344 344 344 444 444 444 444 444 444 444 444 444 444 444 444 344 344 344 344 444 444 444 444 344 444 444 444 444 444 444 444 444 444 444 444 444 444 444 444 444 444 444 444 444 444 444 444 334 344 334 344 344 444 444 444 444 344 344 344 344 444 444 444 344 344 344 444 444 444 444 444 444 444 444 444 444 444 444 444 444 333 122 444 444 444 444 444 444 EEE AAA 333 233 223 223 334 444 334 333 233 223 223 333 333 233 223 233 233 123 123 123 123 123 334 123 444 344 344 334 344 444 444 444 444 444 444 444 444 444 234 123 013 014 013 003 013 234 444 444 444 444 444 123 004 014 014 014 003 003 003 014 014 014 003 003 003 003 114 003 004 003 013 134 024 124 234 124 013 013 003 88A DDE 013 013 013 013 123 123 113 002 013 113 013 013 012 002 002 002 116 117 126 68A 569 116 216 
DDF DDE DDF CDE CCE 9AB 334 344 344 444 444 444 444 444 444 444 444 444 444 444 444 444 444 444 444 444 444 444 444 444 444 444 444 444 444 444 444 444 444 444 444 444 444 444 344 444 444 444 444 444 444 444 444 334 334 334 334 344 444 444 344 344 334 334 334 344 344 344 344 344 334 344 444 444 444 444 444 444 444 444 444 444 444 444 444 444 223 222 344 444 444 444 444 444 EEE AAA 333 223 223 223 233 233 223 223 223 333 334 333 223 233 233 223 223 123 123 223 123 123 334 123 334 444 334 344 344 344 344 344 444 344 344 344 444 444 233 123 013 014 013 003 003 134 344 444 444 444 334 113 004 004 004 014 013 003 003 014 014 014 003 003 003 003 013 003 003 003 013 124 124 024 123 123 124 013 013 88A DDE 113 123 123 013 123 234 123 013 013 113 013 013 013 002 002 002 116 117 126 569 67A 126 116 
CDE CDE BCE BCD BBD 99B 333 344 344 444 444 444 444 444 444 444 444 444 444 444 444 444 444 444 444 444 444 444 444 444 444 444 444 444 444 444 444 444 444 444 444 444 444 344 344 444 444 444 444 444 444 444 444 444 334 334 334 344 344 344 334 334 334 334 334 334 334 334 334 334 334 334 444 444 444 444 444 444 444 444 444 444 444 444 444 444 122 112 444 444 444 444 444 444 EEE AAA 222 223 223 223 222 223 233 223 123 123 223 223 223 233 223 123 223 223 223 223 123 123 234 123 234 344 234 334 344 344 344 444 444 344 444 344 444 444 234 023 013 014 003 003 003 024 134 444 444 444 113 014 003 003 004 004 013 003 004 014 013 003 003 003 013 014 013 003 003 004 013 124 134 124 124 123 023 013 003 89A DDE 013 123 123 123 123 234 123 013 013 113 013 012 012 002 002 002 116 117 116 348 68B 237 115 
BCD BCD BBD BCD BCD 99B 334 344 344 344 344 444 444 444 444 444 444 444 444 444 444 444 444 444 444 444 444 444 444 444 444 444 444 444 444 444 444 444 444 444 444 344 334 334 334 344 344 444 444 444 444 444 444 444 444 334 334 434 334 334 334 334 434 334 334 334 334 334 334 334 334 334 444 444 444 444 444 444 444 444 444 444 444 444 444 444 233 112 444 444 444 444 444 444 EEE 99A 111 223 223 122 122 223 223 112 223 223 223 223 223 333 112 012 223 113 123 234 123 123 123 223 123 344 234 334 344 344 444 444 444 444 444 344 444 444 334 024 013 014 003 003 003 023 134 134 234 444 113 014 014 004 003 003 003 003 003 014 003 014 013 113 013 013 113 123 013 003 013 124 134 123 124 124 123 013 003 89A DDE 013 013 123 123 013 223 123 012 012 013 012 012 012 002 001 001 116 117 116 237 68B 348 115 
BBD BCD BCD CDE BCD 9AB 344 444 444 444 444 444 444 444 444 444 444 444 444 444 444 444 444 444 444 344 444 444 444 444 444 444 444 444 444 444 444 444 444 444 334 334 333 333 334 334 444 444 444 444 444 444 444 444 444 344 334 434 434 334 334 434 434 434 334 334 334 334 334 334 334 434 444 444 334 334 334 444 444 444 444 444 444 444 444 444 222 112 344 444 444 333 333 223 DDE 999 222 223 223 112 112 223 223 123 122 223 223 112 112 223 234 123 012 013 113 223 123 123 123 233 013 334 123 234 334 234 444 444 444 444 444 444 444 444 334 013 013 014 003 003 003 013 024 024 014 344 224 014 014 003 004 003 014 014 003 003 004 013 124 124 013 013 224 013 013 013 013 013 124 123 123 123 123 013 003 89A DDE 113 123 123 123 013 123 123 012 012 012 012 012 012 002 001 001 115 117 116 127 57A 358 026 
BCD ABD BBD BCD BCD 9AB 444 444 444 444 444 444 444 444 444 444 444 444 444 444 444 444 444 444 444 444 444 444 444 444 444 444 444 444 444 444 444 444 344 334 333 233 223 333 334 344 444 444 444 444 444 444 444 444 444 334 334 334 444 344 334 434 444 444 334 334 334 334 334 334 334 334 334 334 233 233 334 344 444 444 444 444 444 444 444 334 122 112 334 334 223 112 222 223 DDD 999 112 112 122 122 123 223 223 222 112 123 223 122 334 334 233 123 013 113 123 013 013 023 113 224 013 234 123 124 334 234 334 444 444 444 444 444 444 444 223 013 013 014 003 003 013 013 024 124 013 234 334 013 014 003 003 003 014 003 003 003 014 013 124 123 013 013 123 123 013 013 113 113 124 123 123 123 124 013 003 889 DEE 123 123 123 113 113 123 134 113 002 012 012 012 012 002 001 001 015 116 116 126 469 579 126 
BBD ABD CDE BCD CCE ABC 444 444 344 344 344 444 444 444 444 444 444 444 444 444 444 444 444 444 444 444 444 444 444 444 444 444 444 444 444 444 444 344 344 334 233 223 223 333 334 444 444 444 444 444 444 444 444 444 444 334 334 334 444 444 444 444 444 434 434 434 334 334 334 334 334 334 334 223 333 344 344 344 444 444 344 344 444 444 444 334 112 012 122 112 112 223 122 122 DDD 999 012 122 122 122 122 223 233 223 223 123 122 123 334 233 334 334 012 012 013 013 013 013 013 223 013 113 113 123 234 234 234 444 444 444 444 344 444 444 223 002 003 013 003 013 013 013 024 013 013 113 444 113 003 003 004 003 013 013 003 013 013 024 024 124 124 003 124 113 013 113 112 113 124 133 123 123 123 113 002 889 DEE 123 013 123 123 113 013 123 013 002 012 012 012 012 002 001 001 015 116 116 116 348 57A 237 
BBD BBD CDE BCD ABD ABC 444 344 344 344 344 344 444 444 444 444 444 444 444 444 444 444 444 444 444 444 444 444 444 444 444 444 444 444 444 444 444 444 334 344 334 333 333 334 444 444 444 444 444 444 444 444 444 444 444 444 334 344 344 444 444 444 444 434 434 434 434 334 334 334 334 334 334 334 334 444 444 444 444 444 344 344 444 344 334 112 112 122 122 223 112 112 112 112 DDD 999 112 123 122 112 223 334 334 233 012 012 112 112 234 233 444 334 012 002 012 013 012 012 013 123 013 013 003 123 234 234 234 344 344 444 444 334 334 334 233 001 002 003 003 013 013 003 023 013 113 013 224 013 003 003 003 003 014 013 003 013 013 013 024 123 013 003 013 113 113 223 113 013 123 133 123 123 123 123 002 889 DDE 123 013 123 123 113 013 123 113 002 012 012 012 012 002 001 001 015 016 115 015 237 579 358 
CDE BCD ABC ABD BCD BCC 444 344 444 444 444 444 444 444 444 444 444 444 444 444 444 444 444 444 444 444 444 444 444 444 444 444 444 444 444 444 444 444 444 334 444 444 444 444 444 444 444 444 444 444 444 444 444 444 444 334 334 344 444 344 344 444 444 444 434 434 434 334 334 334 334 334 334 334 434 334 334 444 444 444 344 333 223 223 112 011 112 112 123 123 122 123 112 112 DDE 899 001 112 112 123 234 233 223 012 012 012 122 112 223 223 334 334 123 012 112 012 012 012 123 012 002 013 003 013 234 233 233 233 334 234 234 234 234 234 234 012 002 002 013 013 013 013 013 013 234 013 013 014 003 003 003 003 013 013 003 013 014 013 013 013 013 003 013 123 123 123 113 013 123 133 123 123 123 123 002 889 DDE 123 013 013 123 113 013 123 113 002 012 012 012 002 002 001 002 005 015 115 014 126 469 469 
BCD BBD 9BC AAC CDE BCD 444 344 444 444 444 444 444 444 444 444 444 444 444 444 444 444 444 444 444 444 444 444 444 444 444 444 444 444 444 444 444 444 444 444 334 444 444 444 444 444 444 444 444 444 444 344 344 344 344 344 344 344 444 344 344 434 444 444 444 434 434 334 334 334 334 334 334 334 334 334 334 334 334 223 122 112 112 112 112 112 112 112 112 112 122 112 112 122 DDE 999 011 112 112 122 123 112 334 123 012 012 123 112 223 223 334 334 223 012 112 123 113 013 113 012 002 002 012 013 234 233 123 123 013 012 013 013 013 013 113 123 002 002 013 013 013 013 013 123 224 013 013 114 003 003 003 003 013 013 003 013 013 013 003 003 013 013 013 123 113 123 113 013 013 133 123 123 123 123 002 889 DDE 123 013 013 123 123 012 013 012 001 002 012 002 002 002 001 002 004 004 115 014 125 358 469 
BBC ABC 9AC BBC CCE BBC 444 444 444 444 444 444 444 444 444 444 444 444 444 444 444 444 444 444 444 444 444 444 444 444 444 444 444 444 444 444 444 444 444 444 444 444 444 444 444 444 444 444 444 444 344 344 344 344 344 344 344 344 344 344 344 434 444 444 444 434 434 334 334 334 334 334 434 434 333 222 222 112 112 112 112 112 122 233 333 122 122 112 112 222 112 122 233 334 EEE 999 001 122 112 112 223 222 434 233 012 012 122 122 123 223 334 434 233 112 012 123 012 112 002 002 002 012 123 123 113 002 002 002 002 002 002 002 002 013 013 013 002 002 012 013 013 013 013 123 013 013 013 124 003 003 003 003 013 013 003 003 013 003 003 003 013 013 013 113 113 123 113 013 013 123 123 123 123 123 002 889 DDE 113 013 012 113 113 012 012 012 001 002 012 012 012 002 001 001 014 004 014 004 115 248 369 
BCD ABC 9AB ABC EEE CCD 444 444 444 444 444 334 444 444 444 444 444 444 444 444 444 444 444 444 444 444 444 444 444 444 444 444 444 444 444 444 444 444 444 444 444 444 444 444 444 444 444 444 444 444 344 344 444 344 344 344 444 444 344 344 344 434 444 444 444 444 444 334 334 334 334 344 434 434 334 112 012 112 112 223 223 223 233 223 122 122 122 112 222 223 233 334 233 223 DEE 999 001 112 112 123 233 112 334 334 002 012 112 122 123 233 223 334 333 123 012 223 012 112 002 002 012 112 002 002 002 002 002 002 002 003 013 013 113 123 123 124 013 002 002 013 013 013 012 124 013 013 013 123 013 003 003 003 013 013 003 003 013 003 003 003 013 113 002 113 013 013 123 013 013 123 123 123 123 123 002 889 DDD 113 013 012 012 012 012 012 012 001 001 002 001 001 001 001 001 014 014 003 004 004 237 358 
ABC ABC BBC EEE FFF DDC 444 444 444 444 444 334 223 333 344 444 444 444 444 444 444 444 444 444 444 444 444 444 444 444 444 444 444 444 444 444 444 444 444 444 444 444 444 444 444 444 444 444 444 444 444 444 444 444 444 444 444 444 444 344 344 334 444 444 444 444 444 334 334 334 334 334 334 334 323 112 112 223 323 223 223 222 112 112 112 112 223 122 112 223 223 223 334 334 EEE 999 011 112 112 112 122 333 334 334 012 002 012 112 123 223 223 334 334 123 012 123 012 012 002 002 002 001 002 002 002 002 002 002 002 002 113 002 013 113 012 013 013 012 002 013 013 013 012 123 013 013 023 113 013 003 003 003 013 013 013 003 013 013 002 013 013 013 003 013 013 013 123 013 013 012 123 123 123 123 002 889 DDD 013 013 012 012 012 012 002 012 001 001 001 001 001 001 001 001 014 014 003 004 114 126 247 
EEF DDE EEE FFF FFF CCC 444 444 444 444 444 444 223 122 333 444 444 444 444 444 444 444 444 444 444 444 444 444 444 444 444 444 444 444 444 444 444 444 444 444 444 444 344 344 444 444 444 444 444 444 444 344 344 444 444 444 444 444 444 344 344 334 434 434 434 334 334 334 334 334 334 334 334 334 333 323 334 333 223 112 112 112 112 223 223 122 112 112 112 223 323 223 434 334 DDD 899 001 123 122 123 123 334 334 334 112 002 012 112 122 223 223 334 333 223 012 112 002 001 002 113 001 012 002 002 002 002 012 012 013 013 123 013 013 123 012 001 002 002 002 013 013 013 012 123 013 013 013 013 013 003 003 003 003 013 013 003 013 113 013 113 113 013 003 013 013 013 123 013 013 012 013 123 123 123 012 889 DDD 012 012 012 012 012 012 001 012 001 001 001 001 001 001 001 001 013 114 104 114 115 125 125 
BBC EEE EEE EEF EEF CCC 444 444 444 444 444 344 223 223 333 444 444 444 444 444 444 444 444 444 444 444 444 444 444 444 444 444 444 444 444 444 444 444 444 444 444 444 344 444 344 344 444 444 444 444 444 444 444 444 444 444 444 334 344 344 344 334 334 334 334 334 334 334 434 334 334 334 334 334 223 223 222 112 112 112 223 123 223 223 112 112 112 112 112 333 223 223 434 223 DDD 899 001 122 112 123 112 334 334 334 112 002 012 112 112 223 223 444 444 223 112 001 001 001 012 012 012 012 001 001 002 012 012 012 012 013 123 123 123 123 123 002 012 002 001 013 002 012 013 113 013 002 002 002 013 013 003 003 003 013 013 003 013 013 013 013 013 013 013 013 012 002 113 013 013 013 013 012 123 123 012 889 DDD 012 012 012 012 012 012 001 012 001 001 001 001 001 001 001 001 114 114 104 114 114 115 125 
BBD EEF EEE EEF EEF CCD 444 444 444 444 444 333 222 223 223 444 444 444 444 444 444 444 444 444 444 444 444 444 444 444 444 444 444 444 444 444 444 444 444 444 444 444 344 344 344 444 444 444 444 444 444 444 444 444 444 444 444 444 344 444 344 344 334 334 334 334 334 334 334 334 334 334 334 222 112 223 223 223 122 233 233 233 334 334 112 112 112 112 112 333 223 223 334 112 DDE 899 001 112 112 112 112 234 334 334 123 002 002 112 112 223 223 334 444 223 112 001 001 001 001 012 012 001 001 002 012 012 012 012 002 012 123 123 123 123 123 013 123 013 001 012 012 002 013 123 123 012 002 002 013 013 003 003 003 013 113 002 013 013 013 013 013 013 002 013 012 002 013 013 013 012 013 012 013 123 012 889 DDD 012 012 012 002 001 012 001 012 001 001 001 001 001 001 001 001 114 114 104 014 115 115 126 
AAC CCE DDF DDE EEF CCC 444 444 444 444 444 333 223 223 334 444 444 444 444 444 444 444 444 444 444 444 444 444 444 444 444 444 444 444 444 444 444 444 444 444 444 444 344 344 344 344 444 444 444 444 334 334 344 344 344 344 344 444 344 334 334 334 334 334 334 334 334 334 334 334 323 333 323 112 112 112 223 334 334 334 334 334 334 334 112 011 012 112 012 223 223 223 223 112 DDE 899 001 112 112 112 223 334 334 334 223 002 012 112 112 223 223 334 333 223 112 001 001 001 001 001 001 001 001 012 012 012 012 012 002 012 012 123 123 123 123 113 123 113 001 002 012 002 013 123 123 012 002 002 012 013 003 003 003 002 013 013 002 013 013 013 113 012 002 013 012 002 013 012 012 002 002 002 012 123 012 899 DDD 012 012 012 002 001 001 001 001 001 001 001 001 001 001 000 001 114 114 103 104 115 115 125 
89A 9AB DDE EDE DEE CCC 333 333 444 333 333 334 223 223 444 444 444 444 444 444 444 444 444 444 444 333 334 444 444 444 444 444 444 444 444 444 444 444 444 444 344 444 344 344 344 344 444 334 334 333 233 344 344 344 344 344 344 444 344 334 334 334 334 334 334 334 444 223 223 323 223 323 333 122 112 223 233 334 334 334 334 334 223 112 112 112 012 112 012 122 122 223 223 112 DDD 889 001 012 112 012 012 123 334 334 223 012 012 012 112 122 223 323 223 122 112 001 001 001 001 001 001 001 002 012 012 012 012 012 012 012 012 122 112 123 123 123 123 123 012 002 012 002 013 013 123 012 002 002 002 013 002 003 003 002 002 013 002 002 013 002 002 002 002 012 002 002 012 012 002 002 012 002 012 112 012 899 DDD 012 012 012 002 001 001 001 001 001 001 001 001 001 000 000 000 113 114 013 013 015 015 125 
89A BCD EEF EEF EEF ABC 223 223 223 233 223 222 223 334 333 444 444 444 444 444 444 444 444 334 333 333 444 444 444 444 444 444 444 444 444 444 444 444 444 444 334 444 444 444 344 344 444 344 334 334 344 444 344 344 344 344 344 344 344 344 334 223 334 334 223 223 334 112 112 223 334 334 334 323 334 334 334 334 334 334 334 223 112 112 112 112 112 112 012 012 011 123 112 011 DDD 889 001 011 112 011 112 122 334 334 223 012 012 001 112 112 223 223 112 112 112 001 001 001 001 001 001 001 001 012 012 001 012 012 012 012 012 112 002 123 012 123 123 123 012 002 012 002 012 013 123 012 002 002 012 012 012 002 002 013 002 002 002 002 002 002 002 012 012 012 002 002 002 002 002 002 002 002 002 002 001 999 DDD 012 002 012 002 001 001 001 001 112 001 001 001 001 001 000 001 102 114 114 313 213 114 114 
CCD DDE EEF EEE DEF 99A 223 223 223 222 223 223 223 223 344 444 444 444 444 444 444 444 444 444 334 444 444 444 444 444 444 444 444 444 444 444 444 444 444 444 444 444 444 444 444 344 444 444 444 444 444 444 344 344 444 344 344 334 334 344 334 123 334 333 222 222 223 112 112 334 334 334 334 334 334 334 334 334 334 334 223 112 112 223 223 112 012 112 012 012 012 112 112 011 DDD 889 001 011 112 012 012 112 334 334 223 012 012 001 112 112 223 223 112 012 002 001 001 001 001 001 001 001 001 012 012 001 001 012 002 002 012 012 001 123 002 112 123 123 012 001 012 002 001 012 123 123 012 013 012 012 012 002 002 012 012 002 002 012 013 002 012 012 012 002 002 002 002 002 002 002 002 012 002 002 001 889 DDD 012 002 012 002 001 001 001 012 123 112 001 001 001 001 001 001 003 013 544 C85 433 003 114 
DDE BBD DDE BBC AAC 88A 223 223 223 233 223 223 223 333 444 444 334 334 223 444 444 444 444 444 444 444 444 444 444 444 444 444 444 444 444 444 444 444 444 444 444 444 444 444 344 344 344 344 344 344 444 344 344 344 444 444 344 334 334 344 233 123 223 233 223 223 233 112 112 334 334 334 334 334 334 334 334 334 334 334 323 223 323 334 223 012 012 112 012 012 012 112 223 012 DDD 889 001 001 112 112 012 112 334 334 234 002 012 001 012 112 112 122 112 001 001 001 001 001 001 001 001 001 001 001 012 001 001 012 001 012 012 123 001 123 012 112 123 113 112 001 012 001 001 012 123 123 012 013 012 012 012 002 002 012 012 012 012 012 113 013 012 012 002 002 002 002 002 002 002 002 002 012 002 002 001 889 DDD 012 002 002 001 001 001 001 012 122 112 001 001 001 001 001 001 002 013 103 744 213 004 014 
CCD 88A ABC AAC 88A 668 223 223 223 333 333 333 223 233 333 223 223 223 333 444 444 444 444 444 444 444 444 444 444 444 444 444 444 444 444 444 444 444 444 444 444 444 444 344 344 344 344 344 344 344 344 344 344 344 444 444 344 334 334 344 223 223 223 233 223 223 233 112 112 323 334 334 334 334 334 334 334 334 334 334 334 334 334 334 123 012 012 012 012 012 012 002 123 112 DDD 888 001 001 012 001 012 012 223 223 223 001 012 002 012 112 112 012 001 001 001 001 001 001 001 011 001 001 001 001 012 001 001 012 002 012 012 112 001 112 012 012 123 012 112 001 012 001 001 012 012 123 012 012 012 012 012 002 002 012 113 012 012 012 002 002 002 002 002 002 002 012 012 002 001 001 002 012 002 002 001 889 DDD 002 002 001 001 001 001 001 002 112 122 001 001 001 001 001 001 012 013 104 003 013 003 114 
CCE CCD AAC AAC 9AB 889 223 223 223 223 333 233 223 223 223 223 223 223 233 444 444 444 444 444 444 444 444 444 444 444 444 444 444 444 444 444 444 444 444 444 444 444 444 344 344 344 344 344 344 344 344 344 344 344 344 444 344 334 334 334 223 123 123 223 223 223 223 112 112 333 334 334 334 334 334 334 334 334 334 334 334 334 334 223 112 012 012 012 012 012 012 001 012 112 DDD 888 001 001 012 001 012 001 223 223 223 001 012 001 001 112 012 012 001 001 001 001 001 001 001 001 001 001 001 001 012 001 001 011 001 001 001 001 001 001 001 001 112 012 123 001 001 012 001 012 123 112 001 012 012 012 012 002 002 002 012 012 002 002 002 002 001 001 002 012 002 002 001 002 002 002 002 012 002 002 001 889 DDD 002 001 001 001 001 001 001 001 012 122 012 001 001 001 001 001 013 012 013 114 124 014 114 
AAC BCD AAC 88A ABC 99A 222 223 333 223 222 223 223 333 333 334 334 344 233 333 334 444 444 444 444 444 444 444 444 444 444 444 444 444 444 444 444 444 444 444 444 444 444 344 344 344 344 344 344 344 344 344 344 344 344 344 334 334 334 334 223 112 223 223 223 223 223 112 112 323 334 334 334 334 334 334 334 334 223 233 334 323 334 223 112 012 012 012 002 012 012 001 001 123 EEE 888 001 001 011 001 002 001 112 112 112 001 012 001 001 012 012 012 001 001 001 001 001 001 001 001 001 001 011 001 012 001 000 001 001 001 001 011 012 001 001 012 002 001 012 011 001 012 012 011 123 123 012 012 011 001 012 012 002 002 002 002 002 002 002 002 012 012 002 001 001 002 002 002 012 012 001 002 002 001 001 889 DDD 012 001 001 001 001 001 001 001 001 112 012 001 001 001 001 001 113 013 014 114 225 114 114 
88A 99B 88A AAB 99A 567 222 222 333 333 223 223 223 223 334 444 444 444 333 122 223 444 444 444 444 444 444 444 444 444 444 444 444 444 444 344 444 444 444 444 444 444 444 344 344 344 344 344 344 344 344 344 344 344 344 334 334 334 334 334 223 112 223 223 223 223 233 112 112 223 334 334 334 333 333 334 334 334 223 112 112 112 223 223 012 012 012 012 001 012 012 001 012 123 DDE 889 001 001 001 001 001 001 001 001 001 001 012 011 001 011 012 012 001 001 001 001 001 001 001 001 001 001 011 001 011 001 001 001 012 012 001 012 012 012 012 012 012 001 001 001 011 001 012 001 112 122 012 001 112 001 012 012 001 002 002 002 002 012 012 012 012 001 001 001 001 012 002 001 012 012 002 002 002 001 001 889 DDD 001 001 001 001 001 001 001 001 001 001 012 001 001 001 001 000 003 114 125 013 114 014 114 
779 78A 77A AAC 668 558 223 222 222 222 222 223 223 223 333 333 334 333 233 112 233 444 444 444 444 444 444 444 444 444 444 444 444 444 444 344 344 344 344 444 444 444 334 334 344 344 344 344 344 344 344 344 344 344 334 334 233 223 334 334 223 112 123 223 223 223 233 112 112 334 334 334 334 334 334 334 334 334 223 112 112 112 112 112 012 012 012 012 001 012 012 001 012 012 DDD 889 001 001 001 001 001 011 001 001 001 001 012 011 001 001 011 112 001 001 012 001 001 001 000 001 001 001 001 001 001 012 011 001 001 001 001 001 001 001 002 002 002 002 001 001 001 012 012 001 012 012 112 001 011 001 012 001 001 101 111 111 112 112 012 002 002 002 012 002 012 001 002 002 002 012 012 001 002 001 012 899 DDD 012 001 001 001 001 001 001 001 001 001 001 001 001 001 001 000 003 125 125 003 003 103 013 
568 679 668 9AB 669 558 122 223 223 223 223 222 223 223 223 223 223 333 223 112 233 334 444 444 444 444 444 444 444 444 444 444 444 444 444 444 344 444 344 333 334 334 223 334 344 344 344 344 344 344 344 444 444 334 334 334 334 223 122 223 223 112 123 223 112 223 223 223 123 334 334 334 334 334 334 334 334 334 334 223 112 112 112 112 012 012 012 012 002 012 012 001 012 012 DDD 889 001 001 001 001 001 012 001 001 012 112 012 011 001 001 011 011 001 001 001 001 001 001 001 001 001 001 001 000 001 011 001 001 001 001 001 001 001 001 001 001 001 002 001 001 011 012 001 001 011 012 112 011 001 001 001 001 001 012 012 112 012 001 001 002 002 001 012 001 012 012 001 002 002 012 012 001 002 001 001 899 DDD 112 001 001 001 001 001 001 001 001 001 001 001 001 001 001 001 003 114 104 003 104 103 004 
669 78A 77A 789 77A 568 122 223 223 123 222 223 122 122 223 233 223 334 223 112 223 444 444 444 444 444 444 444 444 444 444 444 444 444 444 344 344 444 344 334 233 223 334 444 344 344 344 344 344 344 344 334 344 333 334 334 233 223 122 223 122 112 123 223 112 223 223 223 122 223 223 334 334 334 334 334 334 334 223 112 112 112 112 112 012 012 012 012 002 012 012 001 002 002 DDD 899 001 001 001 001 001 001 001 112 112 112 012 011 001 001 011 011 001 001 001 001 001 001 001 001 001 001 001 001 001 001 001 001 001 001 001 001 001 001 001 001 001 001 001 001 011 011 001 001 001 112 012 012 001 012 001 001 012 012 011 001 001 001 001 001 001 002 012 012 012 012 001 001 002 012 012 002 001 001 001 899 DDD 012 001 001 001 001 001 001 001 001 001 001 001 001 001 001 001 003 114 104 003 004 104 004 
679 88A CCE AAC 77A 568 223 122 122 123 112 112 112 223 223 223 233 233 223 122 223 333 333 344 444 444 444 444 444 444 444 444 444 444 444 344 444 444 444 444 344 334 344 344 344 334 344 444 444 333 233 223 334 233 123 223 233 222 122 223 223 112 123 122 112 112 123 123 112 223 223 334 334 334 334 334 334 334 334 334 112 112 112 012 012 012 012 012 002 012 012 001 001 012 DDD 899 001 001 001 001 001 001 011 112 112 012 012 011 001 001 001 001 001 001 001 000 000 000 001 001 000 000 001 001 001 001 001 000 001 001 001 001 001 001 001 001 001 011 001 001 001 001 011 001 001 112 012 112 001 011 012 001 001 001 001 001 001 001 001 001 001 002 012 012 012 012 001 001 001 012 012 002 001 001 001 889 DDD 001 001 001 001 001 001 001 001 001 001 001 000 000 001 001 001 003 114 014 004 004 104 004 
468 568 99B 78A 569 457 112 122 122 122 112 112 112 222 223 223 223 112 112 223 333 333 444 344 444 444 444 444 444 444 444 444 444 444 444 334 334 444 444 344 334 334 344 334 334 334 334 334 333 223 223 223 223 223 122 122 223 223 122 223 123 112 122 112 112 112 112 112 112 223 223 334 334 334 334 334 334 334 444 334 223 112 112 012 012 012 012 012 002 012 012 001 002 012 DDD 899 001 001 001 001 001 001 001 112 012 012 012 001 001 001 001 001 001 001 001 000 000 000 000 000 000 000 001 001 001 001 000 001 001 001 001 001 001 001 001 001 001 001 011 001 001 001 012 001 001 012 012 112 001 011 011 001 001 001 012 011 001 001 012 001 001 001 001 001 012 012 001 001 001 012 012 002 001 001 001 889 DDD 001 001 001 001 001 001 001 001 111 001 001 001 001 001 001 001 003 014 014 004 004 004 004 
568 468 77A 568 67A 457 112 112 112 122 122 222 122 223 223 223 223 122 112 122 333 334 444 444 444 444 444 444 444 444 344 334 334 334 233 223 334 344 344 344 334 334 334 223 333 334 223 223 223 223 122 122 223 223 223 112 122 223 223 223 112 112 112 112 112 112 112 012 112 223 122 334 334 334 334 334 334 334 434 334 223 112 112 012 012 012 012 012 012 012 012 001 001 002 DDD 899 001 001 001 001 001 001 001 112 012 001 001 001 001 001 001 001 001 001 001 001 000 001 000 000 001 001 001 001 001 000 001 001 001 001 001 001 001 001 001 001 001 001 001 001 001 001 012 011 001 012 012 112 011 001 001 001 001 012 012 001 001 011 012 012 001 001 001 001 012 012 012 001 001 001 001 012 001 001 001 889 DDD 001 001 001 011 111 111 101 001 211 211 001 001 001 001 001 001 013 014 014 004 004 015 014 
468 569 458 468 569 457 112 112 112 122 223 222 223 444 334 333 223 223 122 223 233 334 334 334 333 333 444 444 444 344 334 334 334 223 223 334 344 344 344 344 334 334 334 334 334 444 333 223 223 333 223 223 112 112 223 122 112 112 122 112 001 112 112 112 112 223 234 012 112 223 112 223 334 324 334 334 334 334 334 333 112 012 012 012 012 012 012 012 002 012 002 001 001 001 DDD 899 001 001 001 001 001 001 001 001 001 001 001 001 000 001 001 001 000 001 001 001 000 001 000 000 001 001 001 001 001 001 001 001 001 001 001 001 001 001 001 001 001 001 011 001 001 001 001 011 001 011 012 112 011 001 001 001 001 011 011 001 001 001 012 011 001 001 001 001 012 012 012 001 002 001 001 012 002 002 001 889 DDD 001 001 001 001 011 211 321 001 111 111 001 001 001 001 001 001 004 014 115 004 115 126 015 
458 458 458 458 458 457 122 112 122 112 223 112 112 233 334 444 334 223 122 122 122 122 223 223 233 334 344 344 344 344 344 444 444 334 334 444 344 444 334 334 334 334 344 444 334 233 223 223 223 223 112 112 112 122 223 122 112 112 223 112 011 112 112 112 112 223 234 012 112 223 112 112 323 333 334 334 334 334 334 233 012 012 012 012 002 012 012 012 001 012 002 001 001 001 DDD 889 001 012 001 001 001 001 001 001 001 001 001 001 000 112 011 011 000 001 001 001 000 001 001 000 001 001 001 000 000 001 001 001 001 001 001 001 001 001 001 001 001 001 012 011 001 011 001 011 001 011 012 012 012 001 001 001 001 001 001 001 001 001 011 012 011 001 001 001 012 012 012 001 001 001 001 001 001 002 001 889 DDD 001 001 001 001 011 001 211 211 001 001 001 001 001 001 001 001 004 115 115 004 015 127 016 
458 458 358 458 447 457 112 112 122 112 122 223 122 122 233 434 334 223 223 112 223 122 233 223 223 344 444 344 344 444 444 444 444 444 444 444 444 344 344 444 444 444 444 333 223 223 223 333 223 223 233 223 122 112 112 112 112 112 112 112 012 123 012 012 112 123 234 012 112 123 112 112 223 333 333 334 334 334 333 223 012 012 012 012 012 012 012 001 001 001 001 001 001 001 DDD 889 000 011 011 001 001 001 001 000 001 001 001 001 000 111 001 001 001 001 001 001 001 001 001 001 001 001 001 000 001 001 001 001 001 001 001 001 011 001 001 001 001 001 011 012 001 011 011 011 001 001 011 012 112 001 001 001 001 001 001 001 001 001 112 012 012 001 001 001 012 012 001 001 001 001 001 001 001 002 001 889 DDD 001 001 001 001 011 001 001 001 001 001 001 001 001 001 001 001 104 116 127 015 004 127 027 
458 458 458 347 569 568 112 112 112 112 122 123 123 123 223 333 223 112 112 112 223 334 334 444 344 444 444 344 444 444 444 444 444 444 444 444 334 344 444 444 444 334 334 122 122 223 122 223 334 223 223 223 122 112 112 112 112 012 112 012 012 123 012 012 112 123 223 012 112 012 012 112 223 334 223 334 223 334 223 123 012 012 012 012 012 002 001 012 112 002 002 001 001 001 DDD 889 000 011 112 001 001 001 001 001 011 001 001 001 000 001 001 001 001 001 001 001 001 001 001 001 001 001 000 000 001 001 001 001 001 001 001 001 011 011 001 001 001 001 011 012 001 011 001 011 001 001 011 001 012 001 001 001 001 001 001 001 001 001 012 012 012 001 001 001 001 012 001 001 001 001 001 001 012 012 002 899 DDD 001 001 001 001 001 001 001 001 001 001 001 001 001 001 001 001 004 016 237 126 004 015 126 
458 458 569 458 347 457 112 012 112 112 112 122 122 112 222 223 223 112 112 112 223 223 334 444 444 444 444 444 444 444 444 444 444 344 344 334 334 344 444 344 344 334 333 223 123 233 223 122 122 112 112 112 112 112 112 112 112 012 012 001 012 123 012 012 112 112 223 001 001 001 012 112 223 223 112 223 122 112 223 123 012 012 012 012 012 001 001 012 012 012 012 012 001 001 DDD 889 000 011 012 001 011 001 001 001 001 001 001 001 000 001 001 001 001 001 001 001 001 000 001 001 001 001 001 001 001 001 001 001 001 001 001 001 001 012 001 001 001 001 001 112 001 011 001 011 001 001 001 001 001 001 001 001 001 001 001 001 001 001 012 012 012 001 001 001 001 011 001 001 001 001 001 001 012 012 002 899 DDD 001 001 001 001 001 001 001 001 001 001 001 001 001 001 001 001 116 138 137 137 005 015 016 
347 347 458 358 246 347 112 012 012 112 122 122 112 112 112 112 112 112 112 112 122 112 233 334 444 444 444 444 444 334 444 444 444 334 334 334 334 334 333 223 334 334 334 223 122 223 112 112 112 112 112 112 112 112 122 112 123 012 011 001 012 112 001 001 112 112 123 001 001 122 112 112 223 223 112 012 112 112 112 012 012 012 012 012 012 012 001 012 012 012 012 012 112 001 DDD 889 000 011 012 001 012 001 001 001 001 001 001 001 001 001 001 001 001 001 001 001 001 000 001 001 001 000 001 001 001 001 001 001 001 001 001 001 001 112 011 001 000 001 001 011 001 001 011 011 001 001 001 001 001 001 001 001 001 001 001 001 001 001 011 001 011 001 001 001 001 001 001 001 001 001 001 001 001 012 001 889 DDD 001 001 001 001 001 002 001 001 001 001 001 001 001 001 001 001 137 25A 127 238 016 015 016 
247 347 358 136 347 347 112 112 112 112 122 122 122 112 112 112 112 112 112 112 112 122 122 223 334 444 444 444 233 223 444 344 344 334 334 334 334 233 223 223 334 334 334 223 223 223 223 123 112 112 112 112 112 112 112 112 112 011 001 001 002 012 001 001 002 001 001 001 001 112 112 112 112 112 112 012 012 112 112 012 012 012 001 001 001 002 002 012 012 012 002 012 001 001 DDD 889 000 001 001 012 001 001 001 001 001 001 001 001 001 001 001 001 001 001 001 001 001 000 001 001 001 000 001 001 001 001 001 001 001 001 001 001 001 011 112 001 000 001 001 111 001 001 011 011 001 001 001 001 001 001 001 001 001 001 001 001 001 001 011 001 001 001 001 001 001 001 001 001 001 001 001 001 001 001 001 889 DDD 001 001 001 001 001 002 001 001 001 001 002 002 002 001 001 001 126 25A 016 027 015 015 016 
248 348 347 247 358 346 112 112 112 112 112 112 112 112 112 112 112 112 112 112 112 112 122 223 233 223 334 233 122 223 444 444 444 444 444 334 334 334 223 223 334 334 334 334 333 223 223 112 112 112 112 012 012 112 112 012 001 001 001 001 001 001 001 001 002 001 001 001 001 112 012 012 112 112 112 112 012 001 001 001 012 012 011 012 001 001 002 001 001 002 012 012 001 001 DDD 889 000 001 012 001 001 001 001 001 000 001 001 001 001 001 001 001 001 001 001 001 001 001 001 001 001 000 000 001 001 001 000 001 001 001 001 001 001 011 111 111 001 001 001 111 011 001 011 011 001 001 001 001 001 001 001 001 001 001 001 001 001 001 011 001 001 011 001 001 001 001 001 001 001 001 001 001 001 001 001 889 DDD 002 001 001 001 001 001 001 001 002 002 002 002 002 001 001 001 005 027 006 016 015 005 116 
347 348 247 247 247 346 112 112 012 112 112 112 112 112 112 012 012 112 112 112 112 112 333 223 112 112 122 122 112 112 333 334 444 444 334 334 333 223 223 333 334 223 122 223 223 223 112 112 112 112 112 012 012 012 012 012 012 001 001 001 002 001 001 001 012 001 001 001 001 112 001 012 112 112 112 122 112 012 001 001 012 001 001 012 001 001 002 001 001 012 113 002 001 011 DDD 889 000 001 001 001 001 001 001 001 000 001 001 001 001 000 001 001 001 001 001 001 001 001 001 001 001 001 000 001 001 001 001 001 001 001 001 011 001 001 111 111 111 000 000 001 011 001 011 011 001 001 001 001 001 001 001 001 001 001 001 001 001 001 001 111 001 001 001 001 001 001 001 001 001 001 001 001 001 001 001 889 DDD 012 001 001 001 001 001 001 001 001 002 002 002 001 001 001 002 004 016 016 016 016 005 016 
247 247 237 247 236 236 112 112 012 012 012 112 001 001 001 001 012 112 112 112 012 112 112 122 112 112 012 011 012 002 012 122 233 444 334 223 223 222 223 334 334 334 112 012 112 012 112 112 112 112 012 012 012 012 011 001 012 001 001 001 112 012 001 001 002 001 001 001 001 011 001 001 001 112 112 223 112 001 001 001 012 012 001 001 001 001 002 002 001 012 113 002 001 001 DDD 888 000 012 001 001 001 001 001 001 000 001 001 001 001 001 001 001 001 001 001 001 001 001 001 001 011 001 000 001 001 001 001 001 001 001 011 011 011 001 111 111 111 001 000 001 001 001 011 001 001 001 001 001 001 001 001 001 001 001 001 001 001 001 001 001 001 001 001 001 001 001 001 001 001 001 001 001 001 001 001 889 DDE 012 001 001 001 001 001 001 002 002 002 001 002 001 001 001 002 005 016 016 015 016 006 016 
137 137 136 237 237 236 012 012 112 112 112 112 667 BBB BBB 667 112 112 112 566 AAB BBC 889 223 122 122 223 788 BBB BBB 888 223 223 334 777 99A AAA AAA 888 445 334 445 889 999 999 999 344 012 112 112 012 001 001 001 001 001 001 001 001 001 112 012 001 001 001 001 001 001 001 001 001 001 001 001 012 112 001 001 001 001 012 012 001 002 001 001 001 012 001 012 113 012 012 012 DDD 888 001 011 001 001 001 001 011 000 001 001 001 011 011 001 001 001 001 001 001 001 001 001 001 001 001 001 000 001 001 001 001 001 001 001 001 011 011 001 111 111 111 111 001 111 111 011 001 001 001 001 001 001 001 001 001 001 001 001 001 001 001 001 001 001 001 001 001 001 001 001 001 001 001 001 001 001 001 001 001 889 DDE 012 001 002 001 001 001 002 002 002 002 001 002 002 001 001 002 005 016 117 006 016 015 017 
136 136 136 136 237 236 012 012 012 012 001 677 FFF 999 99A FFF 777 001 667 FFF BBB 999 EEE CCD 334 334 DDD EEE 99A 99A EEE DDD 445 333 AAA FFF BBB BBB EEE DDD 444 556 FFF CDD BBB BBB 445 012 012 012 012 011 001 001 001 001 001 001 001 001 112 002 001 001 001 001 001 001 001 001 001 001 001 001 012 001 001 001 001 001 012 012 001 002 001 001 001 012 001 012 113 012 112 012 DDD 889 001 001 001 012 001 001 001 000 001 001 001 001 011 001 001 001 001 001 001 001 001 001 001 001 001 001 000 000 001 001 000 001 001 001 001 111 111 001 111 111 111 111 000 112 212 111 001 001 001 001 001 001 011 012 001 000 001 001 001 001 001 001 001 001 001 001 001 001 001 001 001 001 001 001 001 001 001 001 001 889 DDD 012 002 002 001 001 001 001 002 002 002 001 002 002 002 001 002 016 016 017 016 015 015 017 
136 036 136 136 136 136 012 012 012 012 001 BBB DDD 001 001 667 445 112 EEE BBB 011 001 445 BBB 344 AAA FFF 334 001 012 344 FFF AAA 223 AAA EEE 223 223 556 FFF 777 556 FFF 556 112 001 012 112 012 012 012 012 012 011 001 001 001 001 001 001 112 001 001 001 001 001 001 001 001 001 001 012 012 001 011 001 001 001 001 001 012 001 011 012 001 001 001 012 001 012 113 012 012 012 DDD 899 001 001 001 012 001 001 001 001 001 001 001 001 011 001 001 001 001 001 001 001 001 001 001 001 001 001 000 000 001 001 001 001 001 001 001 001 111 111 210 211 111 111 001 111 212 111 001 001 001 001 001 001 001 011 011 001 001 001 001 001 001 001 001 001 001 001 001 001 001 001 001 001 001 001 001 001 001 001 001 889 DDE 012 002 002 002 002 002 002 002 002 002 002 002 002 002 002 002 016 016 017 106 005 015 117 
036 036 136 136 136 135 012 011 011 012 001 778 FFF 999 334 011 001 445 FFF 667 112 122 112 112 122 DDD BBB 012 112 112 011 ABB DDE 112 999 EEF 223 112 667 FFF 666 555 FFF 777 334 334 112 012 012 012 012 012 012 012 001 001 001 001 001 001 012 001 001 001 001 001 001 001 001 001 001 012 012 001 001 001 001 001 001 001 001 001 011 012 001 001 001 012 001 001 112 002 001 012 DDD 889 001 012 001 112 001 001 001 001 000 001 001 001 001 001 001 001 001 001 001 001 001 001 001 001 001 001 001 000 001 001 001 001 000 001 001 000 111 211 210 221 211 111 111 111 111 111 001 001 001 001 001 001 001 011 012 001 001 001 001 001 001 001 001 001 001 001 001 001 001 001 001 001 001 001 001 001 001 001 001 889 DDD 002 002 002 002 002 002 002 002 002 002 002 002 002 002 002 002 016 016 107 107 115 015 117 
026 036 036 137 136 136 011 001 001 012 012 112 999 EEE FFF BBC 334 455 FFF 666 112 122 122 112 223 EEE AAA 112 112 112 001 899 EEF 112 889 FFF BBC BBC EEE BBB 223 445 FFF EEF EEE DDD 123 011 012 012 012 012 012 012 012 001 001 001 001 001 001 001 001 000 001 001 001 001 001 001 001 012 012 001 001 001 001 001 001 001 001 001 001 012 001 001 001 012 001 001 112 002 002 012 DDE 888 001 012 001 012 001 001 001 001 001 001 001 001 001 001 001 001 001 001 001 001 001 001 001 000 001 001 001 001 011 001 001 000 000 011 111 001 111 111 110 211 221 111 111 111 111 111 111 001 001 001 001 001 001 001 001 011 001 001 001 001 001 001 001 001 001 001 001 001 001 001 001 001 001 001 001 001 001 001 001 889 DDD 002 002 002 002 002 002 002 002 002 002 002 002 002 002 002 002 016 016 106 117 116 105 116 
026 026 137 247 136 025 001 001 001 001 011 001 001 223 556 EEE BBB 334 FFF 667 001 112 112 112 112 DEE BBB 112 223 123 001 AAA EEE 112 899 FFF 889 EEE DDD 223 223 445 FFF 778 455 334 012 012 011 012 012 012 012 001 011 001 001 001 001 001 001 000 000 001 001 001 001 001 001 001 001 012 012 001 001 001 001 001 001 001 001 001 001 012 001 001 001 012 001 001 012 001 001 012 DDD 889 001 012 001 012 012 001 001 001 001 001 001 001 001 001 001 001 001 001 001 001 001 001 001 000 001 001 001 001 001 001 001 000 000 001 111 001 111 111 111 211 321 221 111 111 111 111 011 001 001 001 000 001 001 001 001 001 001 001 001 001 001 001 001 001 001 001 001 001 001 001 001 001 001 001 001 001 001 001 001 889 DDD 001 001 002 002 002 002 002 002 002 002 002 002 002 002 002 002 117 107 016 017 127 105 116 
026 026 136 136 136 024 001 001 001 001 001 888 667 001 000 999 EEE 123 EEE AAB 001 001 334 ABB 233 AAA FFF 334 001 001 123 EEE AAA 001 889 EEE 223 667 FFF 667 001 445 FFF 556 001 001 001 012 012 001 001 012 012 001 001 001 001 001 001 001 001 001 001 001 001 001 001 001 001 001 001 012 012 001 001 001 001 001 001 001 001 001 001 012 001 001 011 012 001 001 012 001 112 112 DDD 889 001 012 001 001 012 001 001 001 001 001 001 001 001 001 001 000 001 001 001 001 001 001 001 001 001 001 001 000 001 001 000 000 000 001 111 001 101 111 001 110 211 211 211 111 111 111 001 001 001 001 000 000 000 001 001 012 001 001 001 001 001 001 001 001 001 001 001 001 001 001 001 001 001 001 001 001 001 001 001 889 DDD 002 001 002 002 002 002 002 002 002 002 002 002 002 002 002 002 117 218 016 117 127 115 117 
025 026 026 025 025 025 002 001 001 001 001 AAA FFF 667 566 EEE AAB 001 778 FFF 999 667 DDD DDE 223 334 EEE DDD 667 667 CDD EEE 223 001 899 FFF 223 012 AAB EEF 223 445 FFF ABB 889 889 556 001 012 001 001 012 002 001 001 001 001 001 001 001 001 001 001 001 001 001 001 001 001 001 001 012 011 001 001 001 001 001 001 001 001 011 001 012 001 001 001 012 001 001 012 001 012 011 DDD 889 000 012 001 001 011 001 001 001 001 001 001 001 001 001 001 000 001 001 001 001 001 001 001 001 000 001 001 001 001 001 001 000 001 001 111 011 001 111 111 001 111 110 211 111 111 001 000 001 001 001 000 000 001 001 001 012 001 001 001 001 001 001 001 001 001 001 001 001 001 001 001 001 001 001 001 001 001 001 001 889 DDD 002 001 001 002 002 002 002 002 002 002 003 002 002 002 002 002 756 857 116 016 127 116 117 
025 025 025 126 026 025 002 001 001 012 001 112 999 DDD DDD 99A 122 001 001 667 CCC DDD AAA 223 012 012 334 AAA DDD DDD AAA 344 012 001 566 AAA 112 001 334 BBB 566 233 AAB BBB BBC BBB 677 001 001 001 001 001 001 001 001 001 001 001 001 001 001 001 001 012 001 001 001 001 001 001 001 012 011 001 001 001 001 001 001 001 001 001 001 012 001 001 001 012 001 001 001 112 011 001 DDD 889 000 001 011 001 001 001 001 001 001 001 001 001 001 001 001 001 001 001 001 001 001 001 001 001 001 001 001 001 000 001 000 000 000 001 111 011 001 011 111 001 111 101 111 110 111 001 000 001 001 001 000 000 001 001 001 012 001 001 001 001 001 001 001 001 001 001 001 001 001 001 001 001 001 001 001 001 001 001 000 889 DDD 002 001 001 002 002 002 002 002 002 002 002 002 002 002 002 002 228 217 117 116 228 116 116 
015 025 025 036 136 025 001 001 001 001 011 001 001 001 001 001 001 001 001 001 001 011 001 001 002 012 012 012 112 112 012 112 122 012 001 001 001 112 122 001 011 012 001 001 011 001 001 012 001 001 001 001 001 001 001 001 001 001 001 001 000 000 001 001 001 001 001 001 001 001 001 012 011 001 001 001 001 001 001 001 001 001 001 012 001 001 001 012 001 000 001 112 001 001 DDD 889 000 001 001 001 001 001 001 001 001 001 001 001 001 001 001 001 001 001 001 001 001 001 001 001 000 001 001 001 000 001 001 000 000 000 011 011 001 001 111 001 111 001 001 100 111 011 000 000 001 001 001 000 001 001 001 011 011 001 001 001 001 001 001 001 001 001 001 001 001 001 001 001 001 001 001 001 001 001 000 888 DDD 002 001 002 002 002 002 002 002 002 002 002 002 002 002 002 002 129 119 117 116 128 116 216 
015 015 025 026 026 014 001 001 001 001 012 012 001 001 001 001 001 001 001 001 001 001 001 001 001 012 012 112 012 012 112 112 112 012 001 011 011 012 001 001 011 012 011 001 001 011 012 012 012 001 001 001 001 001 001 001 001 001 001 001 000 000 001 001 001 001 001 001 001 001 001 012 001 001 001 001 001 001 001 001 001 001 001 012 001 001 012 011 001 001 001 001 001 001 DDD 889 001 001 001 001 001 001 001 001 001 001 001 001 001 001 000 001 001 001 001 001 001 001 001 001 000 001 001 001 000 001 001 000 001 000 001 011 011 011 112 001 001 001 001 000 000 001 001 001 001 001 001 000 001 001 001 011 012 001 001 001 001 001 001 001 001 001 001 001 001 001 001 001 001 001 001 000 001 001 000 888 DDD 002 002 002 002 002 002 002 002 002 002 002 002 002 002 002 003 129 119 118 116 228 117 117 
025 025 025 026 015 014 001 001 001 001 001 001 001 001 001 001 001 001 001 011 001 001 001 001 001 012 012 012 012 011 012 012 012 012 001 012 001 011 001 001 001 001 001 012 012 001 001 011 002 001 001 001 001 001 001 001 001 001 001 001 001 001 001 001 001 001 001 001 001 001 001 011 001 001 001 001 001 001 001 001 001 001 001 011 001 001 012 012 001 001 011 001 001 001 DDD 889 001 001 001 001 001 001 001 011 001 001 001 001 001 001 000 001 001 000 001 001 001 000 001 001 001 000 001 000 000 001 001 000 001 001 000 011 011 011 011 001 001 001 001 001 001 001 000 000 001 001 001 000 001 001 001 001 012 001 001 001 001 001 001 001 001 001 001 001 001 001 001 001 001 001 001 000 001 001 000 888 DDD 002 001 002 002 002 002 002 002 002 002 002 002 002 002 002 002 129 119 117 116 228 227 326 
025 025 025 015 015 014 001 001 001 001 001 001 001 001 001 001 001 001 001 001 001 012 001 001 001 011 011 012 002 001 012 012 011 012 001 012 001 001 001 001 001 001 001 112 112 001 001 001 001 001 001 001 001 001 001 001 001 001 001 001 001 001 001 001 001 001 001 001 001 001 001 001 001 001 001 001 001 001 001 001 001 001 001 011 000 001 012 011 001 011 001 001 001 011 DDD 889 001 001 001 001 001 001 001 111 001 001 001 000 001 001 000 001 001 000 000 000 001 001 001 001 001 001 001 000 000 001 001 000 001 000 000 001 001 001 001 001 001 001 001 001 001 011 001 000 001 001 001 001 001 001 001 001 011 001 001 001 001 001 001 001 001 001 001 001 001 001 001 001 001 001 001 001 001 001 000 888 DDD 002 002 002 002 002 002 002 002 002 002 002 002 002 002 002 002 129 119 117 016 237 546 755 
015 025 025 015 014 014 001 001 001 001 001 001 001 001 001 001 001 001 001 001 001 001 012 012 011 011 012 012 001 001 001 001 001 001 001 001 001 001 001 001 001 001 001 012 012 001 001 001 001 001 001 001 001 001 001 000 000 001 001 001 001 001 001 001 001 001 001 001 001 001 001 001 001 001 001 001 001 001 001 001 001 001 001 011 000 001 012 001 001 001 001 001 001 011 DDD 889 001 001 001 001 001 001 001 011 001 001 001 001 000 100 100 001 001 000 001 000 001 000 001 001 001 001 001 000 000 001 001 001 001 000 001 001 001 001 001 001 001 001 001 001 001 011 001 000 001 001 001 001 001 001 001 001 001 001 001 001 001 001 001 001 001 001 001 001 001 001 001 001 001 001 001 001 001 001 000 888 DDD 002 002 002 002 002 002 002 002 002 002 002 002 003 002 002 002 139 128 117 116 126 226 116 
014 014 015 015 014 014 001 001 001 001 001 001 001 001 001 001 001 001 001 001 001 001 012 012 012 012 012 012 001 001 001 001 001 001 001 001 001 001 001 001 001 001 001 001 001 001 001 001 001 001 001 001 001 001 001 000 001 001 001 001 001 001 001 001 001 001 001 001 001 001 001 001 001 001 001 001 001 001 001 001 001 001 001 011 000 001 001 001 011 001 012 001 001 012 DDD 889 001 001 001 001 001 001 000 001 001 001 001 000 100 110 100 000 001 001 011 001 001 001 001 001 001 001 001 001 000 000 001 001 000 000 001 001 001 001 001 001 001 001 001 001 001 111 001 000 000 001 001 001 001 001 001 001 001 001 001 001 001 001 001 001 001 001 001 001 001 001 001 001 001 001 001 001 001 001 000 888 DDD 002 002 002 001 001 002 002 002 002 002 002 002 003 002 002 002 138 128 017 016 016 127 127 
015 015 014 014 004 014 001 001 001 001 001 001 001 001 001 001 001 001 001 001 001 001 002 012 012 012 012 012 001 001 001 001 001 001 012 001 001 001 001 001 001 001 001 001 001 001 001 001 001 001 001 001 001 000 000 000 001 001 001 001 001 001 001 001 001 001 001 001 001 001 001 001 001 001 001 001 001 001 001 001 001 000 000 011 000 001 001 012 001 001 012 001 001 001 DDD 889 001 001 001 001 001 001 000 001 001 001 001 100 110 110 000 001 001 001 011 011 001 001 001 001 000 001 001 001 001 001 001 000 000 000 001 001 001 001 001 001 001 001 001 001 001 001 001 000 000 001 001 001 001 001 001 001 011 011 001 001 001 001 001 001 001 001 001 001 001 001 001 001 001 001 001 001 001 001 000 888 DDD 001 001 001 001 001 002 002 002 002 002 002 002 003 002 002 002 128 118 017 017 128 117 014 
015 015 014 004 004 014 001 001 001 001 001 001 001 001 001 001 001 001 001 001 001 001 001 001 002 012 001 001 001 001 001 001 001 001 001 001 001 001 001 001 001 001 001 001 001 001 001 001 001 001 001 001 000 000 000 000 001 001 001 001 001 001 001 001 001 001 001 001 001 001 001 001 001 001 001 001 001 001 001 001 001 001 001 001 000 001 011 001 001 001 011 001 001 001 DDD 888 001 001 001 001 001 001 000 011 001 001 001 100 110 100 000 000 001 001 011 011 001 001 001 001 001 001 001 001 001 001 001 001 000 000 001 001 001 001 001 001 001 001 001 000 001 001 001 001 000 001 001 001 001 001 001 001 011 012 001 001 001 001 001 001 001 001 001 001 001 001 001 001 001 001 001 001 001 001 000 889 DDD 001 001 001 001 001 002 002 002 002 002 002 002 002 002 002 002 016 018 018 129 117 005 014 
025 025 015 004 014 025 001 001 001 001 001 001 001 001 001 001 001 001 001 001 001 001 001 001 001 001 001 001 001 001 001 001 001 001 001 001 001 001 001 001 001 001 001 001 001 001 001 001 001 001 001 000 000 000 000 000 001 001 001 001 001 001 001 001 001 001 001 001 001 001 001 001 001 001 001 001 001 001 001 001 001 001 001 001 000 011 001 001 001 000 001 001 001 001 DDD 888 000 001 001 001 001 001 000 111 001 001 001 000 110 000 000 000 001 000 001 001 001 001 001 001 000 001 001 001 001 001 001 001 000 000 001 001 001 001 001 001 001 001 001 000 001 001 001 001 000 001 001 001 001 001 001 001 001 012 001 001 001 001 001 001 001 001 001 001 001 001 001 001 001 001 001 001 001 001 000 889 DDD 001 001 001 001 001 002 002 002 002 002 002 002 002 002 002 002 006 128 128 016 005 104 103 
026 015 015 014 014 025 001 001 001 001 001 001 001 001 001 001 001 001 001 001 001 001 001 001 001 001 001 001 001 001 001 001 001 001 001 001 001 001 001 001 001 001 001 001 001 001 001 001 001 001 000 000 000 000 000 000 001 001 000 001 001 001 001 001 001 001 001 001 001 001 001 001 001 001 001 001 001 001 001 001 001 001 000 001 001 011 001 001 001 000 001 001 001 001 DDD 888 000 001 001 001 001 001 001 011 011 001 001 001 000 000 001 000 001 000 001 001 001 001 001 000 000 001 001 001 001 001 001 000 000 000 001 001 001 001 001 001 001 001 001 000 001 001 001 001 000 001 001 001 001 001 001 001 001 001 001 001 001 001 001 001 001 001 001 001 001 001 001 001 001 001 001 001 001 001 000 889 DDD 001 001 001 001 001 001 001 002 002 002 002 002 002 002 001 002 127 017 016 005 004 104 003 
015 015 004 004 015 014 001 001 001 001 001 001 001 001 001 001 001 001 001 001 001 001 001 001 001 001 001 001 001 001 001 001 001 001 001 001 001 001 001 001 001 001 001 001 001 001 001 001 001 000 000 000 000 001 000 000 001 001 000 001 001 001 001 001 001 001 001 001 001 001 001 001 001 001 001 001 001 001 001 001 001 001 000 001 001 000 001 001 001 000 001 001 001 001 DDD 888 000 001 001 001 001 001 001 001 111 001 001 001 000 000 001 001 001 001 001 001 001 001 001 000 000 001 001 001 001 001 001 000 000 000 000 001 001 000 000 000 001 001 001 000 001 001 001 001 000 000 001 001 001 001 001 001 001 001 001 001 001 001 001 001 001 001 001 001 001 001 001 001 001 001 001 001 001 001 000 889 DDD 001 001 001 001 001 001 001 001 002 002 002 001 001 002 002 002 016 016 015 014 015 004 003 
004 004 004 004 004 004 001 001 001 001 001 001 001 001 001 001 001 001 001 001 001 001 001 001 001 001 001 001 001 001 001 001 001 001 001 001 001 001 001 001 001 001 001 001 001 001 001 001 000 000 000 001 000 001 000 000 000 001 001 001 001 001 001 001 001 001 001 000 001 001 001 001 001 001 001 001 001 001 001 001 001 001 001 001 001 000 000 011 001 000 001 001 001 001 DDD 888 000 001 001 001 001 001 001 001 111 001 001 001 001 000 000 001 001 001 001 001 001 000 000 001 001 001 001 001 001 001 001 000 000 000 001 001 001 001 001 001 001 001 001 001 001 001 001 001 001 000 001 001 001 001 001 001 001 001 001 001 001 001 001 001 001 001 001 001 001 001 001 001 001 001 001 001 001 001 000 889 DDD 001 001 001 001 001 001 001 001 002 002 001 001 001 002 002 002 004 005 005 005 005 004 004 
004 004 004 004 004 003 001 001 001 001 001 001 001 001 001 001 001 001 001 001 001 001 001 001 001 001 001 001 001 001 001 001 001 001 001 001 001 001 001 001 001 001 001 001 001 001 001 000 000 000 000 001 000 001 000 000 000 001 001 000 001 001 001 001 001 001 000 000 001 001 001 001 001 001 001 000 001 001 001 001 001 001 001 001 001 000 000 001 001 001 001 001 001 001 DDD 888 000 001 001 001 001 001 001 000 011 001 001 001 001 000 001 001 001 001 001 001 001 001 001 001 001 001 001 001 001 001 001 001 000 000 001 000 000 001 000 001 001 001 001 001 001 001 001 001 001 000 001 001 001 001 001 001 001 001 001 001 001 001 001 001 001 001 001 001 001 001 001 001 001 001 001 001 001 001 000 889 DDD 001 001 001 001 001 001 001 001 001 001 001 001 001 002 001 001 004 004 004 005 005 004 004 
004 004 004 004 004 003 001 001 001 001 001 001 001 001 001 001 001 001 001 001 001 001 001 001 001 001 001 001 001 001 001 001 001 001 001 001 001 001 001 001 001 000 000 001 001 000 000 000 000 001 000 001 000 001 000 000 001 001 001 000 000 000 001 001 001 001 001 000 001 001 001 001 001 001 001 000 000 001 001 001 001 001 001 000 001 001 001 001 001 001 000 001 001 001 DDD 889 000 001 001 001 001 001 001 000 001 001 001 001 001 000 001 001 001 001 000 001 001 001 001 001 001 001 001 001 001 001 001 000 000 001 001 000 000 001 001 001 001 001 001 001 001 001 001 001 001 000 001 001 001 001 001 001 001 001 001 001 001 001 001 001 001 001 001 001 001 001 001 001 001 001 001 001 001 001 000 889 DDD 001 001 001 001 001 001 001 001 001 001 001 001 002 001 001 001 003 004 004 004 004 004 004 
004 004 004 004 004 004 001 001 001 001 001 001 001 001 001 001 001 001 001 001 001 001 001 001 001 001 001 001 001 001 001 001 001 000 000 000 001 000 000 000 001 001 001 001 000 000 000 000 000 001 000 001 000 001 000 000 001 001 000 000 001 001 001 001 001 001 000 000 001 001 001 001 001 001 000 000 000 001 001 001 001 001 000 000 001 001 001 001 001 001 000 001 001 001 DDD 889 001 001 001 001 001 001 001 001 001 011 001 001 001 000 001 001 001 000 001 001 001 011 001 001 001 001 001 001 001 001 001 001 001 000 001 001 000 001 001 001 001 001 000 001 001 001 001 001 001 000 001 002 001 001 002 001 001 001 001 001 001 001 001 001 001 001 001 001 001 001 001 001 001 001 001 001 001 001 000 889 DDD 001 000 001 001 001 001 001 001 001 001 001 001 001 001 001 001 004 005 004 004 004 004 004 
004 004 003 004 004 003 001 001 001 001 001 001 001 001 001 001 001 001 001 001 001 001 001 001 001 001 001 001 001 001 001 000 000 000 000 000 000 000 000 000 001 001 000 000 000 000 000 000 000 001 000 001 001 001 000 000 001 001 001 000 000 001 001 001 000 000 000 000 001 001 001 001 001 001 000 000 000 001 011 001 001 000 000 000 001 001 001 001 001 001 000 001 001 001 DDD 889 001 001 001 001 001 001 001 001 001 001 001 001 001 000 001 001 001 000 001 001 000 011 001 000 001 001 001 001 001 001 001 001 001 000 000 001 001 001 001 001 001 001 000 001 001 001 001 001 001 001 000 001 002 002 002 002 001 001 001 001 001 001 001 001 001 001 001 001 001 001 001 001 001 001 001 001 001 001 000 889 DDD 001 000 001 001 001 001 001 001 001 001 001 001 001 001 001 001 004 005 004 004 004 004 004 
004 004 004 004 004 003 001 001 001 001 001 001 001 001 001 001 001 001 001 001 001 001 001 001 001 001 001 001 001 000 000 000 000 000 000 000 000 000 000 001 000 000 000 000 000 000 000 000 000 000 000 001 001 001 000 000 001 001 001 000 000 000 001 001 001 001 000 001 001 001 001 001 001 000 000 000 000 000 001 001 001 000 000 000 001 001 001 001 001 001 001 001 001 001 DDD 889 000 011 001 001 001 001 001 001 001 001 001 001 001 000 000 001 000 000 001 001 000 001 001 001 001 001 001 001 001 001 001 001 001 000 000 001 001 001 011 011 001 001 000 000 001 001 000 001 002 001 001 001 002 002 002 002 001 001 001 001 001 001 001 001 001 001 001 001 001 001 001 001 001 001 000 001 001 001 000 889 DDD 001 000 001 001 001 001 001 001 001 001 001 001 001 001 001 001 004 005 005 005 005 004 004 
004 004 004 004 004 003 001 001 001 001 001 001 001 001 001 001 001 001 001 001 001 001 001 001 001 001 000 000 000 000 000 000 001 001 000 000 001 000 000 001 000 000 000 000 000 000 000 000 000 000 000 001 001 001 000 000 001 001 000 000 000 000 001 000 001 001 000 001 001 001 001 001 001 000 000 000 000 000 001 012 001 000 001 001 001 001 001 001 001 001 001 001 000 001 DDD 889 000 011 001 001 001 001 001 001 001 001 001 001 001 000 000 001 001 000 001 001 000 001 011 000 001 001 001 001 001 001 001 001 001 000 000 001 001 111 211 211 111 000 000 000 000 001 000 001 002 001 001 001 002 002 001 002 002 001 001 001 001 001 001 001 001 001 001 001 001 001 001 001 001 001 000 001 001 001 000 888 DDD 000 000 001 001 001 001 001 001 001 001 001 001 000 001 001 001 004 005 004 004 004 004 004 
004 004 004 004 004 003 001 001 001 001 001 001 001 001 001 001 001 001 000 001 001 001 000 000 000 000 000 000 000 000 000 001 000 000 000 000 000 000 000 000 000 000 000 000 000 000 000 000 000 000 000 001 001 001 000 000 001 001 000 001 000 000 001 000 000 000 000 000 000 001 001 001 001 000 001 000 000 000 001 011 001 001 001 001 001 001 001 001 001 001 001 001 000 001 DDD 888 000 001 001 001 001 001 001 001 001 000 001 001 001 000 000 001 001 001 001 001 000 001 011 000 001 001 000 000 001 001 001 001 001 000 000 001 001 000 110 111 111 000 000 000 000 001 000 001 012 002 001 001 002 012 001 002 002 001 002 001 001 001 001 001 001 001 001 001 001 000 001 001 001 001 000 001 001 001 000 888 DDD 000 000 000 001 001 001 001 001 001 001 001 000 000 001 001 001 004 005 004 004 004 004 003 
004 004 004 004 004 003 001 001 001 001 001 001 001 001 001 001 001 000 000 001 001 001 000 000 000 000 000 000 001 000 000 000 000 001 000 000 000 000 000 000 000 000 001 000 000 000 000 000 000 000 000 000 001 001 000 000 001 001 101 001 001 000 000 000 000 000 000 001 000 001 001 001 000 000 000 000 000 000 001 011 001 001 001 001 001 001 001 000 001 001 001 001 001 001 DDD 888 000 001 001 001 001 001 001 001 001 000 000 001 001 001 000 001 001 001 001 001 000 001 011 001 000 001 000 111 100 001 001 001 000 000 000 000 001 001 000 000 000 001 000 000 001 001 001 001 002 002 001 001 001 012 002 002 002 001 002 001 001 001 001 001 001 001 001 001 001 000 001 001 001 001 000 001 001 001 000 888 DDD 001 000 000 001 001 001 001 001 000 000 000 000 001 001 001 001 014 004 004 003 003 003 003 
004 004 004 004 004 004 001 001 001 001 001 001 001 001 001 001 001 001 000 001 001 001 000 000 001 000 000 001 001 000 000 000 000 000 000 000 000 000 000 000 000 000 001 000 000 000 001 000 000 000 000 000 000 001 000 001 001 000 000 001 000 000 001 000 000 000 000 001 001 001 001 001 001 000 000 001 001 000 000 001 001 001 001 001 000 001 001 000 000 001 001 000 001 001 DDD 888 000 001 001 001 001 001 001 001 001 001 000 001 001 001 000 001 001 001 001 001 001 001 011 001 000 000 000 111 100 000 001 001 000 000 000 000 001 001 000 000 000 000 001 000 001 001 001 001 001 002 001 001 001 002 002 012 002 002 001 001 001 001 001 001 001 001 001 001 000 000 001 001 001 001 000 001 001 001 000 889 DDD 001 000 001 001 001 001 001 000 000 000 000 001 001 001 001 001 014 004 003 003 003 003 003 
004 004 004 004 004 004 002 001 001 001 001 001 001 001 001 000 000 000 000 001 001 001 000 000 001 001 000 001 001 001 000 000 000 001 000 000 000 000 000 000 001 000 001 000 000 000 000 000 000 000 000 000 000 001 000 000 001 001 000 000 000 000 001 001 001 001 001 001 001 001 001 001 001 000 000 001 001 000 000 001 011 001 001 001 000 001 001 000 000 001 001 001 001 001 DDD 888 000 001 001 001 001 001 001 001 001 001 000 001 001 001 000 000 001 001 001 001 001 001 001 001 000 001 001 000 000 001 001 001 001 000 000 000 001 001 000 000 000 000 001 001 000 001 002 001 002 002 001 001 001 002 002 002 002 001 001 001 001 001 001 001 001 001 001 001 000 000 001 001 001 000 000 001 001 001 000 888 DDD 000 001 001 001 001 001 000 000 000 001 001 001 001 001 001 002 114 003 003 003 003 003 003 
004 004 004 004 004 004 002 001 001 001 001 001 001 001 001 000 001 000 001 001 001 001 000 000 001 001 000 001 001 000 000 000 000 000 000 000 000 000 000 000 001 000 001 000 000 001 000 000 000 000 000 000 000 001 000 001 001 001 000 000 000 001 001 001 001 001 001 001 001 001 001 000 001 001 001 001 001 000 000 001 011 001 001 001 001 001 001 001 000 001 001 001 001 001 DDD 888 000 001 001 001 000 001 001 001 001 001 000 000 001 000 000 000 001 001 001 000 001 001 001 011 000 000 001 001 001 001 000 001 001 000 000 000 000 001 000 000 000 000 001 001 000 001 002 001 002 002 001 001 001 002 002 001 001 001 001 001 001 001 001 001 001 001 001 001 000 000 001 001 001 001 000 001 001 001 000 888 DDD 001 001 001 000 000 000 000 000 001 001 001 001 001 001 001 002 114 003 003 002 002 003 014 
003 003 003 004 004 004 003 001 001 001 001 001 001 001 000 000 000 000 001 001 001 001 000 001 000 000 000 000 001 001 000 000 001 000 000 000 000 000 000 000 001 000 001 000 001 001 001 000 000 000 000 000 000 001 000 001 001 001 000 000 000 001 001 001 001 001 001 001 001 001 001 000 001 001 001 001 001 000 000 000 001 001 001 001 001 001 001 001 000 001 001 001 001 001 DDD 889 000 001 001 001 000 001 001 001 000 001 000 000 001 000 000 000 000 001 000 000 000 001 001 011 001 000 001 001 001 001 001 001 000 000 000 000 000 000 000 000 000 000 001 001 001 001 002 001 002 012 001 000 001 002 002 001 001 001 001 001 001 001 001 001 001 001 001 001 001 000 001 001 001 001 000 000 001 001 000 888 DDD 001 000 001 000 000 000 000 001 001 001 001 001 001 001 001 003 013 013 003 002 003 014 003 
004 003 003 004 004 004 004 001 001 001 001 001 000 000 000 000 000 000 000 001 001 001 000 000 000 000 000 000 001 001 001 001 001 000 000 000 000 001 000 001 001 000 001 001 001 001 001 000 000 000 000 000 000 001 000 001 001 001 000 001 001 001 001 001 001 001 001 001 001 001 000 000 001 001 001 001 001 000 000 000 001 011 001 000 001 001 001 001 000 001 001 001 001 001 DDD 889 000 001 001 001 000 001 001 001 000 000 000 000 000 000 000 000 001 000 000 000 000 000 001 001 001 001 001 001 001 001 001 000 000 000 000 000 000 000 000 000 000 000 001 001 000 001 002 001 002 012 001 000 001 002 002 001 001 001 001 001 001 001 001 001 001 001 001 001 001 000 001 001 001 001 000 000 001 001 000 888 DDD 001 000 000 100 000 100 101 001 001 001 001 001 001 001 001 113 113 113 002 003 014 003 003 
004 004 004 004 004 004 004 002 001 001 001 101 000 000 001 000 000 000 000 000 000 000 000 000 000 000 000 000 000 000 001 001 000 000 000 000 000 001 000 001 001 000 000 000 000 001 001 001 000 000 000 000 000 000 000 001 001 001 000 001 001 001 001 001 001 001 001 001 001 001 000 000 001 001 001 001 001 000 000 000 001 011 001 000 001 001 001 001 000 001 001 001 001 001 DDD 889 000 000 001 001 000 001 001 001 000 000 000 000 000 000 000 000 000 001 000 000 001 000 000 001 001 000 001 000 000 001 001 000 000 001 000 000 000 000 000 000 000 000 001 000 000 001 002 001 001 001 001 000 001 001 002 001 001 001 001 001 001 001 001 001 001 001 001 001 001 000 000 001 001 001 000 000 001 001 000 888 DDD 000 000 000 000 000 101 101 101 001 001 001 001 001 001 002 112 112 003 003 014 003 003 003 
004 004 004 004 004 004 004 003 001 001 001 000 000 000 000 000 000 000 000 000 000 000 000 000 000 000 000 000 000 000 001 000 000 000 000 000 000 000 000 001 001 000 000 001 001 001 001 001 000 000 000 000 000 001 001 001 001 001 001 001 001 001 001 001 001 001 001 001 001 000 000 000 001 001 001 001 001 000 000 000 000 011 001 001 001 001 001 001 001 001 001 001 001 001 DDD 889 000 001 001 001 001 001 001 001 000 000 000 000 000 000 000 000 000 000 000 000 001 000 001 001 000 000 001 000 001 001 001 001 000 001 000 000 000 000 000 001 000 000 000 001 000 001 001 002 001 001 001 000 001 001 002 002 001 001 001 001 001 001 001 001 001 001 001 001 001 000 000 001 001 001 000 001 001 001 000 888 DDD 000 000 000 000 001 101 101 101 001 001 001 000 001 001 103 112 013 013 014 003 003 003 003 
004 003 003 003 004 004 003 004 002 001 001 000 001 000 000 000 000 000 000 001 000 000 000 000 000 000 000 000 000 000 000 000 000 001 001 000 000 000 000 001 000 000 000 000 001 001 001 001 000 000 000 001 000 001 001 001 001 001 001 001 001 001 001 001 001 001 001 001 001 000 000 000 001 001 001 001 001 001 000 000 000 001 001 001 001 001 001 001 001 001 001 001 001 001 DDD 888 000 001 001 001 001 001 001 001 000 000 000 000 000 000 000 000 000 000 000 000 001 001 001 000 000 000 001 000 001 000 001 001 001 001 000 000 000 000 000 001 001 000 000 001 000 001 001 002 001 001 000 000 000 000 001 001 001 001 001 001 001 001 001 001 001 001 001 001 001 000 000 001 001 000 001 001 001 001 000 888 DDD 000 000 000 000 000 101 101 101 101 001 001 000 000 002 113 013 114 113 003 003 003 003 002 
003 003 003 003 003 003 003 003 003 001 001 001 001 001 000 000 000 000 000 001 001 000 000 000 000 000 000 001 001 000 000 000 000 001 001 000 000 000 000 000 000 000 001 000 001 001 001 001 000 000 000 000 000 001 001 001 001 001 001 001 001 001 001 001 001 001 001 000 001 001 001 001 001 001 001 001 001 001 000 000 000 000 001 001 001 001 001 001 001 001 001 001 001 001 DDD 888 000 001 001 001 001 001 001 001 000 000 000 000 000 000 000 000 000 000 000 000 000 000 001 000 001 000 000 000 001 000 001 000 001 001 000 000 000 000 111 001 001 000 000 001 001 000 001 001 001 001 000 000 000 000 001 001 001 001 000 000 001 001 001 001 001 001 001 001 001 000 000 001 000 000 001 001 001 001 000 888 DDD 000 000 000 001 001 101 101 101 101 001 001 000 001 112 113 113 113 103 003 003 003 002 002 
002 002 002 002 002 002 002 003 003 002 001 001 001 001 000 000 000 000 000 000 000 001 001 001 000 000 000 001 001 000 000 000 000 001 001 000 000 000 000 000 000 000 001 001 001 001 001 000 000 000 001 001 000 001 001 001 001 001 001 001 001 001 001 001 001 001 001 000 001 001 001 000 001 001 000 001 001 000 000 000 000 000 001 001 001 001 001 000 001 001 001 001 001 001 DDD 888 000 000 001 001 001 001 001 001 000 000 000 000 000 000 000 000 000 000 000 000 000 000 000 001 001 000 000 001 001 000 000 000 001 000 000 000 000 000 000 001 001 000 000 001 001 001 001 001 001 001 000 000 000 000 000 001 001 000 000 001 001 001 001 001 001 001 001 001 001 000 000 000 001 001 001 001 000 000 000 888 DDD 001 000 001 001 001 001 001 001 001 001 001 000 002 113 113 013 113 003 003 003 002 001 002 
002 002 002 002 002 003 002 002 002 002 001 000 000 000 000 000 000 000 000 000 000 000 000 000 000 000 000 000 001 001 000 000 000 001 001 000 000 000 000 000 000 000 001 001 001 001 000 000 000 000 000 001 001 001 001 001 001 001 001 001 001 001 001 001 001 001 000 001 001 111 011 111 001 001 000 001 001 000 000 001 000 000 001 000 001 001 001 000 000 000 001 000 000 011 DDD 888 000 000 000 000 000 000 000 000 000 000 000 000 000 000 000 000 000 000 000 000 000 000 000 000 000 000 000 000 000 000 000 000 000 000 000 000 000 000 000 000 000 000 000 000 000 000 000 000 000 000 000 000 000 000 000 000 000 000 000 000 000 000 000 000 000 000 000 000 000 000 000 000 000 000 000 000 000 000 000 888 DDD 001 001 001 001 001 001 001 001 001 001 000 001 113 113 013 013 113 103 003 002 002 002 002 
002 001 002 003 003 004 003 002 002 001 001 000 000 000 000 000 000 000 000 000 000 000 000 000 000 000 001 001 001 001 001 000 000 001 001 000 000 000 000 000 001 001 001 001 001 001 001 001 000 000 001 001 001 001 001 001 001 001 001 001 001 001 001 001 001 001 001 001 000 001 001 001 001 001 000 000 001 000 000 001 001 000 001 000 001 001 001 000 000 000 000 000 000 001 DDD EEE BBB BBB BBB BBB BBB BBB BBB BBB BBB BBB BBB CBB BBB BBB BBB BBB BBB BBB BBB BBB BBB BBB BBB BBB BBB BBB BBB BBB BBB BBB BBB BBB BBB BBB BBB BBB BBB BBB BBB BBB BBB BBB BBB BBB BBB BBB BBB BBB BBB BBB BBB BBB BBB BBB BBB BBB BBB BBB BBB BBB BBB BBB BBB BBB BBB BBB BBB BBB BBB BBB BBB BBB BBB BBB BBB BBB BBB BBB BBB EEE DDD 001 001 001 001 001 001 001 001 001 000 001 113 114 113 003 003 003 003 002 001 001 002 003 
002 002 002 003 004 004 003 003 002 000 001 001 000 000 000 000 000 000 000 000 000 000 000 000 001 001 001 001 101 111 001 000 001 001 000 000 000 000 000 000 001 001 000 001 001 001 001 001 001 001 001 001 001 001 001 001 001 001 001 001 001 002 001 001 001 001 001 000 000 000 001 001 001 001 000 000 001 000 000 001 001 000 001 001 001 001 001 000 000 000 000 000 000 001 889 AAB BBB BBB BBB BBB BBB BBB BBB BBB BBB BBB BBB BBB BBB BBB BBB BBB BBB BBB BBB BBB BBB BBB BBB BBB BBB BBB BBB BBB BBB BBB BBB BBB BBB BBB BBB BBB BBB BBB BBB BBB BBB BBB BBB BBB BBB BBB BBB BBB BBB BBB BBB BBB BBB BBB BBB BBB BBB BBB BBB BBB BBB BBB BBB BBB BBB BBB BBB BBB BBB BBB BBB BBB BBB BBB BBB BBB BBB BBB BBB AAB 889 001 001 001 001 001 001 001 000 000 001 113 113 103 103 103 003 003 002 002 002 002 002 002 
002 002 002 003 004 004 003 003 002 001 001 001 001 001 000 000 000 000 000 000 000 000 000 000 000 000 001 101 211 111 001 001 001 001 000 000 000 000 000 001 001 000 000 001 001 001 001 001 001 001 001 001 001 001 001 001 001 001 001 001 001 001 001 001 001 001 000 000 000 000 000 001 001 001 000 000 001 000 000 001 001 000 001 001 001 001 001 000 000 000 000 000 000 001 001 000 000 000 000 000 000 000 000 000 000 000 000 000 000 000 000 000 000 000 000 000 000 000 000 000 000 000 000 000 000 000 000 000 000 000 000 000 000 000 000 000 000 000 000 000 000 000 000 000 000 000 000 000 000 000 000 000 000 000 000 000 000 000 000 000 000 000 000 000 000 000 000 000 000 000 000 000 000 000 000 000 000 001 001 001 001 001 001 000 000 001 003 113 113 013 003 113 003 002 002 002 003 002 001 001 
003 002 002 003 004 004 003 003 003 002 002 001 002 002 001 000 000 000 000 000 000 000 000 000 000 000 000 001 001 001 001 001 001 001 001 000 000 000 000 001 001 000 000 000 001 001 000 000 001 001 001 001 001 001 001 000 000 000 001 001 001 001 001 001 001 001 000 000 000 000 000 000 001 000 000 000 000 000 000 001 001 000 001 000 001 001 001 000 000 000 000 000 000 001 001 001 001 001 001 001 001 000 000 000 000 000 000 000 000 000 000 000 000 000 000 000 000 000 001 001 001 000 000 001 001 001 000 000 000 000 000 000 000 000 000 000 001 001 000 000 001 000 000 001 001 000 000 000 000 000 000 000 000 000 000 001 001 001 001 000 001 001 001 001 001 001 000 000 000 000 000 000 001 001 001 001 001 001 001 001 001 001 001 000 001 002 114 103 003 003 013 003 002 002 002 002 002 002 002 001 
002 002 003 003 003 003 003 003 003 002 002 002 002 003 002 001 000 000 000 000 000 000 000 001 001 001 001 001 000 000 000 000 001 001 001 000 000 000 000 000 000 000 000 000 000 001 000 001 001 000 001 001 000 000 000 000 001 001 001 001 001 001 001 001 001 000 000 000 000 000 000 000 001 000 000 000 111 000 000 001 000 001 001 000 001 001 001 000 000 000 000 000 000 001 001 001 001 000 001 001 001 001 000 000 000 000 000 000 000 000 000 000 000 000 000 000 000 000 000 000 000 000 000 000 001 001 000 000 000 000 000 000 000 000 000 000 001 001 000 000 001 000 000 001 001 000 000 000 001 000 000 000 000 000 000 001 001 001 001 000 000 001 001 001 001 001 000 000 000 000 001 001 001 001 001 001 001 001 001 001 001 000 000 001 002 114 003 003 003 013 003 002 001 001 003 003 002 001 002 002 
002 002 003 003 003 003 003 003 002 002 002 002 002 003 003 002 002 001 000 000 000 000 000 000 001 001 001 001 000 000 000 001 001 001 001 000 000 000 001 000 000 001 000 001 000 000 000 001 001 001 001 001 000 001 001 001 001 001 001 001 001 001 001 001 001 000 000 000 000 000 000 000 001 000 000 000 001 001 000 001 000 001 001 000 000 001 000 000 000 000 000 000 000 000 001 001 000 001 001 001 001 001 000 000 000 000 000 000 001 000 000 000 000 000 000 000 000 000 000 000 000 000 000 000 000 001 001 000 000 000 000 000 000 000 000 000 001 001 000 000 001 001 000 000 001 000 000 001 001 001 001 000 000 000 000 001 001 001 000 000 001 001 001 001 000 000 000 000 000 001 001 001 001 001 001 001 001 001 000 000 000 001 001 003 014 003 002 003 003 003 002 002 002 003 003 003 001 001 002 002 
002 002 003 003 003 003 003 003 002 002 002 002 002 003 003 002 003 002 001 000 000 000 000 000 000 000 000 001 000 000 000 000 001 000 000 000 000 000 001 000 000 001 001 000 000 000 001 001 211 001 001 001 001 001 001 001 001 001 001 001 001 001 000 001 001 000 000 000 000 000 000 000 001 000 000 000 001 001 000 001 001 000 001 001 000 001 000 000 000 000 000 000 000 000 001 001 001 001 001 001 001 001 000 000 000 000 000 000 000 000 000 000 000 000 000 000 000 000 000 001 000 000 000 000 000 001 001 000 000 000 000 000 000 000 000 000 000 001 000 001 001 001 000 000 001 000 000 001 001 001 001 000 000 000 000 001 001 000 000 001 001 001 001 000 000 000 000 001 001 001 001 001 001 001 001 001 001 000 000 001 001 002 003 014 003 003 003 003 003 002 001 002 003 004 004 003 002 001 001 001 
002 002 003 003 003 003 003 002 002 002 002 002 002 003 003 002 003 002 002 002 001 001 000 000 000 000 000 000 000 000 000 000 000 000 000 000 000 000 000 000 000 000 001 000 000 001 001 001 111 001 001 001 001 000 001 001 001 001 001 001 001 001 000 001 001 000 000 000 000 000 000 000 000 000 000 000 000 001 000 001 000 000 001 000 000 001 000 000 000 000 000 000 000 000 001 000 001 001 001 001 001 001 000 000 000 000 000 000 000 000 000 000 000 000 000 000 000 000 000 001 000 000 000 000 000 000 000 000 000 000 000 000 000 000 000 000 000 001 000 001 001 001 001 001 001 001 000 001 001 001 001 001 000 000 000 000 000 000 001 001 001 001 000 000 000 000 001 001 001 001 001 001 001 001 001 001 001 001 001 002 002 003 004 003 003 003 004 003 002 002 002 003 003 003 004 003 003 003 002 001 
002 002 003 003 003 003 002 002 002 002 001 002 002 003 003 003 003 002 002 002 002 002 002 002 001 001 000 000 000 000 000 000 000 000 000 000 000 000 000 000 000 000 001 000 000 001 001 001 001 001 001 001 001 001 001 001 001 001 001 001 001 001 000 001 001 000 000 000 000 000 000 000 000 000 000 000 000 001 000 000 000 000 001 000 001 001 000 000 000 000 000 000 000 000 000 000 000 001 000 000 000 000 000 000 000 000 000 000 000 000 000 000 000 000 000 000 000 000 000 000 000 000 001 000 000 000 000 000 000 000 000 000 000 000 000 000 000 001 001 001 001 001 001 001 001 001 000 001 001 001 001 001 000 000 000 000 000 001 001 001 001 000 000 000 000 001 001 001 001 001 001 001 001 001 001 002 002 002 002 002 002 003 003 002 003 003 003 002 001 002 003 003 003 003 003 003 003 003 003 002 
002 002 003 003 003 003 002 002 001 002 001 002 002 003 003 003 002 002 002 001 002 002 002 002 002 001 001 001 000 001 001 001 001 001 001 001 002 002 002 002 002 002 002 001 002 013 003 013 002 014 115 014 013 014 003 013 015 013 013 014 014 013 002 013 013 002 001 001 001 001 001 002 013 001 001 001 002 013 002 002 012 002 013 012 002 013 012 001 001 001 001 001 002 002 002 001 001 001 001 001 001 001 001 001 001 001 001 001 002 002 002 002 001 012 001 001 002 002 002 002 001 002 002 001 001 001 001 000 001 002 002 001 000 000 000 001 002 014 014 013 115 015 014 014 114 013 002 002 013 003 002 002 002 002 002 002 003 003 002 002 002 002 002 002 003 003 003 003 003 003 003 002 002 003 003 002 002 002 002 003 003 003 003 002 003 002 002 002 002 003 003 002 002 003 003 003 003 003 003 003 
002 002 003 003 003 003 002 002 001 002 002 002 002 002 003 003 002 002 001 001 001 001 001 001 001 001 001 001 002 002 002 223 113 002 001 001 003 013 003 002 003 003 003 001 002 013 013 013 013 115 126 115 014 115 013 014 025 014 014 014 124 014 003 013 013 002 002 002 002 002 002 002 013 002 002 002 002 013 013 114 013 002 013 013 013 113 012 002 002 002 012 002 001 002 001 002 002 002 002 002 002 002 002 002 002 002 002 002 002 002 002 002 001 002 002 001 002 002 002 002 001 001 002 001 001 001 001 001 001 012 013 002 001 000 001 001 003 025 026 014 126 126 126 015 125 115 003 012 014 013 003 002 002 003 014 014 003 003 003 003 003 002 002 003 003 003 004 014 013 014 003 003 003 003 003 002 002 002 003 003 003 002 003 003 002 002 002 003 003 003 002 001 002 003 003 003 004 004 003 003 
002 002 003 003 003 003 002 002 001 002 002 002 003 002 002 002 002 001 001 001 001 001 001 001 001 001 002 003 002 002 002 123 013 002 001 001 003 013 003 003 013 013 002 223 224 003 003 013 003 014 126 015 014 015 003 014 025 014 014 014 024 014 002 013 013 002 002 002 002 002 001 002 013 002 002 002 002 013 013 124 013 002 002 001 002 002 002 002 001 001 001 101 001 012 012 002 002 012 013 001 113 002 002 002 002 113 002 002 002 002 002 002 112 002 002 001 001 002 002 002 001 001 002 001 001 001 001 001 001 002 013 002 001 001 001 002 003 026 027 015 127 127 127 026 026 115 113 013 015 013 002 002 003 014 014 003 003 002 003 003 003 003 002 003 004 003 003 003 013 014 003 003 002 003 003 002 002 003 003 003 003 003 003 003 002 002 003 003 003 002 001 001 002 003 003 003 004 004 004 003 
002 002 002 003 003 003 003 002 002 001 002 002 002 002 001 001 001 001 000 001 000 001 001 001 001 002 013 003 002 002 013 003 013 014 002 002 003 013 002 003 013 013 003 002 002 013 003 003 003 014 125 014 014 015 003 013 025 014 014 014 014 013 003 014 013 002 002 002 001 001 001 002 013 002 002 002 002 012 002 002 002 001 001 001 002 002 012 002 002 322 754 433 001 012 012 002 012 013 012 001 113 002 002 002 002 002 002 002 002 013 002 002 113 002 002 001 001 002 002 002 002 001 001 001 001 001 001 001 001 002 003 002 001 001 001 002 003 026 138 026 127 138 128 116 235 445 224 015 015 004 013 013 013 014 003 003 003 003 003 003 003 003 003 003 004 003 004 003 014 014 003 003 002 002 003 003 003 003 003 003 003 003 003 002 002 003 003 003 002 001 001 001 003 003 003 003 004 004 003 003 
002 002 002 002 003 003 002 002 002 001 001 001 001 001 001 001 001 001 000 001 001 011 002 002 002 002 002 003 002 003 014 013 014 003 002 002 003 003 002 013 013 003 003 002 002 014 003 013 013 014 115 014 014 025 013 014 014 014 004 014 024 013 013 014 013 002 002 002 001 001 001 002 013 002 002 002 001 001 001 002 002 002 002 001 002 013 013 002 002 212 422 111 012 012 012 012 112 113 113 001 113 002 002 002 002 002 002 001 002 013 002 002 002 002 003 002 001 002 002 001 002 001 001 001 001 001 001 001 001 002 013 002 001 001 001 002 003 015 038 126 125 138 236 545 866 545 014 015 115 014 114 014 013 003 003 003 003 002 002 003 004 004 003 003 004 003 003 004 004 003 003 003 002 003 003 003 003 002 002 003 003 003 002 002 003 003 003 002 001 002 001 001 003 003 003 004 004 004 004 004 
