memory_initialization_radix=16;
memory_initialization_vector=
EFF EFF FFF FFF EFF EFF EFF EFF FFF FFF EFF EFF EFF EFE FFF FEF FFF FFF FFF FFF EFF EFF EFF EFF EFF EFF EFF EFF EFF EFF EFF EFF FFF EFF EFF EFF EFF EFF EFF EFF EFF EFF EFF EFF FFF EFF EFE FFF EFF FFF FFF EFF FFF EFF EFF EFF EFF EFF EFF EFF EFF EFF EFF EFF EFF EFF EFF EFF FFE FFE FFF FFF FFE FFE FFF FFF EEF DDE CCD 9AB 89B 78B 78B 78B 79B 89B 9AC BBD DDE EEE EFF FFF FFF FFF FFF FFF FFF FFF FFF FFF FFF FFF FFF FFF FFF FFF FFF FFF FFF FFF FFF FFF FFF FFF FFF FFF FFF FFF EEF EEF EEF FEF FEE EEE EEE FFF FFF FFF FFF FFF FFF FFF FFF FFF FFF FFF FFF FFF FFF FFF FFF FFF FFF FFF FFF FFF FFF FFF FFF FFF FFF FFF FFF FFF FFF FFF FFF FFF FFF FFF FFE FFF FFF EFF FFF EFF FFF FFF FFF FFE FFE FFF FFF FFF FFF FFF EEE CBC BBC BBC DDD EDD EEE FFF FEF FEF FEF FEE FEF FEF EEE EEE EEE EEE EDE CBC 99A BAB CBB DCC 
EFE EFE EFF EEF EEE EEE EEE EFF EFF EFF EEE EFE EFF EEE EEE EFE EEF EEE EEE EFF EFE EFF EFF EEF DEE EFE EFE EFE EFF EFF EFE EFF EFF EFF EEE EFF EFF EEF EFF EEE EFE EFE EFF EEF EFF EFF EEE EFF EFF EFF EFF EFF EFF EFF EEE EFF EFF EEF EFE EFF EFF EFF EFF EFF EEE EFF EFF EEF FFE FFE FFE FFF FEE FFF EFF EEE DEE CCD AAB 78A 67A 67A 57B 67B 78A 89B ABC CCD DDE EEE EFF FFE FFF FFF FFF FFF FFF FFF FFF FFF FFF FFF FFF FFF FFF FFF FFF FFF FFF FFF FFF FFF FFF FFF FFF FFF FFE FFF EEE EEE EEE FEF FEF EEF EEE FFF FFF FFF FFF FFF FFF FFF FFF FFF FFF FFF FFF FFF FFF FFF FFF FFF FFF FFF FFF FFF FFF FFF FFF FFF FFF FFF FFF FFF FFF FFF FFF FFF FFF FFF EFF EFF FEE FEE FEE EFE EFE EFE FEE EEE FFE FEF FFF FFF FFF FFF FEF BBC AAB AAB DCC EDD EEE FFF FEF FEF FEF FEF FEF EEF EDE EDE DEE EDE EDE BAB 889 A9A BAB CBC 
EFE EFE EFE EFF EFF EFF EFF EFF EEF EFE EFE EFF EFF EFF EFF EEE EFF EFF EFE EFE EEE EFF EFF EEE EEE EFE EFE EFE EEF EEE EEE EEE EEF EEF EFF EFF EFF EEF EEF EFF EFE EEE EFF FEF EEF EEF EFF EFF EFF FFF EEF EFE EFF EFE EEE EFE EEE EEF DFE EFE EFF EEF EFF EFF EFF EFF EFF EFF EFF FFF EFE EFE FEF FFF EEF EEE CDD AAC 88A 67A 679 67A 67A 78B 9AB BBD CDD DEE EEE EFF FFF FEF FFF FFF FFF FFF FFF FFF FFF FFF FFF FFF FFF FFF FFF FFF FFF FFF FFF FFF FFF FFF FFF FFF FFF FFF FFF FFF EEE EEE EEF FFF FEF EFF FFF FFF FFF FFF FFF FFF FFF FFF FFF FFF FFF FFF FFF FFF FFF FFF FFF FFF FFF FFF FFF FFF FFF FFF FFF FFF FFF FFF FFF FFF FFF FFF FFF FFF FFF FFF EFF EFF FFE EDC EDB EDC EED EEE EEE EED EEE FFF FFF FFF FFF FFF FFF CBC AAB AAB CBC EED EEE FFF EFE FFE FEE FEE FEE EEF EDF EDE EEE EEE EDE CBC 989 A9A BAB DBC 
EEE EFE EEE EEE EFF EFF EEE EEE EFF DFE EFE EFF EEF EFF EFF EEF EFF EEE EFF EEE EFF EFF EFF EEF EEF EEF EEF EFE EFE EEE EEF EEF EEF EEE EFF EFF EFF EEF EEF EEE EFF EEE EFF EFF EFE EEE EEF EFE EEE EEF FFF EFF EEE EFF EFF EFE EFE EFF EFE EFF EFF EEF EFF EFF FEF FFF EFF EFF EEF DEE EEE EFF EEF EEE DEE DDE BBC 89A 679 67A 67A 68A 88B AAB CCD DDE EEE EEF EFE EFE FEF FEF FFF FFF FFF FFF FFF FFF FFF FFF FFF FFF FFF FFF FFF FFF FFF FFF FFF FFF FFF FFF FFF FFF FFF FFF FFF FFF FFE FFE FEF FFF FFF FFE FFF FFF FFF FFF FFF FFF FFF FFF FFF FFF FFF FFF FFF FFF FFF FFF FFF FFF FFF FFF FFF FFF FFF FFF FFF FFF FFF FFF FFF FFF FFF FFF FFF FFF FFF FFF FFF EFE FFE FED EDC EDD DDD EDD EDD EED FEE FEE FFF FFF FFF FFF FFF CCD AAC BBC BBC DED EEE FEF EFE EFE FFE FEE FEE EEF EEF EEE EEE EEE EDD CBC 879 98A BAA CBC 
EFF EFF EEE EFF EFF EFF EEE EEF EEF EFF EFF EEF EEE EFF EEF EFF EEE EEE EFF EFF EFF EEE EFF EFF EFF EFF EFF EFF EFF EFF FFF FFF FFF FFF EFF EFF EFF EFF EFF FFF FFF EFF EFF EFF EFF FFF FFF EFF EFF FFF FFF FFF EFF EFF EFF EFF EFF EFF EFF FFF FFF FFF FFF FFF FFF FFF FFF EFF DEF EEF FFF FFF EEF DEE DDE BBC 99A 88A 67A 67A 78B 99B BBC CDD DDE EEF EEF EEF FFF FFF FFF FFF FFF FFF FFF FFF FFF FFF FFF FFF FFF FFF FFF FFF FFF FFF FFF FFF FFF FFF FFF FFF FFF FFF FFF FFF FFF FFF FFF FFF FFF FFF FFF FFF FFF FFF FFF FFF FFF FFF FFF FFF FFF FFF FFF FFF FFF FFF FFF FFF FFF FFF FFF FFF FFF FFF FFF FFF FFF FFF FFF FFF FFF FFF FFF FFF FFF FFF FFF EEE EDE FEE FEE EED DDD CCD CCC DDD EDD FEE FFE FFF FFF FFF FFF FFF FFF DDE AAC BBC BBC DDD EED EFE EFF FFE FFE EEE EEE EEF EEE EDE EED DEE EDE CCD 889 98A A9A CBB 
EFF EEF EEF EFF EEF EFF EFF EEF EFF EEF EEE EEF EEE EFF EFE EFF EFF EFF EEE EFF EFE EFF EFF EFF EFF EFF EEE DDD CCC BBB BBB BBB BBB BBB BBB BBB ABB ABB ABB ABB BBB BBB ABB ABB ABB BBB BBB BBB BBB BBB BBB BBB BBB ABB ABB BBB BBB ABB BBB BBB BBB BBB BBB BBB BBB BBB BBB BBB BBB BBB BBB BBB AAB AAB 99A 889 778 667 567 668 779 889 99A 9AA AAB AAB AAB AAB ABB BBB BBB BBB BBB BBB BBB BBB BBB BBB BBB BBB BBB BBB BBB BBB BBB BBB BBB BBB BBB BBB BBB BBB BBB BBB BBB BBB BBB BBB BBB BBB BBB BBB BBB BBB BBB BBB BBB BBB BBB BBB BBB BBB BBB BBB BBB BBB BBB BBB BBB BBB BBB BBB BBB BBB BBB BBB BBB BBB BBB BBB BBB BBB BBB BBB BBB BBB BBB BBB BBB 999 A9A AAA AAA 999 889 889 999 A9A BAA BBB BBB CCC DDD EEE FFF FFF FFF EEE AAC BAC BAC CBC EDD EEE FFF FFF FFF FFF FFF FEF EEE EDE EDE DEE EEE DCD 889 98A AAA CBB 
EEF EFF EFF EFF EEE EEF EFF EEE EFF EEF EFF EFF EFF EFF EFF EEE EEE EEE EFF EFF EFE FFF EFF CDD AAA 777 566 444 444 444 444 444 444 444 444 444 444 444 344 344 344 444 444 444 344 444 444 444 444 444 444 444 444 444 444 444 444 444 444 444 444 444 444 444 444 444 444 444 444 444 444 344 334 334 333 333 333 333 223 333 333 334 344 334 444 444 444 444 444 344 444 344 344 444 444 444 444 444 444 444 444 444 444 444 444 444 444 444 444 444 444 444 444 444 444 444 444 444 444 444 444 444 444 444 444 444 444 444 444 444 444 444 444 444 444 444 444 444 444 444 444 444 444 444 444 444 444 444 444 444 444 444 444 444 444 444 444 444 444 333 333 333 333 233 233 333 333 433 444 444 444 444 444 666 777 AAA DDD EEE BBC BAC BBC CBC EDE EEE FFF FFF FFF FFF FFF FEF EEE EEE EDE DEE EEE DCD 98A 98A A9A CBB 
EFE EFF EFF EFF DFE EFF EFF EFF EFE EEE EFF EEF EEF EEF EEF EFF EEF EEE EFF EFF EEE BBB 777 444 344 444 444 444 444 444 444 444 444 444 444 444 444 444 444 444 444 444 444 444 444 444 444 444 444 444 444 444 444 444 444 444 444 444 444 444 444 444 444 444 444 444 444 444 444 444 444 444 444 444 344 444 334 334 334 334 444 444 444 444 444 444 444 444 444 444 444 444 444 444 444 444 444 444 444 444 444 444 444 444 444 444 444 444 444 444 444 444 444 444 444 444 444 444 444 444 444 444 444 444 444 444 444 444 444 444 444 444 444 444 444 444 444 444 444 444 444 444 444 444 444 444 444 444 444 444 444 444 444 444 444 444 444 444 444 333 333 333 333 333 333 444 444 444 444 444 444 444 444 444 444 444 444 777 88A BAC BCD CBC DDD EEE FFF FFF FFF FFF FFF FEF EEE EEE EDE DED EEE CCD 88A 98A BAA CBB 
EEE EEE EFF DFE EFF EFF EFF DFE EEE EEE EEE EFF EFF EEF EEF EEF FEF EFF EFF BBB 666 444 444 444 444 444 444 444 444 444 444 444 444 444 444 444 444 444 444 444 444 444 444 444 444 444 444 444 444 444 444 444 444 444 444 444 444 444 444 444 444 444 444 444 444 444 444 444 444 444 444 444 444 444 444 444 444 344 344 444 444 444 444 444 444 444 444 444 444 444 444 444 444 444 444 444 444 444 444 444 444 444 444 444 444 444 444 444 444 444 444 444 444 444 444 444 444 444 444 444 444 444 444 444 444 444 444 444 444 444 444 444 444 444 444 444 444 444 444 444 444 444 444 444 444 444 444 444 444 444 444 444 444 444 444 444 444 444 444 334 334 333 333 444 444 444 444 444 444 444 444 444 444 444 444 444 444 444 333 445 89A BBD DDD EEE EEE FFF FFF FFF EFF FEF EEE EDE EEE DEE EEE CCD 88A 989 B9A CBB 
EEE EEF EFF EEE EFF EEF EEE DFE EEE EEE EFF EEF EEE EEF EFF EEF EFF CDD 777 444 444 444 444 444 444 444 444 444 444 444 444 444 444 444 444 444 444 444 444 444 444 444 444 444 444 444 444 444 444 444 444 444 444 444 444 444 444 444 444 444 444 444 444 444 444 444 444 444 444 444 444 444 444 444 444 444 444 444 444 444 444 444 444 444 444 444 444 444 444 444 444 444 444 444 444 444 444 444 444 444 444 444 444 444 444 444 444 444 444 444 444 444 444 444 444 444 444 444 444 444 444 444 444 444 444 444 444 444 444 444 444 444 444 444 444 444 444 444 444 444 444 444 444 444 444 444 444 444 444 444 444 444 444 444 444 444 444 444 444 434 444 333 334 444 444 444 444 444 444 444 444 444 444 444 444 444 444 444 334 333 333 556 BBB EEE EEE EEE FFF FFF EFF FEE FEE EEF EEE DEE EEE CCD 88A 98A B9B CBB 
EFF EFF EEF EEF EFF EEE EFF EFF EFE EFE EFF EEE EEE EEE EFF EFF ABB 555 344 444 444 444 444 444 444 444 444 444 444 444 444 444 444 444 444 444 444 444 444 444 444 444 444 444 444 444 444 444 444 444 444 444 444 444 444 444 444 444 444 444 444 444 444 444 444 444 444 444 444 444 444 444 444 444 444 444 444 444 444 444 444 444 444 444 444 444 444 444 444 444 444 444 444 444 444 444 444 444 444 444 444 444 444 444 444 444 444 444 444 444 444 444 444 444 444 444 444 444 444 444 444 444 444 444 444 444 444 444 444 444 444 444 444 444 444 444 444 444 444 444 444 444 444 444 444 444 444 444 444 444 444 444 444 444 444 444 444 444 444 444 444 434 444 444 444 444 444 444 444 444 444 444 444 444 444 444 444 444 334 334 333 223 444 BAA EEE FFF FFF FFF FFF FFF FEE EEF EEE DEE EEE CBC 88A 98A BAB BAB 
DFE DFE DFE EEF EFF EEF EEE EEE EFE EFE EFE EFE DFE EFF EFF 9AA 444 444 444 444 444 444 444 444 444 444 444 444 444 444 444 444 444 444 444 444 444 444 444 444 444 444 444 444 444 444 444 444 444 444 444 444 444 444 444 444 444 444 444 444 444 444 444 444 444 444 444 444 444 444 444 444 444 444 444 444 444 444 444 444 444 444 444 444 444 444 444 444 444 444 444 444 444 444 444 444 444 444 444 444 444 444 444 444 444 444 444 444 444 444 444 444 444 444 444 444 444 444 444 444 444 444 444 444 444 444 444 444 444 444 444 444 444 444 444 444 444 444 444 444 444 444 444 444 444 444 444 444 444 444 444 444 444 444 444 444 444 444 444 444 434 434 444 444 444 444 444 444 444 444 444 444 444 444 444 444 444 444 444 334 233 223 333 444 999 FFF FFF FFF FEF EFF EEE EDF EDE DEE EEE CBC 98A 98A BAB CBB 
EEF EFF EFF EEF EEE EFF EFF EFF EFF EFF EFF EFF DFE EFF 999 444 444 444 444 444 444 444 444 444 444 444 444 444 444 444 444 444 444 444 444 444 444 444 444 444 444 444 444 444 444 444 444 444 444 444 444 444 444 444 444 444 444 444 444 444 444 444 444 444 444 444 444 444 444 444 444 444 444 444 444 444 444 444 444 444 444 444 444 444 444 444 444 444 444 444 444 444 444 444 444 444 444 444 444 444 444 444 444 444 444 444 444 444 444 444 444 444 444 444 444 444 444 444 444 444 444 444 444 444 444 444 444 444 444 444 444 444 444 444 444 444 444 444 444 444 444 444 444 444 444 444 444 444 444 444 444 444 444 444 444 444 444 444 444 444 444 444 444 444 444 444 444 444 444 444 444 444 444 444 444 444 444 444 334 333 233 223 333 433 434 999 FFF EFE EFE FEF EEE EDE EED DEE EEE CBC 98A A9A CAB CBB 
EEF EEF EEE EFF DEE EFF EFF EFF EFF EFF EFF EFF EFF 9AA 444 444 444 444 444 444 444 444 444 444 444 444 444 444 444 444 444 444 444 444 444 444 444 444 444 444 444 444 444 444 444 444 444 444 444 444 444 444 444 444 444 444 444 444 444 444 444 444 444 444 444 444 444 444 444 444 444 444 444 444 444 444 444 444 444 444 444 444 444 444 444 444 444 444 444 444 444 444 444 444 444 444 444 444 444 444 444 444 444 444 444 444 444 444 444 444 444 444 444 444 444 444 444 444 444 444 444 444 444 444 444 444 444 444 444 444 444 444 444 444 444 444 444 444 444 444 444 444 444 444 444 444 444 444 444 444 444 444 444 444 444 444 444 444 444 444 444 444 444 444 444 444 444 444 444 444 444 444 444 444 444 444 444 444 333 333 333 334 444 334 444 444 AAA FFF EEE EEE EEE EDD EDD EDE EEE BBC 98A A9A CBB CBB 
EEF EEF EEF EFF EFF EFF EFF DEE EFF DEE DEE EFF BBB 444 444 444 444 444 444 444 444 444 444 444 444 444 444 444 444 444 444 444 444 444 444 444 444 444 444 444 444 444 444 444 444 444 444 444 444 444 444 444 444 444 444 444 444 444 444 444 444 444 444 444 444 444 444 444 444 444 444 444 444 444 444 444 444 444 444 444 444 444 444 444 444 444 444 444 444 444 444 444 444 444 444 444 444 444 444 444 444 444 444 444 444 444 444 444 444 444 444 444 444 444 444 444 444 444 444 444 444 444 444 444 444 444 444 444 444 444 444 444 444 444 444 444 444 444 444 444 444 444 444 444 444 444 444 444 444 444 444 444 444 444 444 444 444 444 444 444 444 444 444 444 444 444 444 444 444 444 444 444 444 444 444 444 444 444 334 333 334 333 333 334 434 444 444 BBB EEE EDD DDC DDC DDD DDD EEE BAC 98A A9A CAB CBB 
EFF DEE DEE EFF EFF EFF EFF EFF EFF DEE EFF CDD 555 444 444 444 444 444 444 444 444 444 444 444 444 444 444 444 444 444 444 444 444 444 444 444 444 444 444 444 444 444 444 444 444 444 444 444 444 444 444 444 444 444 444 444 444 444 444 444 444 444 444 444 444 444 444 444 444 444 444 444 444 444 444 444 444 444 444 444 444 444 444 444 444 444 444 444 444 444 444 444 444 777 DDD EEE EEE EEE EEE EEE EEE EEE EEE EEE EEE EEE EEE EEE EEE EEE EEE EEE EEE EEE EEE EEE EEE EEE EEE EEE EEE EEE EEE EEE EEE EEE EEE EEE EEE EEE EEE EEE EEE EEE EEE EEE EEE EEE EEE EEE EEE EEE EEE EEE EEE EEE EEE EEE EEE EEE EEE EEE EEE EEE EEE EEE EEE EEE EEE EEE EEE EEE EEE EEE EEE EEE EEE EEE EEE EEE EEE EEE EEE EEE EEE DDD 777 444 444 333 334 334 333 333 333 434 333 444 BAB DCC CCC DCC EDD EDD EDD BAB 98A A9B BAB BAB 
EEF EEE EEF EFF EFF DEE EFF EFF EEF EEE EFF 777 344 444 444 444 444 444 444 444 444 444 444 444 444 444 444 444 444 444 444 444 444 444 444 444 444 444 444 444 444 444 444 444 444 444 444 444 444 444 444 444 444 444 444 444 444 444 444 444 444 444 444 444 444 444 444 444 444 444 444 444 444 444 444 444 444 444 444 444 444 444 444 444 444 444 444 444 444 444 444 444 444 888 FFF BBB AAA AAA AAA AAA AAA AAA AAA AAA AAA AAA AAA AAA AAA AAA AAA AAA AAA AAA AAA AAA AAA AAA AAA AAA AAA AAA AAA AAA AAA AAA AAA AAA AAA AAA AAA AAA AAA AAA AAA AAA AAA AAA AAA AAA AAA AAA AAA AAA AAA AAA AAA AAA AAA AAA AAA AAA AAA AAA AAA AAA AAA AAA AAA AAA AAA AAA AAA AAA AAA AAA AAA AAA AAA AAA AAA AAA AAA AAA BBB FFF 888 444 444 333 334 334 333 333 333 434 333 223 556 BBC CCC DCC DDC DCD CBC A9B 98A A9B A9B A9B 
EEF EEE EFF EFF DEE DEE EFF DEE EEE EFF ABB 444 444 444 444 444 444 444 444 444 444 444 444 444 444 444 444 444 444 444 444 444 444 444 444 444 444 444 444 444 444 444 444 444 444 444 444 444 444 444 444 444 444 444 444 444 444 444 444 444 444 444 444 444 444 444 444 444 444 444 444 444 444 444 444 444 444 444 444 444 444 444 444 444 444 444 444 444 444 444 444 444 444 888 FFF 555 333 444 444 444 444 444 344 344 344 344 444 333 333 444 444 444 444 444 444 444 444 444 444 444 444 444 444 444 444 444 444 444 444 444 444 444 444 444 444 444 444 444 444 444 444 444 444 444 444 444 444 444 444 444 444 444 444 444 444 444 444 444 444 444 334 333 333 333 444 444 444 444 444 444 444 444 444 333 555 FFF 888 444 444 333 334 334 333 334 333 333 233 233 223 999 DDD EDD DCC CAB A9B 98B 99B 98A 98A BAB 
EEE EEE EFF EFF EFF EFF EFF DEE EFF DEE 666 344 444 444 444 444 444 444 444 444 444 444 444 444 444 444 444 444 444 444 444 444 444 444 444 444 444 444 444 444 444 444 444 444 444 444 444 444 444 444 444 444 444 444 444 444 444 444 444 444 444 444 444 444 444 444 444 444 444 444 444 444 444 444 444 444 444 444 444 444 444 444 444 444 444 444 444 444 444 444 444 444 444 888 FFF 555 444 444 444 444 444 444 444 444 444 444 444 444 444 444 444 444 444 444 444 444 444 444 444 444 444 444 444 444 444 444 444 444 444 444 444 444 444 444 444 444 444 444 444 444 444 444 444 444 444 444 444 444 444 444 444 444 444 444 444 444 444 444 444 444 443 333 334 444 444 444 444 444 444 444 444 444 444 444 555 FFF 888 444 444 334 333 333 333 333 333 333 233 233 333 555 EDD EEE EDD CAB A9A A9B 98A 98A 98A AAB 
EEE DEE DEE EFF EFF DEE DEE EFF EFF ABB 344 444 444 444 444 444 444 444 444 444 444 444 444 444 444 444 444 444 444 444 444 444 444 444 444 444 444 444 444 444 444 444 444 444 444 444 444 444 444 444 444 444 444 444 444 444 444 444 444 444 444 444 444 444 444 444 444 444 444 444 444 444 444 444 444 444 444 444 444 444 444 444 444 444 444 444 444 444 444 444 444 444 444 888 FFF 555 444 444 444 444 444 444 444 444 444 444 444 444 444 444 444 444 444 444 444 444 444 444 444 444 444 444 444 444 444 444 444 444 444 444 444 444 444 444 444 444 444 444 444 444 444 444 444 444 444 444 444 444 444 444 444 444 444 444 444 444 444 444 444 444 443 333 334 344 444 444 444 444 444 444 444 444 444 444 555 FFF 888 444 444 344 333 333 333 333 333 333 333 333 333 433 BAB FEF EDE CBC BAB A9B 98A 98B 98A A9B 
DEE DEE EEE EEF EFF DEE DEE EFF EFF 677 344 444 444 444 444 444 444 444 444 444 444 444 444 444 444 444 444 444 444 444 444 444 444 444 444 444 444 444 444 444 444 444 444 444 444 444 444 444 444 444 444 444 444 444 444 444 444 444 444 444 444 444 444 444 444 444 444 444 444 444 444 444 444 334 333 334 444 444 444 444 444 444 444 444 444 444 444 444 444 444 444 444 444 888 FFF 555 444 444 444 444 444 444 444 444 444 444 444 444 444 444 444 444 444 444 444 444 444 444 444 444 444 444 444 444 444 444 444 444 444 444 444 444 444 444 444 444 444 444 444 444 444 444 444 444 444 444 444 444 444 444 444 444 444 444 334 344 444 444 444 444 444 334 334 344 444 444 444 444 444 444 444 444 444 444 555 FFF 888 333 444 334 333 333 333 333 333 333 333 334 434 333 777 FEF FEE CBC BAB A9A 98A 98A 97A A9B 
EEE EEF EEF EEF EFF DEE EEE EFF CDD 444 444 444 444 444 444 444 444 444 444 444 444 444 444 444 444 444 444 444 444 444 444 444 444 444 444 444 444 444 444 444 444 444 444 444 444 444 444 444 444 444 444 444 444 444 444 444 444 444 444 444 444 444 444 444 444 444 334 333 344 444 444 444 444 333 333 334 444 444 444 444 444 444 444 444 444 444 444 444 444 444 444 444 444 888 FFF 555 444 444 444 444 444 444 444 444 444 444 444 444 444 444 444 444 444 444 444 444 444 444 444 444 444 444 444 444 444 444 444 444 444 444 444 444 444 444 444 444 444 444 444 444 444 444 444 444 444 444 444 444 444 444 444 444 444 444 334 334 444 444 444 444 444 334 334 334 444 444 444 444 444 444 444 444 444 444 555 FFF 888 333 444 334 333 333 333 333 233 334 444 434 433 444 444 DCD FEE DCC BAB A9A 98A 98A 87A A9B 
EEE DEE EEE EEE EEF EEE DEE EFF 9AA 344 444 444 444 444 444 444 444 444 444 444 444 444 444 444 444 444 444 444 444 444 444 444 444 444 444 444 444 444 444 444 444 444 444 444 444 444 444 444 444 444 444 444 444 444 444 444 444 444 444 444 444 444 444 444 444 333 223 223 333 444 444 444 444 334 333 344 444 444 444 444 444 444 444 444 444 444 444 444 444 444 444 444 444 888 FFF 555 444 444 444 444 444 444 444 444 444 444 444 444 444 444 444 444 444 444 444 444 444 444 444 444 444 444 444 444 444 444 444 444 444 444 444 444 444 444 444 444 444 444 444 444 444 444 444 444 444 444 444 444 444 444 444 444 444 444 334 234 344 444 444 444 444 334 334 334 344 444 444 444 444 444 444 444 444 444 555 FFF 888 333 334 333 334 223 223 334 223 334 334 434 434 444 444 AAA FEE DDD 98A A9A A9B 98A 87A A9A 
EEF DEE DEE DEE EEE EFF EEE EFF 777 344 444 444 444 444 444 444 444 444 444 444 444 444 444 444 444 444 444 444 444 444 444 444 444 444 444 444 444 444 444 444 444 444 444 444 444 444 444 444 444 444 444 444 444 444 444 444 444 444 444 444 444 444 444 444 334 223 222 223 334 444 444 444 444 334 344 444 444 444 444 444 444 444 444 444 444 444 444 444 444 444 444 444 444 888 FFF 555 444 444 444 444 444 444 444 444 444 444 444 444 444 444 444 444 444 444 444 444 444 444 444 444 444 444 444 444 444 444 444 444 444 444 444 444 444 444 444 444 444 444 444 444 444 444 444 444 444 444 444 444 444 444 444 444 444 444 334 234 334 444 444 444 444 334 234 334 334 444 444 444 444 444 444 444 444 444 555 FFF 888 333 334 223 334 223 223 333 333 333 333 333 333 444 444 777 FEE EDE 88A 88A A9B 98A 879 A9A 
DEF DEF EEF EEF EEE EEE EEF DEE 566 444 444 444 444 444 444 444 444 444 444 444 444 444 444 444 444 444 444 444 444 444 444 444 444 444 444 444 444 444 444 444 444 444 444 444 444 444 444 444 444 444 444 444 444 444 444 444 444 444 444 444 444 444 444 444 333 223 222 333 444 444 444 444 444 344 444 444 444 444 444 444 444 444 444 444 444 444 444 444 444 444 444 444 444 888 FFF 555 444 444 444 444 444 444 444 444 444 444 444 444 444 444 444 444 444 444 444 444 444 444 444 444 444 444 444 444 444 444 444 444 444 444 444 444 444 444 444 444 444 444 444 444 444 444 444 444 444 444 444 444 444 444 444 444 444 444 234 234 234 444 444 444 444 334 133 234 334 444 444 444 444 444 444 444 444 444 555 FFF 888 433 334 223 233 234 233 333 334 333 434 444 333 444 444 656 EDD EEE 98B 87A 99B A8B 988 A8A 
EEF DEF EEF DEF DEE EEE EFF CDD 445 444 444 444 444 444 444 444 444 444 444 444 444 444 444 444 444 444 444 444 444 444 444 444 444 444 444 444 444 444 444 444 444 444 444 444 444 444 444 444 444 444 444 444 444 444 444 444 444 444 444 444 444 444 444 444 334 333 333 334 444 444 444 444 444 344 344 444 444 444 444 444 444 444 444 444 444 444 444 444 444 444 444 444 444 888 FFF 555 444 444 444 444 444 444 444 444 444 444 444 444 444 444 444 444 444 444 444 444 444 444 444 444 444 444 444 444 444 444 444 444 444 444 444 444 444 444 444 444 444 444 444 444 444 444 444 444 444 444 444 444 444 444 444 444 444 444 234 344 234 233 444 444 444 334 134 234 233 444 444 444 444 443 444 444 444 444 555 FFF 888 334 333 323 333 334 334 234 334 334 444 444 333 444 444 545 DCC FEE AAC 87A 99B A8B A89 98A 
DEF DEF EEF DEF DEE EEE EFF BCC 444 444 444 444 444 444 444 444 444 444 444 444 444 444 444 444 444 444 444 334 334 444 444 444 444 444 444 444 444 444 344 444 444 444 444 444 444 444 444 444 444 444 444 444 444 444 444 444 444 444 444 444 444 444 444 444 444 334 344 444 444 444 444 444 444 344 344 444 444 444 444 444 444 444 444 444 444 444 444 444 444 444 444 444 444 888 FFF 555 444 444 444 444 444 444 444 444 444 444 444 444 444 444 444 444 444 444 444 444 444 444 444 444 444 444 444 444 444 444 444 444 444 444 444 444 444 444 444 444 444 444 444 444 444 444 444 444 444 444 444 444 444 444 444 444 444 444 234 234 134 134 444 444 444 344 134 234 234 344 444 444 443 443 443 444 444 444 555 FFF 888 334 233 233 334 334 344 234 233 333 444 444 333 334 444 444 CCB FEE BAC 77A 98B 98B 889 88A 
DEF EEF DEF EEF EEF EEE EFF BBB 344 444 444 444 444 444 444 444 444 444 444 444 444 444 444 444 444 444 344 344 334 444 444 444 344 444 444 444 444 444 444 444 444 444 444 444 444 444 444 444 444 444 444 444 444 444 444 444 444 444 444 444 444 444 444 444 444 444 444 444 444 444 444 444 444 444 444 444 444 444 444 444 444 444 444 444 444 444 444 444 444 444 444 444 444 888 FFF 555 444 444 444 444 444 444 444 444 444 444 444 444 444 444 444 444 444 444 444 444 444 444 444 444 444 444 444 444 444 444 444 444 444 444 444 444 444 444 444 444 444 444 444 444 444 444 444 444 444 444 444 444 444 444 444 444 444 444 234 234 234 134 344 444 444 444 134 134 234 234 444 444 444 444 444 444 444 444 555 FFF 888 334 223 233 234 334 344 234 123 233 333 444 334 333 444 433 BBA EEE BAC 98B 88A 99B 88A 87A 
EEF DEF EEF DEE EEF DEE EEF ABB 444 444 444 444 444 444 444 444 444 444 444 444 444 444 444 444 444 444 344 444 444 444 444 444 444 444 444 444 444 444 444 444 444 444 444 444 444 444 444 444 444 444 444 444 444 444 444 444 444 444 444 444 444 444 444 444 444 444 444 444 444 444 444 444 444 444 444 444 444 444 444 444 444 444 444 444 444 444 444 444 444 444 444 444 444 888 FFF 555 444 444 444 444 444 444 444 444 444 444 444 444 444 444 444 444 444 444 444 444 444 444 444 444 444 444 444 444 444 444 444 444 444 444 444 444 444 444 444 444 444 444 444 444 444 444 444 444 444 444 444 444 444 444 444 444 444 444 234 234 134 134 334 444 444 444 234 134 234 234 344 344 444 444 334 444 444 444 555 FFF 888 233 233 223 234 223 334 234 123 223 333 334 333 333 333 333 BAA EEE AAC 88B 77A 98B 98B 87A 
EEF DEF DEE EEE EEE EEF EFF ABB 344 444 444 444 444 444 444 444 444 444 444 444 444 444 444 444 444 444 344 444 444 444 444 444 444 444 444 444 444 444 444 344 444 444 444 444 444 444 444 444 444 444 444 444 444 444 444 444 444 444 444 444 444 444 444 444 444 444 444 444 444 444 444 444 444 444 444 444 444 444 444 444 444 444 444 444 444 444 444 444 444 444 444 444 444 888 FFF 555 444 444 444 444 444 444 444 444 444 444 444 444 444 444 444 444 444 444 444 444 444 444 444 444 444 444 444 444 444 444 444 444 444 444 444 444 444 444 444 444 444 444 444 444 444 444 444 444 444 444 444 444 444 444 444 444 444 444 234 134 234 134 134 234 444 334 134 124 134 123 234 334 444 444 334 334 444 444 555 FFF 788 123 233 223 234 123 234 234 123 223 233 333 334 333 233 333 AAA EEE 99B 77B 77A 87A 88A 88A 
EEF EEF DEF DEE EEF DEE EFF ABB 344 444 444 444 444 444 444 444 444 444 444 444 444 444 444 444 444 444 444 344 444 444 444 444 444 444 444 444 444 444 444 444 444 444 444 444 444 444 444 444 444 444 444 444 444 444 444 444 444 444 444 444 444 444 444 444 444 444 444 444 444 444 444 444 444 444 444 444 444 444 444 444 444 444 444 444 444 444 444 444 444 444 444 444 444 888 FFF 555 444 444 444 444 444 444 444 444 444 444 444 444 444 444 444 444 444 444 444 444 444 444 444 444 444 444 444 444 444 444 444 444 444 444 444 444 444 444 444 444 444 444 444 444 444 444 444 444 444 444 444 444 444 444 444 444 444 444 244 244 244 134 024 024 344 234 124 123 134 134 234 334 444 444 234 123 444 444 555 FFF 778 223 234 234 234 123 334 234 223 234 233 344 444 333 223 333 AA9 EDE 88B 77B 77A 76A 88B 88A 
EEF DEE EEF EEF DEF DEF EEF ABB 344 444 444 444 444 444 444 444 444 444 444 444 444 444 444 444 444 444 334 344 444 334 334 444 444 444 444 444 444 444 444 444 444 444 444 444 444 444 444 444 444 444 444 444 444 444 444 444 444 444 444 444 444 444 444 444 444 444 444 444 444 444 444 344 444 444 444 444 444 444 444 444 444 444 444 444 444 444 444 444 444 444 444 444 444 888 FFF 555 444 444 444 444 444 444 444 444 444 444 444 444 444 444 444 444 444 444 444 444 444 444 444 444 444 444 444 444 444 444 444 444 444 444 444 444 444 444 444 444 444 444 444 444 444 444 444 444 444 444 444 444 444 444 444 444 444 344 134 134 124 024 124 024 234 344 023 023 124 124 234 344 444 444 234 013 234 444 555 FFF 788 233 334 234 123 234 344 234 234 223 234 334 333 233 223 223 AA9 DDD 77A 78B 77A 669 77A 88A 
EEF EEF DEE EEF EEF EEF EEF ABB 344 444 444 444 444 444 444 444 444 444 444 444 444 444 444 444 444 444 444 334 334 344 334 434 444 444 444 444 444 444 444 444 444 444 444 334 444 444 444 444 444 444 444 444 444 444 444 444 444 444 444 444 444 444 444 444 344 344 334 334 334 344 444 444 444 444 444 444 444 444 444 444 444 444 444 444 444 444 444 444 444 444 444 444 444 888 FFF 555 444 444 444 444 444 444 444 444 444 444 444 444 444 444 444 444 444 444 444 444 444 444 444 444 444 444 444 444 444 444 444 444 444 444 444 444 444 444 444 444 444 444 444 444 444 444 444 444 444 444 444 444 444 444 444 344 234 134 014 024 034 034 024 124 234 344 123 013 023 023 124 344 344 444 224 024 334 444 555 FFF 788 233 334 233 123 234 334 234 134 234 234 334 333 223 223 223 999 DCC 67A 78B 77A 66A 67A 88B 
DEE DEE EEF DEE EEF EEF EEF ABB 344 444 444 444 444 444 444 444 444 444 444 444 444 444 444 444 444 444 444 334 334 344 334 444 334 444 444 444 334 444 444 444 444 334 444 444 344 334 334 444 444 444 444 444 444 444 444 444 444 444 444 444 444 444 444 334 333 333 233 333 334 444 444 444 444 444 444 444 444 444 444 444 444 444 444 444 444 444 444 444 444 444 444 444 444 888 FFF 555 444 444 444 444 444 444 444 444 444 444 444 444 444 444 444 444 444 444 444 444 444 444 444 444 444 444 444 444 444 444 444 444 444 444 444 444 444 444 444 444 444 444 444 444 444 444 444 444 444 444 444 444 344 234 344 124 014 014 124 134 134 024 134 124 234 234 234 013 024 024 023 344 334 444 334 124 234 444 555 FFF 788 233 334 234 123 124 234 234 134 134 123 234 334 223 123 223 899 CCD 56A 78B 77A 56A 569 78B 
DEF EEF EEF DEE DEE DEE EEF ABB 444 444 444 444 444 444 444 444 444 444 444 444 444 444 444 444 444 444 444 444 344 334 344 344 444 444 344 334 334 334 444 444 444 334 334 334 334 344 334 334 334 334 444 444 444 444 444 444 444 444 444 444 334 333 333 223 222 122 222 333 334 444 444 444 444 444 444 444 444 444 444 444 444 444 444 444 444 444 444 444 444 444 444 444 444 888 FFF 555 444 444 444 444 444 444 444 444 444 444 444 444 444 444 444 444 444 444 444 444 444 444 444 444 444 444 444 444 444 444 444 444 444 444 444 444 444 444 444 444 444 444 444 444 444 444 444 444 444 444 344 334 234 124 024 024 024 134 134 134 134 024 124 124 344 124 124 023 034 024 023 344 234 444 444 123 134 444 555 FFF 888 233 334 234 123 123 123 234 134 124 123 123 334 233 123 123 679 99C 46A 89B 78B 57A 459 67A 
EEF EEF EEF DEF EEF DEE EEF AAB 344 444 444 444 444 444 444 444 444 444 444 444 444 444 444 444 444 444 444 444 444 334 344 344 344 344 334 334 334 334 344 444 444 444 444 344 334 444 344 334 344 344 334 444 444 444 444 444 444 444 334 333 223 222 112 112 112 112 223 334 444 444 444 444 444 444 444 444 444 444 444 444 444 444 444 444 444 444 444 444 444 444 444 444 444 888 FFF 555 444 444 444 444 444 444 444 444 444 444 444 444 444 444 444 444 444 444 444 444 444 444 444 444 444 444 444 444 444 444 444 444 444 444 444 444 444 444 444 444 444 444 444 444 444 444 444 344 444 344 134 024 014 024 134 134 134 124 123 234 234 024 024 024 234 134 013 013 034 034 023 234 134 344 444 123 124 334 555 FFF 888 233 234 123 123 124 123 234 134 124 123 123 233 333 233 233 678 78C 46A 9AC 67A 359 348 469 
DEF EEF DEF DEF EEF DEE EEF ABB 344 444 444 444 444 444 444 444 444 444 444 444 444 444 444 444 444 444 444 444 334 344 344 344 344 344 334 444 334 334 334 344 334 334 444 334 334 344 344 334 334 344 334 444 444 444 444 444 334 333 223 112 112 012 011 011 012 112 333 444 444 444 444 444 444 444 444 444 444 444 444 444 444 444 444 444 444 444 444 444 444 444 444 444 444 888 FFF 555 444 444 444 444 444 444 444 444 444 444 444 444 444 444 444 444 444 444 444 444 444 444 444 444 444 444 444 444 444 444 444 444 444 444 444 444 444 444 444 444 444 444 444 444 444 444 444 234 134 134 024 124 134 134 134 024 014 024 134 024 024 024 024 024 014 234 123 124 014 034 024 234 234 234 444 234 024 233 555 FFF 888 233 234 123 013 124 123 234 134 023 123 123 233 444 434 333 999 89C 46A 569 778 358 359 67B 
EEF EEF DEE DEE DEE EEF EEF AAB 344 444 444 444 444 444 444 444 444 444 444 444 444 444 444 444 444 444 444 444 344 344 344 344 444 344 444 444 344 334 334 334 344 334 334 344 344 344 334 334 333 344 334 334 444 444 334 344 334 223 112 011 011 011 001 011 112 223 334 444 444 444 444 444 444 444 444 444 444 444 444 444 444 444 444 444 444 444 444 444 444 444 444 444 444 888 FFF 555 444 444 444 444 444 444 444 444 444 444 444 444 444 444 444 444 444 444 444 444 444 444 444 444 444 444 444 444 444 444 444 444 444 444 444 444 444 444 444 444 444 444 444 444 444 234 134 024 034 134 134 134 134 024 024 024 024 024 024 024 024 014 014 024 014 234 244 234 013 014 024 234 234 134 444 234 024 123 555 FFF 888 233 234 234 113 124 234 234 134 023 023 013 123 444 334 333 99A 56B 25A 359 56A 57B 57B 57B 
EEF EEF DEE EEE DEE DEE EEF AAB 344 444 444 444 444 444 444 444 444 444 444 444 444 444 444 444 444 444 444 444 444 444 344 344 334 334 444 444 444 444 444 334 334 334 444 444 344 344 344 344 334 344 344 334 334 334 444 334 323 112 012 001 001 001 011 112 122 333 344 444 444 444 444 444 444 444 444 444 444 444 444 444 444 444 444 334 444 444 444 444 444 444 444 444 444 888 FFF 555 444 444 444 444 444 444 444 444 444 444 444 444 444 444 444 444 444 444 444 444 444 444 444 444 444 444 444 444 444 444 444 444 444 444 444 444 444 444 444 444 444 444 444 444 444 234 034 134 134 134 134 024 024 034 034 034 024 024 024 024 024 014 014 024 014 124 244 244 124 013 013 124 344 134 444 334 013 013 345 FFF 888 233 334 444 234 023 123 234 134 023 023 013 223 334 334 233 BBB 78C 35B 47B 47B 57B 57A 47B 
EEE EEE EEF EEF EEF EEF EEF AAB 344 444 444 444 444 444 444 444 444 444 444 444 444 444 444 444 444 444 444 444 444 444 444 444 344 344 444 444 444 444 444 444 344 334 444 334 334 344 344 344 344 444 444 444 444 444 344 333 222 012 001 001 001 011 112 222 233 334 344 444 444 444 444 444 444 444 444 444 444 444 444 444 444 444 444 444 444 444 444 444 444 444 444 444 444 888 FFF 555 444 444 444 444 444 444 444 444 444 444 444 444 444 444 444 444 444 444 444 444 444 444 444 444 444 444 444 444 444 444 444 444 444 444 444 444 444 444 444 444 444 444 444 444 444 344 134 134 124 124 134 134 034 034 034 034 024 014 024 024 014 014 014 014 014 014 234 244 244 234 124 013 124 134 234 444 013 014 234 FFF 888 333 444 444 334 023 023 134 134 023 023 123 124 334 344 233 BBB ABD 249 36B 36A 47B 47A 37A 
EEF EEE EEE EEF EEF EEF EEF AAB 344 444 444 444 444 444 444 444 444 444 444 444 444 444 444 444 444 444 444 444 444 444 444 444 444 444 444 444 444 444 444 444 344 344 444 444 344 344 444 444 344 444 444 444 444 344 333 223 112 011 001 001 001 112 222 333 334 344 344 444 344 344 344 344 344 344 444 444 444 444 444 444 344 444 444 444 444 444 444 444 444 444 444 444 444 888 FFF 555 444 444 444 444 444 444 444 444 444 444 444 444 444 444 444 444 334 344 444 444 444 444 444 444 444 444 444 444 444 444 444 444 444 444 444 444 444 444 444 344 234 344 444 444 444 344 024 134 234 244 244 034 034 034 034 034 024 014 014 014 014 014 014 014 014 014 134 244 244 234 234 123 024 124 134 444 123 013 124 FFF 888 444 444 444 334 023 023 134 134 023 023 013 013 234 344 233 BAB BBD 249 36A 36A 37B 36A 47A 
DEE EEF EEF DEE EEF EEF EEF AAB 344 444 444 444 444 444 444 444 444 444 444 444 444 444 444 444 444 444 444 444 444 444 444 444 444 444 444 444 444 444 444 444 444 444 444 444 444 444 444 444 444 344 444 444 344 334 223 112 011 001 001 001 112 222 333 334 444 444 444 444 444 444 444 444 444 344 444 444 444 444 444 344 444 444 444 444 444 444 444 444 444 444 444 444 444 888 FFF 555 444 444 444 444 444 444 444 444 444 444 444 444 444 444 444 444 334 444 444 444 444 444 444 444 444 444 444 444 444 444 444 444 444 444 444 444 444 444 444 344 234 344 444 444 444 344 134 134 134 144 134 034 034 034 034 034 024 024 014 014 014 014 014 014 014 014 024 134 244 234 234 234 134 124 234 234 123 113 334 FFF 888 444 234 234 234 023 023 134 134 124 023 013 123 123 333 333 89A 78C 35A 35A 36A 36A 36A 46A 
DEE EEF EEF EEF EEF DEE EEF AAB 334 444 444 444 444 444 444 444 444 444 444 444 444 AAA BBB 444 444 444 555 BBB 444 555 CCC BBB BBB BBB 555 AAA 777 444 444 555 BBB 778 BBB BBB CDD BBB BBB 777 334 444 444 344 334 223 112 011 001 001 011 112 222 333 444 444 444 444 444 444 444 444 444 444 444 444 444 444 444 444 444 444 444 444 444 444 444 444 444 444 444 444 444 444 444 888 FFF 555 444 444 444 444 444 444 444 444 444 444 444 444 444 444 444 444 334 444 444 444 444 444 444 444 444 444 444 444 444 444 444 444 444 444 444 444 444 444 444 334 244 234 444 444 444 444 134 034 134 144 034 034 034 034 034 034 034 024 014 024 024 024 014 014 004 003 014 124 244 244 234 134 244 024 234 124 124 013 224 FFF 888 444 233 023 124 123 023 123 134 134 023 023 123 013 233 333 579 36B 34A 35A 35A 46A 36A 36A 
EEF EEF EEE EEF DEE DEE EEF ABB 344 444 444 444 444 444 444 444 444 444 444 444 444 AAA DDD 888 344 444 555 CCC 455 666 CCD 444 444 444 444 666 CCC 555 334 AAB 889 334 444 455 CCC 455 444 444 344 444 444 334 333 222 112 011 011 011 112 223 333 444 444 444 444 444 444 444 444 444 444 444 444 444 444 444 444 444 444 444 444 444 444 444 444 444 444 444 444 444 444 444 444 888 FFF 555 444 444 444 444 444 444 444 444 444 444 444 444 444 444 444 444 444 444 444 444 444 444 444 444 444 444 444 444 444 444 444 444 444 444 444 444 444 444 444 234 244 134 444 444 444 444 134 034 034 134 034 034 034 034 034 024 024 024 024 024 014 014 014 014 014 003 004 004 124 244 234 134 244 034 134 344 134 013 124 FFF 888 444 334 023 123 123 013 123 134 023 123 013 013 013 223 333 468 36B 349 349 35A 35A 359 36A 
EEF EEF EEF EEF EEF EEE EEF AAB 334 444 444 444 444 444 444 444 444 444 444 444 444 AAA 888 CCC 555 444 555 CCC 444 666 CCC 334 334 334 444 444 888 AAA 777 BBB 344 344 334 445 CCC 445 344 344 444 444 444 334 223 112 112 112 112 222 223 334 444 444 444 444 444 444 444 444 444 444 444 444 444 444 444 444 444 444 444 444 444 444 444 444 444 444 444 444 444 444 444 444 444 888 FFF 555 444 444 444 444 444 444 444 444 444 444 444 444 444 444 444 444 444 444 444 444 444 444 444 444 444 444 444 444 444 444 444 444 444 444 444 444 444 444 444 334 234 134 334 444 444 444 234 034 034 034 034 034 024 034 024 024 024 014 014 014 014 014 014 004 014 014 014 004 004 134 244 134 234 134 134 344 134 013 124 FFF 888 344 234 013 123 234 013 024 123 023 113 013 013 002 223 333 358 36A 339 339 359 359 359 35A 
EEF EEF EEF EEF EEF EEE EEF AAB 334 444 444 444 444 444 444 444 444 444 444 444 444 BBB 777 777 BBB 334 445 CCC 444 556 DDD 888 888 777 334 444 444 BBB DDD 555 334 444 444 445 CCC 555 444 444 344 444 444 334 333 222 112 222 223 334 434 444 444 444 444 444 444 444 444 444 444 444 444 444 444 444 444 444 444 444 444 444 444 444 444 444 444 444 444 444 444 444 444 444 444 888 FFF 555 444 444 444 444 444 444 444 444 444 444 444 444 444 444 444 444 444 444 444 444 444 444 444 444 444 444 444 444 444 444 444 444 444 444 444 444 444 444 444 334 234 134 234 444 444 444 234 134 034 034 024 024 024 024 024 024 014 004 004 004 004 004 004 003 003 003 014 014 004 014 134 134 134 234 134 344 234 123 134 FFF 677 133 024 014 023 234 023 123 113 013 013 003 013 013 113 333 357 46A 349 339 349 359 348 359 
EEF EEF EEF EEF EEF EEF EEF ABB 334 444 444 444 444 444 444 444 444 444 444 444 444 BBB 777 333 BBB 888 444 CCC 444 556 DDD 888 888 777 344 334 334 BBB EDE 555 444 444 444 445 CCC 445 444 444 444 344 444 334 334 333 333 334 334 444 444 444 444 444 444 444 444 444 444 444 444 444 444 444 444 444 444 444 444 444 444 444 444 444 444 444 444 444 444 444 444 444 444 444 444 888 FFF 555 444 444 444 444 444 444 444 444 444 444 444 444 444 444 444 434 444 444 444 344 233 344 444 444 444 444 444 444 444 444 444 444 444 444 444 444 444 444 444 344 134 134 133 444 444 444 134 034 034 024 014 024 034 024 014 004 004 014 014 014 014 014 014 014 003 014 024 014 024 013 014 134 134 244 034 234 334 234 345 FFF 678 013 024 024 013 134 123 123 113 013 013 013 012 013 012 333 568 45B 339 328 338 349 348 359 
EEF EEF EEF EEF EEF EEE EEF ABB 344 444 444 444 444 444 444 444 444 444 444 444 444 BBB 777 334 555 CCC 666 CCC 444 556 CCC 334 334 334 334 334 889 AAA 777 CCC 444 444 444 545 CCC 445 444 444 444 334 334 334 334 334 344 444 444 444 444 444 444 444 444 344 444 444 444 444 444 444 444 444 434 434 434 444 444 444 444 444 444 444 444 444 444 444 444 444 444 444 444 444 444 888 FFF 555 444 444 444 444 444 444 444 444 444 444 444 444 444 444 444 334 334 334 234 233 234 444 444 444 444 444 444 444 444 444 444 444 444 444 444 444 444 444 444 444 134 144 134 444 444 344 034 024 014 014 024 024 014 004 004 004 014 014 014 014 014 014 014 014 014 014 014 014 014 024 014 013 024 234 134 134 134 234 345 FFF 678 013 024 023 013 123 123 023 123 013 013 013 002 012 002 223 679 45A 448 437 338 348 337 349 
EDE EEF EDE EDE EDE EEF EEF AAB 334 444 444 444 444 444 444 444 444 444 444 444 334 BBB 777 334 334 777 CCC CCC 445 556 CCC 334 334 334 334 566 CCC 445 334 AAA 999 444 444 555 CCC 445 444 444 444 334 344 344 344 344 444 444 444 444 444 444 444 444 444 344 444 444 444 444 444 444 444 444 434 434 334 334 434 444 444 444 444 444 444 444 444 444 444 444 444 444 444 444 444 888 FFF 555 444 334 444 444 444 444 444 444 444 444 444 444 444 444 434 333 223 223 223 334 334 444 444 444 444 444 444 444 444 444 444 444 444 444 444 444 444 444 444 344 134 144 134 344 444 234 024 014 024 024 014 014 004 004 014 024 014 014 014 014 014 014 014 014 004 014 014 004 014 014 024 024 023 124 024 024 034 123 345 FFF 678 013 024 024 013 013 013 023 023 013 113 013 002 002 002 122 789 879 B86 867 438 867 656 348 
EEF EEF EEF EDE EEF EEF EEF AAB 334 444 444 444 444 444 444 444 444 444 444 444 334 BBB 777 334 344 334 AAA EEE 444 556 DDD 99A 999 99A 666 BBB 677 334 444 555 CCC 666 444 555 CCC 445 444 334 334 334 344 344 344 444 444 444 444 444 444 344 444 344 344 444 444 444 444 444 444 444 444 444 444 334 334 334 334 444 444 444 444 444 444 444 444 444 444 444 444 444 444 444 444 888 FFF 555 434 333 334 444 444 444 444 444 444 444 444 444 444 444 333 223 334 333 223 334 333 334 344 444 444 444 444 444 444 444 444 444 444 444 444 444 444 444 444 223 134 034 034 234 444 444 234 024 014 014 004 004 004 004 014 024 014 004 004 004 004 004 004 004 003 014 014 004 004 003 014 024 034 024 023 024 034 134 245 FFF 678 023 023 024 013 013 013 023 123 013 013 013 002 002 002 112 468 569 657 448 348 B76 A65 238 
EEF EEF EEF EEF EEF EEF EEF AAB 334 444 444 444 444 444 444 444 444 444 444 444 444 555 445 344 344 344 444 566 444 444 666 667 667 667 555 556 334 444 444 444 555 555 444 444 556 444 334 334 344 344 444 344 444 444 444 344 334 334 334 334 344 444 444 444 444 444 444 444 444 444 444 444 444 334 444 334 334 444 444 444 444 444 444 444 444 444 444 444 444 444 444 444 444 888 FFF 555 333 223 334 444 444 444 444 444 444 444 444 444 444 434 333 023 334 333 233 334 334 334 234 444 444 444 444 444 444 444 444 444 444 444 444 444 444 444 444 224 034 034 034 134 344 444 234 024 014 004 004 004 004 004 013 014 014 004 004 004 004 004 004 004 014 014 004 004 004 124 003 014 024 024 024 023 024 134 245 FFF 678 023 124 024 023 013 013 023 123 013 113 013 002 002 002 002 237 349 359 348 337 546 647 238 
EEF EEF EEF EEF EEF EEF EEF AAB 334 444 444 444 444 444 444 444 444 444 444 444 444 344 344 344 344 344 344 344 344 344 334 334 334 334 344 334 344 444 444 444 444 444 444 444 444 444 444 444 344 344 444 444 444 444 334 334 344 334 334 334 344 344 444 444 444 444 444 444 444 444 444 444 334 334 444 334 334 444 444 444 444 444 444 444 444 444 444 444 444 444 444 444 444 888 FFF 555 333 333 333 444 444 444 444 444 444 444 444 444 444 344 333 123 233 234 233 334 334 334 233 344 444 444 444 444 444 444 444 444 444 444 444 444 444 444 444 234 024 034 034 024 234 444 444 344 124 004 004 004 004 004 014 004 004 004 004 004 004 014 014 014 003 003 003 004 004 234 013 003 014 014 024 024 024 024 124 FFF 678 023 134 124 023 013 013 013 123 013 013 013 002 002 002 002 226 328 68A 66A 227 327 328 237 
DEE CDE CCE EEF EEF EEF EEF AAB 334 444 444 444 444 444 444 444 444 444 444 444 344 344 344 344 344 344 344 344 344 344 344 344 344 344 344 344 344 344 344 344 344 444 444 444 334 444 444 444 334 334 334 444 344 344 344 334 334 334 344 344 444 444 444 444 444 444 444 444 444 444 444 344 334 334 334 334 334 444 444 444 444 444 444 444 444 444 444 444 444 444 444 444 444 888 FFF 555 333 334 333 444 444 444 444 444 444 444 444 333 444 444 333 334 233 334 223 233 334 334 233 344 444 444 444 444 344 444 344 444 444 444 444 444 444 444 444 233 034 024 034 024 134 444 444 444 444 114 004 004 004 004 014 004 004 004 004 004 014 014 004 003 003 004 004 004 004 124 124 014 014 003 014 014 024 014 124 FFF 678 023 124 023 123 123 013 013 113 012 002 013 002 002 002 002 226 238 78A 78B 227 327 337 237 
DDE CCE CCE EDE EEF EEF EEF AAB 334 444 444 444 444 444 444 444 444 444 444 444 344 344 344 344 344 344 344 344 344 344 344 344 344 344 344 444 444 444 344 344 344 344 444 444 444 444 444 444 334 444 444 344 344 444 334 344 444 344 344 344 344 344 444 444 444 444 444 444 444 444 444 344 344 344 344 334 334 444 444 444 444 444 444 444 444 444 444 333 333 444 444 444 444 888 FFF 555 334 333 333 344 334 444 444 444 444 444 444 333 333 444 333 233 233 334 223 233 334 334 334 334 444 344 444 344 334 224 234 344 444 444 444 444 444 334 123 123 024 014 024 014 134 344 444 444 444 334 003 004 014 014 004 004 004 004 014 014 014 003 014 003 003 004 003 003 003 124 234 013 024 014 013 013 014 013 124 FFF 678 023 124 013 023 124 013 013 012 113 113 013 012 002 002 002 226 238 569 89B 337 227 227 226 
CDE CCE DDE EEF EDE EEF EEF AAB 334 444 444 444 444 444 444 444 444 444 444 344 344 344 344 344 344 344 344 344 344 344 344 344 344 344 444 444 444 444 444 444 444 444 444 444 444 444 444 444 444 334 334 344 444 444 444 444 344 344 444 444 344 444 444 444 444 444 444 444 444 444 444 444 344 344 344 334 344 444 444 444 444 444 444 444 444 444 444 333 223 444 444 444 444 888 FFF 555 444 333 333 334 334 344 344 444 444 444 444 334 333 223 223 233 233 334 223 123 334 334 334 234 444 334 334 334 234 334 444 444 444 444 444 444 444 223 134 124 013 014 013 014 034 344 444 444 444 444 114 004 003 004 004 004 014 014 003 014 003 003 014 003 003 003 003 003 004 013 234 124 124 123 013 014 014 013 124 FFF 678 013 123 013 123 123 123 013 013 113 113 013 013 002 002 002 126 127 347 89B 348 226 227 236 
CCE CDE DEE EEE EDE EEF EEF AAB 334 344 444 444 444 444 444 444 444 444 444 444 344 344 344 344 344 344 344 344 344 344 344 344 344 344 444 444 444 444 444 444 444 444 444 444 444 444 444 444 444 344 334 444 444 444 444 444 334 344 444 444 344 444 444 444 444 344 444 444 444 444 344 344 344 344 334 444 444 444 444 444 444 444 444 444 444 444 444 223 223 444 444 444 444 888 FFF 555 444 333 223 223 333 344 344 344 444 334 223 223 333 334 334 233 233 233 223 123 223 123 334 123 444 233 233 344 444 444 444 444 444 444 444 444 444 334 234 123 013 024 013 013 124 344 444 444 444 444 334 003 004 004 014 014 013 003 003 004 003 003 003 003 003 003 003 003 004 013 124 134 134 234 123 024 013 013 124 FFF 678 013 013 013 123 134 123 012 013 113 113 013 013 002 002 002 126 127 227 79B 458 126 227 237 
BBD CDE DEF DEE DEF DEF DDF 99A 334 344 344 444 444 444 444 444 444 444 444 444 444 444 444 344 344 344 444 444 444 444 344 344 444 444 444 444 444 444 444 444 444 444 444 444 444 444 444 444 444 444 444 444 444 444 334 344 334 344 344 444 444 444 444 344 344 344 444 444 444 344 344 344 344 444 444 444 444 444 444 444 444 444 444 444 444 444 444 222 223 444 444 444 444 888 FFF 555 444 233 223 223 223 444 334 233 233 223 223 333 333 233 223 223 233 123 123 123 123 123 334 123 344 444 344 344 344 344 444 344 444 444 444 444 444 444 234 123 013 014 003 003 013 244 444 444 444 444 444 113 004 014 004 014 003 003 014 014 004 014 003 003 003 013 013 003 003 013 024 134 024 134 134 124 013 013 124 FFF 567 013 013 013 013 234 123 012 013 113 013 013 013 002 002 002 115 117 126 67A 57A 116 226 237 
BBE CCE DDF CDE DDE CCE BCD 88A 334 344 344 444 444 444 444 444 444 444 444 444 444 444 444 444 444 444 444 444 444 444 444 444 444 444 444 444 444 444 444 444 444 444 444 444 444 444 444 444 444 444 444 444 444 444 344 334 334 334 344 444 444 344 334 334 334 334 334 334 334 344 344 334 344 444 444 444 444 444 444 444 444 444 444 444 444 444 333 122 223 444 444 444 444 888 FFF 555 444 223 223 223 223 233 223 223 223 223 334 333 223 233 233 223 223 123 123 223 123 123 234 223 234 444 334 344 344 344 334 344 444 344 344 344 444 444 233 123 013 014 003 003 013 134 344 444 444 444 224 013 004 003 004 014 003 003 003 024 013 013 003 003 003 013 013 003 003 003 024 134 024 124 123 123 013 013 124 FFF 667 123 123 123 013 234 123 013 013 113 013 012 013 002 002 002 115 117 126 459 68B 126 116 126 
BCE BCE CDE BCE BCD BBD BBD 889 333 344 344 444 444 444 444 444 444 444 444 444 444 444 444 444 444 444 444 444 444 444 444 444 444 444 444 444 444 444 444 444 444 444 444 444 344 344 344 444 444 444 444 444 444 444 444 344 334 334 334 344 344 334 334 334 334 334 334 334 334 334 334 334 334 444 444 444 444 444 444 444 444 444 444 444 444 444 333 112 223 444 444 444 444 888 FFF 555 333 122 223 223 222 223 233 223 122 123 123 223 223 233 223 122 223 123 223 223 123 123 223 223 123 344 234 334 344 344 344 444 444 344 444 344 444 444 234 023 013 014 003 003 003 034 234 444 444 334 013 014 003 004 003 014 013 003 014 014 003 003 003 003 013 114 013 013 003 003 013 134 023 124 124 123 013 003 224 FFF 667 012 123 124 013 223 123 013 013 113 013 012 012 002 002 001 115 127 116 348 68B 237 115 126 
BCE BCE BCD BCD BCD BCD BCD 88A 334 344 344 344 344 444 444 444 444 444 444 444 444 444 444 444 444 444 444 444 444 444 444 444 444 444 444 444 444 444 444 444 444 444 334 334 334 334 344 344 444 444 444 444 444 444 444 444 344 334 434 334 334 334 434 444 334 334 334 334 334 334 334 334 334 444 444 444 344 444 444 444 444 444 444 444 444 444 444 222 223 444 444 444 444 888 FFF 444 122 222 223 122 112 223 223 112 123 223 223 223 123 233 123 012 123 123 113 233 123 123 123 233 013 344 134 234 334 334 444 444 444 444 444 444 444 444 334 023 013 014 003 003 003 024 124 134 234 444 013 014 014 004 003 003 003 003 013 003 014 014 013 123 013 123 123 113 003 003 013 124 124 123 124 123 013 003 224 FFF 567 002 123 123 013 123 123 013 012 013 012 012 012 002 001 001 115 127 116 227 68A 358 115 126 
ACD BCD BCD BBD BCD CDE CCD 89A 334 444 444 444 444 444 444 444 444 444 444 444 444 444 444 444 444 444 444 444 444 444 444 444 444 444 444 444 444 444 444 444 444 334 334 333 333 333 334 444 444 444 444 444 444 444 444 444 444 334 434 434 334 334 434 444 434 334 334 334 334 334 334 334 434 444 444 334 333 334 444 444 444 444 444 444 444 444 333 112 223 444 444 333 222 777 FFF 233 223 223 223 112 112 122 223 223 122 122 223 123 012 223 334 234 012 012 113 123 123 123 123 234 013 334 123 234 334 234 344 444 444 444 444 444 444 444 234 013 013 014 003 003 013 023 024 014 124 444 123 014 014 003 004 003 014 003 003 003 003 013 124 123 013 123 123 013 013 013 013 123 124 123 123 124 023 003 124 FFF 667 013 123 113 113 123 123 113 012 012 012 012 012 002 001 001 015 116 116 127 57A 469 126 115 
ACD BBD BBD ABD BCD BBD CCD 89A 344 444 344 444 444 444 444 444 444 444 444 444 444 444 444 444 444 444 444 444 444 444 444 444 444 444 444 444 444 444 444 444 334 333 233 223 333 334 334 444 444 444 444 444 444 444 444 444 334 334 334 444 344 334 434 444 444 434 334 334 334 334 334 334 334 334 333 223 333 334 344 444 444 444 444 444 444 444 333 112 223 334 223 112 112 777 FFF 334 112 112 122 123 123 223 223 223 112 123 223 122 333 334 223 223 012 113 123 013 013 013 013 223 013 223 224 123 334 234 334 444 444 444 444 444 444 444 223 013 013 014 003 013 013 013 134 124 013 334 334 014 014 003 003 003 013 003 003 014 013 024 124 123 013 013 224 013 013 113 112 123 134 123 123 123 123 003 124 FFF 678 013 123 123 123 113 134 123 002 012 012 012 012 002 001 001 015 116 116 126 459 57A 126 015 
BCC BBC BBD BBD DDE BBD CDE 9AB 334 444 344 344 344 444 444 444 444 444 444 444 444 444 444 444 444 444 444 444 444 444 444 444 444 444 444 444 444 444 344 334 334 333 223 223 333 334 444 444 444 444 444 444 444 444 444 444 334 334 344 444 444 444 444 444 434 434 434 334 334 334 334 334 334 334 223 334 444 344 344 444 444 344 344 444 444 444 223 112 112 112 112 123 112 667 FFF 233 112 122 123 122 112 223 233 334 223 123 122 122 233 334 334 334 013 012 013 013 013 013 013 123 013 013 013 123 234 234 234 444 444 444 444 334 444 444 223 002 002 003 003 013 013 013 024 013 013 223 344 013 003 003 003 003 014 003 003 013 013 024 124 124 013 013 124 013 113 112 113 123 134 123 123 123 123 003 124 FFF 677 013 123 123 123 013 123 113 002 012 012 012 012 002 001 001 014 116 116 116 248 57A 237 015 
BCD BBD BBD BBD CDE BBD ABD 9AB 334 344 344 444 344 444 444 444 444 444 444 444 444 444 444 444 444 444 444 444 444 444 444 444 444 444 444 444 444 444 444 334 334 334 334 333 334 444 444 444 444 444 444 444 444 444 444 444 434 334 344 344 344 434 444 444 434 434 434 434 334 334 334 334 334 334 334 434 444 444 444 444 444 444 444 344 334 223 112 112 122 123 223 112 112 667 FFF 233 112 122 112 112 223 334 334 223 012 012 112 112 123 233 334 444 123 002 012 013 012 012 013 123 013 013 003 113 234 234 234 334 344 344 444 334 234 234 233 001 002 003 003 013 013 013 023 113 124 013 124 003 003 003 003 003 014 013 003 013 013 014 123 113 013 003 113 113 123 123 013 013 133 123 123 123 123 013 124 FFF 667 013 013 123 123 013 123 123 012 002 012 012 012 002 001 001 014 016 015 015 237 479 358 015 
BBD BBC CDE BBD ABC ABC CDE AAB 334 344 444 444 444 444 444 444 444 444 444 444 444 444 444 444 444 444 444 444 444 444 444 444 444 444 444 444 444 444 444 444 334 444 444 444 444 444 444 444 444 444 444 444 444 444 444 344 344 334 344 444 344 344 444 444 444 434 434 434 334 334 334 334 334 334 334 434 334 334 444 444 344 333 223 112 112 001 012 112 112 122 122 123 112 667 FFF 223 012 112 112 122 223 223 223 112 012 012 112 112 123 233 333 434 223 012 012 113 012 012 123 013 002 013 003 013 234 233 234 233 233 223 233 234 134 134 234 123 002 002 013 013 013 013 113 123 234 013 024 013 003 003 003 003 013 013 003 013 013 013 013 013 013 003 113 223 123 123 013 013 123 123 123 123 123 013 124 FFF 677 013 013 123 123 012 123 123 012 002 012 012 002 002 001 001 004 015 116 014 126 469 458 115 
BAD BBC BCD ABC 9AC BBD DDF AAB 334 444 444 444 444 444 444 444 444 444 444 444 444 444 444 444 444 444 444 444 444 444 444 444 444 444 444 444 444 444 444 444 444 334 444 444 444 444 444 444 444 444 444 444 344 344 344 344 344 344 344 344 344 334 434 444 444 444 434 434 334 334 334 334 334 334 334 334 334 334 323 223 122 112 112 112 112 122 112 112 112 112 112 112 001 667 FFF 334 112 112 122 112 223 112 334 334 012 012 112 122 123 233 233 444 333 113 012 123 012 113 113 012 002 002 013 113 223 223 113 013 012 002 013 002 002 002 013 013 002 002 013 013 013 013 123 123 223 003 013 013 003 003 003 003 114 013 003 013 013 003 003 013 013 013 113 123 113 123 013 013 123 123 123 123 123 013 124 FFF 667 012 013 113 123 012 012 012 002 002 012 012 012 012 001 001 004 004 015 014 115 358 469 136 
BBD CCE BBD ABC 9AC BBC DDE AAB 334 444 444 444 444 444 444 444 444 444 444 444 444 444 444 444 444 444 444 444 444 444 444 444 444 444 444 444 444 444 444 444 444 444 444 444 444 444 444 444 444 444 444 344 344 344 344 344 344 344 344 344 344 344 434 444 444 444 444 434 334 334 334 334 334 434 434 223 112 112 112 012 112 112 122 233 334 223 122 122 112 223 222 123 233 778 FFF 334 112 112 112 112 233 122 333 334 012 012 012 123 122 233 223 434 334 123 012 223 012 113 002 002 002 112 123 113 012 002 002 002 002 002 002 002 013 113 013 013 003 002 012 013 013 013 023 023 013 013 013 114 003 003 003 003 013 013 003 013 013 003 003 003 013 013 013 113 013 123 013 013 123 123 123 123 123 013 124 FFF 667 012 012 012 123 012 012 012 002 001 012 012 002 002 001 001 014 014 014 014 114 247 359 237 
ABC BBD BBC AAC AAB CCD FFF BBB 444 444 444 444 444 333 444 444 444 444 444 444 444 444 444 444 444 444 444 444 444 444 444 444 444 444 444 444 444 444 444 444 444 444 444 444 444 444 444 444 444 444 444 444 344 444 344 344 444 444 444 444 344 344 434 444 444 444 444 444 334 334 334 334 334 334 434 223 011 012 112 112 223 223 223 223 122 112 122 122 122 223 333 233 223 777 FFF 333 112 112 112 112 223 122 323 334 112 002 012 122 122 233 223 334 334 223 012 123 112 113 002 002 012 012 001 002 002 002 002 002 002 003 013 013 113 123 123 124 013 002 002 013 013 013 013 124 003 013 013 123 003 003 003 003 013 013 003 013 013 003 003 003 113 013 013 113 012 123 113 013 013 123 123 123 123 013 123 FFF 667 012 012 012 012 012 002 012 002 001 002 001 001 001 001 001 004 014 003 003 004 136 358 235 
AAC AAC BCD BBC CCD FFF FFF BBB 444 444 444 444 444 333 223 223 444 444 444 444 444 444 444 444 444 444 444 444 444 444 444 444 444 444 444 444 444 444 444 444 444 444 444 444 444 444 444 444 444 444 444 444 444 344 444 444 444 444 444 444 344 344 334 444 444 444 444 444 334 334 334 334 334 334 334 223 112 223 334 323 223 122 112 112 122 112 122 223 112 122 333 222 223 888 FFF 223 112 112 123 113 112 333 334 334 123 002 012 112 122 223 223 334 334 223 012 112 112 002 002 012 002 001 002 002 002 002 002 002 002 012 113 002 013 013 002 012 013 002 002 013 013 013 012 123 013 013 013 113 013 003 003 003 013 013 003 013 013 013 013 113 013 013 002 013 013 113 013 013 012 012 123 123 123 013 123 FFF 667 002 012 012 012 012 001 012 002 001 001 001 001 001 001 001 013 114 004 004 114 125 236 236 
AAC BBC EEE EEE FFF EEF EEF BBB 444 444 444 444 444 334 222 223 444 444 444 444 444 444 444 444 444 444 444 444 444 444 444 444 555 555 444 444 444 444 444 444 444 444 444 334 444 444 444 444 444 444 444 444 344 344 444 444 444 444 444 344 344 344 334 434 434 434 334 334 334 334 334 334 334 334 334 333 333 333 223 112 112 112 112 223 223 223 112 112 112 223 333 223 323 888 FFF 123 012 112 123 122 123 233 334 334 223 002 002 112 112 223 223 334 334 223 112 012 002 001 002 112 001 012 002 002 002 002 012 013 013 013 123 013 023 123 012 001 002 002 002 013 012 013 012 123 013 002 002 013 013 003 003 003 013 013 003 013 013 013 013 013 013 013 013 013 013 113 113 013 013 012 013 123 123 013 123 FFF 567 002 012 002 012 012 001 012 002 001 001 001 001 001 001 001 013 114 105 114 114 125 125 126 
AAC AAC BBC EEF EEE EEF EEF BBB 444 444 444 444 444 333 222 223 333 444 444 444 444 999 777 444 444 444 777 999 444 444 888 CCC BBB BBB BBB 666 333 444 AAA 777 444 444 334 667 CCC ABB BBB BBB 778 444 444 444 444 444 444 444 444 444 344 344 344 344 334 334 334 334 334 334 334 334 334 334 334 334 223 223 223 222 112 112 223 223 223 223 223 112 112 112 012 223 334 223 333 888 FFF 123 012 112 122 112 112 223 334 334 223 002 002 112 112 223 223 334 444 223 112 001 001 001 001 012 012 012 001 001 002 012 012 012 002 013 123 123 123 123 123 012 113 012 001 013 002 012 013 123 013 002 002 002 013 003 003 003 003 113 003 003 013 013 013 013 013 013 002 013 002 013 113 013 013 013 013 012 123 123 123 FFF 567 002 012 012 002 012 001 012 002 001 001 001 001 001 001 001 114 114 104 114 014 115 125 125 
9AC 9AC CCD EEF EEE EDF EEF BBB 444 444 444 444 444 223 223 223 334 444 444 444 444 BBB 888 444 444 444 888 AAA 333 777 CCC 555 444 444 666 DDD 666 334 BBB 777 444 444 334 777 BBB 344 444 556 CCC 889 334 444 344 344 444 444 344 444 444 344 444 344 334 334 334 334 334 334 334 334 334 334 333 323 112 122 223 223 223 223 334 334 334 334 223 112 012 112 012 122 333 223 333 777 FFF 223 012 011 112 012 123 223 334 334 234 002 002 012 112 123 223 333 334 223 112 001 001 001 001 011 002 001 001 012 012 012 012 012 002 012 123 123 123 123 123 013 123 013 001 012 012 012 013 123 113 012 002 002 013 013 003 003 003 013 013 002 013 013 013 113 013 002 002 013 002 012 013 012 012 012 012 012 123 123 223 FFF 567 002 012 012 001 002 002 001 002 001 001 001 001 001 001 001 113 114 104 014 115 115 125 125 
9AB 99B 99B CCD DDE DDE EEF AAB 333 444 444 434 444 333 223 233 444 444 444 444 444 BBB 888 333 444 333 888 9AA 333 CCC 777 444 444 444 333 999 AAA 333 BBB 777 444 444 334 777 BBB 334 344 334 555 DDD 445 333 334 344 344 344 344 344 444 344 334 334 334 334 334 344 344 444 334 334 323 323 323 223 112 012 112 233 334 334 334 334 334 334 122 012 011 112 012 112 233 223 223 667 FFF 223 012 011 112 012 122 223 334 334 334 012 012 012 112 112 223 323 323 223 112 001 001 001 001 001 001 001 001 012 012 012 012 012 002 012 012 123 123 123 123 113 123 123 001 012 012 002 013 123 123 012 002 002 012 013 003 003 003 002 013 013 002 013 013 013 013 002 012 012 002 012 012 012 002 002 002 012 123 112 223 FFF 567 002 012 002 001 001 001 001 001 001 001 001 001 001 000 000 113 115 103 104 115 115 125 125 
99B 99B 89A ABC DDE EEF EEF 9AB 223 233 333 333 333 223 223 333 444 444 444 444 444 BBB BBB 888 888 888 BBB 999 444 CCC 555 444 444 444 444 666 CCC 333 BBB 777 444 334 334 777 BBB 334 344 444 334 BBC 556 233 444 344 344 344 344 344 344 344 344 334 334 334 334 334 334 334 122 112 223 323 334 334 222 223 334 334 334 334 334 334 223 112 112 112 112 112 012 012 112 112 123 667 FFF 223 011 011 112 011 112 112 334 334 334 012 012 002 112 112 223 223 223 112 112 001 001 001 001 001 001 001 001 012 012 012 012 012 012 012 012 112 012 123 123 123 123 123 012 012 012 002 013 123 123 012 002 002 002 013 002 003 012 012 002 013 002 002 002 002 002 002 012 002 002 002 002 002 002 002 012 002 012 012 223 FFF 667 001 012 002 001 001 001 001 002 001 001 001 001 001 000 000 102 114 003 003 004 015 124 125 
99B 99B 9AB DDE EEF EEF EEF 889 222 223 223 223 223 222 223 333 333 444 444 444 444 BBB BBB 888 888 777 AAA AAA 444 CCC 555 444 444 444 444 666 CCC 333 BBB 777 444 444 334 777 BBB 334 344 444 334 BBC 666 334 444 444 344 344 344 344 334 334 344 334 123 334 333 222 223 223 112 112 334 334 334 334 334 334 334 334 334 334 334 223 112 112 112 112 112 112 012 012 012 012 112 666 FFF 233 012 001 112 012 112 112 334 334 334 012 012 001 112 112 223 223 122 112 112 001 001 001 001 001 001 001 001 012 012 001 001 012 012 012 012 012 001 123 012 123 123 123 012 002 012 002 012 113 123 012 002 013 012 012 012 002 012 012 002 002 012 012 002 002 012 013 012 002 002 002 002 002 002 002 002 002 002 002 223 FFF 667 001 012 002 001 001 001 001 112 112 001 001 001 001 001 001 002 114 324 744 434 113 114 125 
89B AAC DDE DDE EEF CDD CCE 678 222 223 223 223 223 223 223 334 444 444 444 444 333 BBB 888 333 444 333 888 AAA 333 CCC 666 444 444 444 444 888 BBB 333 BBB 777 444 444 334 777 BBB 334 344 344 445 CCD 555 444 444 344 344 444 344 344 334 334 344 234 123 233 233 222 223 223 112 112 334 334 334 334 334 334 334 334 334 334 334 223 223 223 323 112 012 112 012 012 012 012 112 667 FFF 334 011 001 012 112 012 012 234 334 334 112 012 002 012 112 122 122 112 012 001 001 001 001 001 001 011 001 001 001 012 001 001 012 002 002 012 112 001 123 002 123 123 123 012 001 012 001 001 012 123 113 012 013 012 012 012 002 002 012 002 002 002 012 113 012 012 012 002 002 002 002 002 002 002 002 012 002 002 002 123 FFF 567 001 002 002 001 001 001 002 112 112 001 001 001 001 001 001 002 013 323 C85 423 004 125 235 
99B BCD BBD 99B CCD 99A 99B 668 222 223 223 233 223 233 223 333 444 333 333 223 223 BBB 888 444 444 444 888 AAA 333 999 BBB 444 444 444 444 CCC 777 333 BBB 777 333 344 333 777 BBB 333 334 344 AAA AAA 334 344 344 344 344 444 444 344 334 334 344 223 223 223 233 223 223 233 112 112 334 334 334 334 334 334 334 334 334 334 334 334 334 334 334 112 011 012 012 012 012 002 112 677 FFF 112 001 001 011 011 012 011 223 334 334 112 002 002 002 112 112 112 012 001 001 001 001 001 001 001 001 001 001 001 012 001 001 012 002 012 012 123 001 123 012 112 123 113 112 001 012 001 001 012 123 123 012 012 012 012 012 002 002 012 012 012 012 012 012 012 012 002 002 002 002 002 012 002 002 001 002 012 002 002 123 FFF 567 001 002 001 001 001 001 002 112 122 001 001 001 001 001 000 002 003 104 323 113 004 114 125 
AAC DCE BBD 99B ABC ABC 88A 567 222 223 223 333 333 223 223 223 223 223 223 223 333 BBB 888 444 444 444 888 AAA 444 444 AAA BBB 888 888 CCC 999 334 334 BBB BBB 999 99A 777 777 DDD 999 99A BBB AAA 444 344 344 344 344 344 444 444 344 334 334 344 223 223 223 223 223 223 223 112 112 333 333 334 334 334 334 334 334 334 334 334 334 334 334 223 112 012 012 012 012 012 001 001 777 FFF 223 001 011 001 001 001 012 122 223 223 112 002 002 001 112 112 012 001 001 001 001 001 001 001 001 001 001 001 001 012 001 001 012 001 002 012 012 001 112 001 011 123 012 112 001 012 001 001 112 112 112 002 012 012 012 012 002 002 012 113 012 002 002 002 002 002 001 002 002 012 012 002 002 001 002 002 012 002 001 123 FFF 566 001 001 001 001 001 001 001 112 122 012 001 001 001 001 000 012 013 113 004 014 003 114 114 
AAC BBD CCE DDE 99B 99B AAC 779 112 223 223 223 223 233 223 333 223 333 333 223 333 556 555 444 444 444 555 555 444 444 444 666 888 888 666 334 444 444 555 667 677 777 556 445 666 677 667 556 334 344 344 344 344 344 344 344 344 334 334 334 334 223 122 223 223 223 223 223 112 112 334 334 334 334 334 334 334 334 334 334 334 334 334 323 112 112 012 012 012 012 012 002 001 667 FFF 334 001 011 001 001 001 012 112 223 223 112 001 002 001 012 012 112 002 001 001 001 001 001 001 001 001 001 001 001 011 001 001 001 001 001 001 001 001 001 001 001 012 012 112 001 001 012 001 012 123 112 001 012 001 012 012 002 002 002 012 012 002 002 002 002 002 012 012 002 001 001 002 002 002 002 002 002 002 001 113 FFF 567 001 001 001 001 001 001 001 001 112 112 001 001 001 001 000 013 012 003 115 225 114 114 225 
89B 88A 88A AAC 99B AAB BBC 668 112 223 334 223 223 223 223 333 334 444 444 444 223 223 333 444 444 444 444 444 444 444 444 444 444 444 444 444 444 444 344 334 334 334 444 444 344 334 334 344 344 344 344 344 344 344 344 344 334 334 334 334 334 223 112 223 223 223 223 223 112 112 334 334 334 334 333 333 334 334 334 223 223 223 223 334 223 012 012 012 012 002 012 012 001 567 FFF 334 001 001 001 001 001 001 012 012 012 001 001 012 001 011 012 012 002 001 001 001 001 001 001 001 001 001 011 001 012 001 000 001 011 011 001 012 112 012 012 012 002 001 001 001 011 011 012 012 123 123 001 111 111 001 012 002 002 002 002 002 001 002 012 012 012 001 001 001 002 012 002 002 012 012 001 002 001 001 123 FFF 667 001 001 001 001 001 001 001 001 001 112 001 001 001 001 000 003 013 114 014 125 114 114 124 
99B 88B 88A 88A 78A AAB 568 457 112 122 223 223 223 223 223 333 334 344 334 334 223 112 334 444 444 444 444 444 444 444 444 444 444 444 444 444 444 344 344 344 444 444 444 444 334 344 344 344 344 344 344 344 344 344 344 334 344 333 333 334 334 223 112 223 223 223 223 223 112 112 334 334 334 334 334 334 334 334 333 112 112 112 112 223 112 012 012 012 011 002 012 012 001 667 FFF 122 001 001 001 001 001 001 001 001 001 001 001 012 001 001 011 112 011 001 011 001 001 001 001 001 001 001 001 001 001 011 001 001 011 011 001 011 011 012 012 002 002 001 001 001 011 012 012 001 112 112 012 001 111 001 012 002 001 101 111 011 012 012 012 002 001 001 002 002 012 012 002 002 012 012 001 002 001 012 223 FFF 566 001 001 001 001 001 001 001 001 001 001 001 001 001 001 000 002 124 125 014 003 103 114 114 
88A 77A 669 77A 78A AAC 669 457 122 223 122 222 223 223 223 223 223 333 333 333 112 223 333 444 444 444 444 444 444 444 444 444 444 444 444 444 444 344 344 344 344 444 444 333 233 344 344 344 344 344 344 344 344 344 334 344 334 333 223 223 333 223 112 123 223 122 223 223 122 123 334 334 334 334 334 334 334 334 334 223 123 112 112 112 012 012 012 012 011 002 012 001 001 667 FFF 223 001 001 001 001 001 012 001 001 001 112 012 012 001 001 011 012 011 001 001 001 001 001 001 001 001 001 001 000 001 011 001 001 001 001 001 001 001 001 001 002 002 002 001 001 011 012 001 001 012 112 012 001 011 001 012 001 001 111 111 112 112 002 001 002 002 012 012 002 012 001 002 002 012 012 002 002 001 001 223 FFF 667 001 001 001 001 001 001 001 001 001 001 001 001 001 001 000 002 114 114 003 004 103 013 114 
AAC 88B 568 679 668 77A 67A 457 112 223 223 223 222 223 223 122 223 233 333 233 112 223 334 444 444 444 444 444 444 444 444 444 444 444 444 444 444 344 344 344 333 233 233 233 334 344 344 344 344 344 344 444 344 344 334 334 334 334 223 122 223 223 112 123 223 112 223 223 223 123 334 334 334 334 334 334 334 334 334 223 112 112 112 112 112 012 012 012 012 012 012 002 001 667 FFF 233 012 001 001 001 001 011 001 012 112 112 012 012 001 001 011 011 001 001 001 001 001 001 001 001 000 001 001 000 001 001 001 001 001 001 001 001 001 001 001 001 001 001 001 001 012 011 001 001 011 012 112 001 001 001 001 001 012 012 012 012 001 001 001 002 001 012 012 012 012 012 001 002 012 012 012 001 001 001 223 FFF 667 001 001 001 001 001 001 001 001 001 001 001 001 001 001 001 003 114 104 003 104 104 004 014 
679 669 77A 9AC ABC 89A 77A 557 122 223 123 122 122 112 122 222 223 223 333 334 112 112 333 444 334 444 444 444 444 444 444 444 444 444 444 444 444 344 444 444 344 334 333 334 444 344 344 344 344 344 344 333 233 344 333 223 233 223 122 122 223 122 112 123 123 112 223 223 123 112 112 223 334 334 334 334 334 334 334 223 123 012 112 112 012 012 012 012 002 012 012 001 001 566 FFF 233 012 001 001 001 001 001 001 112 112 112 012 011 011 001 011 001 001 001 001 001 001 000 001 001 001 001 001 001 001 001 001 000 001 001 001 001 001 001 001 001 001 001 001 001 001 001 001 001 001 112 112 012 001 012 002 002 012 001 001 001 001 001 001 001 001 012 012 012 012 012 001 001 012 012 012 001 001 001 123 FFF 566 001 001 001 001 001 001 001 001 001 001 001 001 001 001 001 003 114 104 003 004 104 004 015 
568 569 568 679 BBD 88A 669 446 112 122 122 122 112 112 122 223 223 223 223 122 122 223 223 333 334 444 444 444 444 444 444 444 444 444 444 444 444 344 444 444 444 344 344 344 334 334 334 334 444 344 333 233 223 233 223 122 223 233 223 112 223 223 112 122 112 112 112 112 112 112 223 223 334 334 334 334 334 334 334 334 334 112 112 112 012 012 012 012 002 012 012 002 001 566 FFF 233 012 001 001 001 001 001 001 112 012 012 012 012 001 001 001 001 001 001 001 000 000 000 000 000 000 000 001 001 001 001 000 001 001 001 001 001 001 001 001 001 001 012 001 001 001 001 011 001 001 112 112 112 001 011 011 001 001 001 001 001 001 001 011 001 001 001 012 012 012 001 001 001 012 012 012 001 001 001 122 FFF 556 001 001 001 001 001 001 001 001 001 001 001 001 001 001 001 003 014 114 004 004 104 004 014 
679 568 468 569 88B 568 669 346 112 122 122 122 112 112 112 222 223 223 223 112 112 233 333 444 444 444 444 444 444 444 444 444 444 344 344 344 333 233 334 444 344 334 334 334 333 333 333 233 233 223 223 223 122 223 223 122 112 223 223 223 223 112 112 112 112 112 112 012 112 112 223 223 334 334 334 334 334 334 334 444 334 123 112 112 012 012 012 012 012 012 012 001 001 566 FFF 233 012 001 001 001 001 001 001 012 012 012 011 001 001 001 001 001 001 001 001 001 000 000 000 000 000 000 001 001 001 001 001 001 001 001 001 001 001 001 001 001 001 001 001 001 001 001 012 001 001 112 012 112 001 011 001 001 001 012 011 011 001 012 012 001 001 001 001 012 012 012 001 001 001 001 012 001 001 001 112 FFF 556 001 001 001 101 001 001 001 211 110 001 001 001 001 001 001 003 014 014 004 004 014 014 014 
88B 558 468 468 568 569 569 446 112 112 112 122 223 222 333 334 233 223 223 112 112 223 334 444 344 344 333 444 444 444 344 344 334 233 233 223 233 334 344 344 344 334 334 334 333 333 344 333 223 223 233 223 223 122 112 223 122 112 122 122 112 011 112 112 112 112 223 223 112 112 223 123 334 334 324 334 334 334 334 334 333 122 112 012 012 012 012 012 012 012 012 001 001 566 FFF 223 012 001 001 001 001 001 001 011 012 001 001 001 001 000 001 001 001 001 001 001 000 001 000 000 001 001 001 001 001 001 001 001 001 001 001 001 001 001 001 001 001 001 011 001 001 001 011 001 001 012 012 112 001 001 001 001 011 012 011 001 001 012 012 011 001 001 001 012 012 012 001 001 001 001 002 002 001 001 112 FFF 556 000 001 001 011 211 211 001 111 211 001 001 001 001 001 001 003 014 114 004 015 126 014 014 
357 458 468 458 458 458 568 446 112 112 112 122 223 112 223 334 444 334 223 223 122 223 223 223 223 223 333 344 444 344 344 334 334 344 334 333 444 344 344 344 344 334 334 344 344 334 334 223 223 223 223 122 123 112 122 223 122 112 112 223 112 001 112 112 112 112 233 223 012 112 223 112 223 334 334 334 334 334 334 334 223 012 012 012 012 012 012 012 012 002 012 001 001 566 FFF 223 001 001 001 001 001 001 001 001 001 001 001 001 000 001 001 112 000 001 001 001 001 001 001 000 001 001 000 001 000 001 001 001 001 001 001 001 001 001 001 001 001 001 012 001 001 001 011 001 001 011 012 112 011 001 001 001 001 001 001 001 001 001 011 011 001 001 001 011 012 012 001 001 001 001 001 002 002 001 112 FFF 566 000 001 001 011 001 211 211 001 001 001 001 001 001 001 001 003 014 115 004 015 127 015 015 
468 357 458 458 358 458 347 447 112 112 122 112 122 122 112 223 334 444 333 223 222 122 112 122 223 223 333 344 344 344 444 344 444 444 444 444 444 444 444 344 344 444 444 444 344 334 223 223 233 223 223 223 223 112 112 122 112 112 112 112 112 012 122 012 012 112 223 223 012 112 223 112 112 333 333 333 334 334 334 334 122 012 012 012 012 012 012 012 001 001 002 001 001 566 FFF 112 001 012 011 001 001 001 001 000 000 001 001 001 000 112 011 011 001 001 001 001 001 000 001 001 001 001 001 000 000 001 001 001 001 001 000 001 001 001 001 001 001 001 012 012 001 011 011 011 001 011 011 112 012 001 001 001 001 001 001 001 001 001 112 012 001 001 001 001 012 012 001 001 001 001 001 001 001 001 123 FFF 566 000 001 001 001 001 001 111 001 001 001 001 001 001 001 001 004 116 126 005 004 127 027 015 
458 558 458 458 358 458 569 447 112 112 112 112 123 223 123 223 333 333 222 112 112 223 223 334 334 334 334 444 444 344 444 444 444 444 444 444 444 344 344 444 444 444 444 444 223 223 223 122 223 334 223 223 233 223 112 112 112 112 112 112 012 012 123 012 012 112 223 223 012 112 112 112 112 323 333 333 223 223 334 223 112 012 012 012 012 012 012 001 012 012 001 001 001 566 FFF 122 001 001 112 001 001 001 001 001 001 001 001 001 000 001 001 001 001 001 001 001 001 001 001 001 001 001 001 000 001 001 001 001 001 001 001 001 012 001 001 001 001 001 011 012 001 011 001 011 001 001 011 012 112 001 001 001 001 001 001 001 001 011 012 012 011 001 001 001 012 001 001 001 001 001 001 001 012 002 123 FFF 566 000 001 011 001 001 001 001 001 001 001 001 001 001 001 001 004 016 137 115 004 026 127 016 
358 458 458 559 559 347 569 457 112 112 112 112 122 122 112 112 223 233 222 112 112 112 233 333 444 444 444 444 444 334 444 444 444 444 344 344 444 334 334 444 444 444 334 334 223 123 223 223 223 223 223 122 112 112 112 112 112 112 012 112 012 012 123 012 012 112 123 223 011 011 001 112 112 323 223 112 323 223 223 223 112 012 012 012 012 002 001 001 112 012 002 012 001 556 FFF 223 001 001 112 001 001 001 001 001 011 001 001 001 001 001 001 001 001 001 001 001 001 000 001 001 001 001 001 000 001 001 001 001 001 001 001 001 011 011 001 001 001 001 011 011 001 011 001 011 001 001 001 001 011 001 001 001 001 001 001 001 001 011 012 012 012 001 001 001 001 001 001 001 001 001 001 001 012 012 223 FFF 566 001 001 001 001 001 001 001 001 001 001 001 001 001 001 001 014 127 137 127 004 015 026 015 
358 458 347 348 569 357 246 346 012 012 112 112 112 122 112 112 223 112 112 112 112 112 222 223 334 444 444 444 444 444 444 444 444 444 444 334 444 334 334 334 333 334 334 334 223 223 223 223 112 112 112 112 112 112 112 112 112 112 012 012 001 012 112 001 002 112 122 123 001 001 112 112 112 323 112 112 112 112 112 123 012 012 012 012 012 012 012 001 012 012 012 012 001 666 FFF 122 001 001 012 001 012 001 001 001 001 001 001 001 001 001 001 001 001 001 001 001 001 000 001 001 001 000 001 001 001 001 001 001 001 001 001 001 001 112 001 001 000 001 001 011 001 011 011 011 001 001 001 001 001 001 001 001 001 001 001 001 001 001 001 011 012 001 001 001 001 001 001 001 001 001 001 001 012 012 123 FFF 566 001 001 001 001 002 001 001 001 001 001 001 001 001 001 001 126 259 137 138 015 015 016 016 
348 258 247 358 347 246 358 346 112 012 112 112 122 122 112 112 112 112 112 112 112 112 112 122 122 333 444 444 444 444 223 334 344 444 344 334 334 334 334 223 223 333 334 334 223 223 223 122 223 112 112 112 112 112 112 112 122 112 011 001 001 012 012 001 001 012 001 001 001 011 112 112 112 223 112 112 011 112 123 112 012 012 012 012 001 001 012 001 012 012 012 012 001 566 FFF 223 001 001 012 001 012 001 001 001 000 001 001 001 001 001 001 001 001 001 001 001 001 001 001 001 001 000 001 000 001 001 001 001 001 001 001 001 001 011 111 001 000 001 001 111 001 001 011 011 001 001 001 001 001 001 001 001 001 001 001 001 001 001 001 001 011 001 001 001 001 001 001 001 001 001 001 001 001 011 123 FFF 566 001 001 001 001 002 002 001 001 001 002 002 002 001 001 001 126 25A 027 138 016 015 016 016 
248 348 248 348 247 247 358 336 112 112 112 112 112 112 122 112 112 112 112 112 112 112 112 122 122 223 333 333 444 223 122 334 444 344 444 444 334 334 334 223 223 334 334 334 334 333 223 223 122 112 112 112 012 012 112 112 112 011 001 001 001 001 001 001 001 001 001 001 001 011 112 012 012 112 112 112 112 001 001 001 002 012 001 012 001 001 012 002 001 001 002 012 001 566 FFF 223 001 001 001 012 001 001 001 001 000 001 001 001 001 001 001 001 001 001 001 001 001 001 001 001 001 000 000 001 001 001 000 001 001 001 001 001 001 011 111 011 001 001 001 111 001 001 011 011 001 001 001 001 001 001 001 001 001 001 001 001 001 001 011 001 001 001 001 001 001 001 001 001 001 001 001 001 001 001 123 FFF 566 001 001 001 001 001 002 001 001 002 002 002 002 001 001 001 014 138 016 016 015 005 116 116 
238 348 248 348 247 247 358 236 112 012 112 112 112 112 112 112 112 112 112 112 112 112 112 223 333 222 112 122 223 112 112 334 344 444 444 444 334 334 334 223 233 333 223 223 223 333 223 123 112 112 112 112 112 012 112 012 012 011 011 001 001 001 001 001 002 012 001 001 001 011 012 011 011 112 112 112 112 001 112 001 001 012 001 012 012 001 002 001 001 001 012 012 001 566 FFF 223 001 001 012 001 001 001 001 001 000 001 001 001 001 001 001 001 001 001 001 001 001 001 001 001 001 001 000 001 001 001 000 001 001 001 001 001 001 011 111 111 001 000 001 011 011 001 011 011 001 001 001 001 001 001 001 001 001 001 001 001 001 001 011 101 001 001 001 001 001 001 001 001 001 001 001 001 001 001 123 FFF 567 001 001 001 001 001 001 001 001 002 002 002 001 001 001 001 004 006 016 016 016 005 016 016 
136 247 347 247 237 247 247 236 112 012 012 012 112 112 112 112 112 012 112 112 112 112 112 123 233 112 012 112 112 112 112 112 223 333 444 444 334 333 223 223 334 334 334 122 112 123 122 112 112 112 112 112 012 012 012 012 011 012 001 001 001 112 012 001 001 002 001 001 001 011 011 001 001 112 112 112 223 112 001 001 002 012 001 001 012 001 002 002 002 001 112 012 001 566 FFF 122 001 001 012 001 001 001 001 001 000 001 001 001 001 001 001 001 001 001 001 001 001 001 001 001 011 001 000 001 001 001 001 000 001 001 011 011 011 001 111 111 111 001 000 001 001 001 011 001 001 001 001 001 001 001 001 001 001 001 001 001 001 001 001 111 001 001 001 001 001 001 001 001 001 001 001 001 001 001 123 FFF 567 001 001 001 001 001 001 002 002 002 002 002 001 001 001 002 004 016 016 016 016 005 016 017 
147 237 237 136 237 237 237 235 012 112 112 112 112 112 112 112 112 012 112 112 112 223 112 112 112 112 123 112 112 112 112 112 112 123 334 444 334 334 334 334 334 334 334 112 112 112 112 112 112 112 112 012 012 001 001 001 001 001 001 001 001 112 012 001 001 001 001 001 001 001 001 001 001 001 012 112 112 001 001 001 002 012 001 001 002 001 001 002 012 001 112 012 001 667 FFF 112 001 012 001 001 001 001 012 001 001 001 001 001 011 001 001 001 001 001 001 001 001 001 001 001 001 001 000 001 001 001 001 001 001 001 001 011 011 001 111 111 111 011 001 111 011 001 001 001 001 001 001 001 001 001 001 001 001 001 001 001 001 001 001 001 001 001 001 001 001 001 001 001 001 001 001 001 001 001 123 FFF 667 001 001 001 001 001 001 002 002 002 001 002 002 001 001 002 004 016 117 006 016 015 017 117 
137 036 136 136 136 137 247 125 012 012 012 012 112 112 012 112 112 012 012 223 233 223 112 112 112 112 344 334 112 011 112 112 011 334 555 555 334 223 334 334 334 334 334 112 112 112 112 112 112 112 112 012 001 001 001 001 001 001 001 001 001 112 002 001 001 001 001 001 001 001 001 001 001 001 001 012 001 001 001 001 012 012 011 001 001 001 001 002 012 001 112 112 001 667 FFF 112 011 011 000 011 001 001 011 001 001 001 001 001 011 001 001 001 001 001 001 001 001 001 001 001 001 001 000 000 001 001 001 001 001 001 001 111 111 001 111 111 111 111 001 112 112 111 001 001 001 001 001 001 012 001 001 001 001 001 001 001 001 001 001 001 001 001 001 001 001 001 001 001 001 001 001 001 001 001 123 FFF 567 001 002 001 001 001 001 002 002 002 001 002 002 002 001 002 005 016 017 016 016 015 017 117 
026 036 136 136 136 136 136 135 011 012 012 012 012 012 112 112 112 011 778 AAA 999 AAB 334 112 223 99A BBB 9AA BBB 556 112 112 667 BBB AAA BBB BBB 445 223 233 AAA BBB AAA AAB 777 123 223 BBB AAA 9AA 9AA 334 001 012 001 001 001 001 001 001 001 112 001 001 001 001 001 001 001 001 001 001 012 002 001 012 001 001 001 001 012 012 001 012 002 001 001 001 012 001 112 012 001 667 FFF 123 012 001 001 012 001 001 001 001 001 001 001 001 011 001 001 001 001 001 001 001 001 001 001 001 011 001 000 000 001 001 001 001 001 001 001 001 111 111 211 211 111 111 001 111 212 111 001 001 001 001 001 001 011 011 001 001 001 001 001 001 001 001 001 001 001 001 001 001 001 001 001 001 001 001 001 001 001 001 112 FFF 567 001 002 002 002 002 001 002 002 002 002 002 002 002 002 002 005 016 017 116 005 015 117 027 
026 036 036 036 136 136 136 125 011 012 012 012 012 012 112 112 112 334 BBC 112 001 677 677 112 999 999 223 112 334 ABB 112 556 BBC 334 112 223 556 CCC 334 223 BBC 666 334 444 CCC 666 333 CCC 112 112 112 112 012 012 012 011 001 001 001 001 001 112 001 001 001 001 001 001 001 001 001 001 012 012 001 001 001 001 001 001 001 012 001 012 012 001 001 001 012 001 012 012 001 566 FFF 123 012 012 001 012 012 001 001 001 000 001 001 001 011 001 001 001 001 001 001 001 001 001 001 001 001 001 001 000 001 001 001 001 000 001 001 001 211 211 210 221 111 111 111 111 111 111 001 001 001 001 001 001 001 011 011 001 001 001 001 001 001 001 001 001 001 001 001 001 001 001 001 001 001 001 001 001 001 001 112 FFF 567 001 002 002 002 002 002 002 002 002 002 002 002 002 002 002 005 016 117 107 105 015 117 027 
036 036 036 036 136 136 136 125 001 001 011 012 012 012 112 112 112 444 BBC 112 122 112 112 223 CCC 223 122 223 123 112 112 BBB 445 012 112 112 012 889 889 112 BBB 555 223 112 889 999 334 BBB 001 001 001 012 012 012 012 012 001 001 001 001 001 001 001 001 000 001 001 001 001 001 001 001 012 012 001 001 001 001 001 001 001 001 001 012 012 001 001 011 012 001 012 012 001 566 FFF 123 001 112 001 001 012 001 001 001 000 001 001 001 001 001 001 001 001 001 001 001 001 001 001 001 001 001 001 001 011 001 001 000 000 011 111 000 111 211 210 311 211 111 111 111 111 111 001 001 001 001 001 001 001 011 011 011 001 001 001 001 001 001 001 001 001 001 001 001 001 001 001 001 001 001 001 001 001 001 113 FFF 556 001 002 002 002 002 002 002 002 002 002 002 002 002 002 002 016 016 107 117 116 115 116 017 
036 026 026 036 137 237 136 024 001 001 001 001 012 112 112 112 112 112 999 BBB 667 223 001 344 BBC 112 123 223 223 223 233 CCC 122 012 112 122 112 555 BBB 112 BBB 666 223 334 CCC 666 223 CCC 667 667 556 012 012 012 011 012 001 001 001 001 001 001 000 000 001 001 001 001 001 001 001 001 012 011 001 001 001 001 001 001 001 001 001 012 012 001 001 001 012 001 012 012 001 566 FFF 123 001 112 001 001 012 001 001 001 000 001 001 001 001 001 001 001 001 001 001 001 001 001 001 001 001 001 001 001 001 001 001 000 000 001 111 001 111 111 111 211 321 211 111 111 111 111 001 001 001 001 000 001 001 001 001 001 001 001 001 001 001 001 001 001 001 001 001 001 001 001 001 001 001 001 001 001 001 001 113 FFF 556 001 002 002 002 002 002 002 002 002 002 002 002 002 002 002 006 107 116 017 127 105 116 127 
036 026 025 026 136 237 136 024 001 001 001 001 011 112 112 112 012 001 001 445 889 CCC 344 334 BBB 112 122 223 223 112 223 CCC 112 012 112 112 112 445 BBC 112 BBB BBB BBB CCC 556 112 223 CCC 667 566 556 012 012 012 001 001 001 001 001 001 001 001 001 001 001 001 001 001 001 001 001 001 012 011 001 001 001 001 001 001 001 001 001 001 012 001 001 001 012 001 001 012 001 667 FFF 223 001 012 012 001 012 001 001 001 001 001 000 001 001 001 001 001 001 001 001 001 001 001 001 001 001 001 001 000 001 001 001 000 000 001 111 001 111 111 001 111 210 221 211 111 111 111 001 001 001 001 000 000 001 001 001 001 001 001 001 001 001 001 001 001 001 001 001 001 001 001 001 001 001 001 001 001 001 001 113 FFF 556 001 002 002 002 002 002 002 002 002 002 002 002 002 002 002 017 118 016 117 127 115 117 127 
025 026 025 136 026 025 026 024 001 001 001 001 012 012 012 011 001 011 001 001 001 556 AAB 123 BCC 122 112 223 223 011 012 BBC 234 001 012 012 001 667 99A 001 AAB 445 334 BBC 123 012 223 BBB 012 001 001 001 012 012 001 001 001 001 001 001 001 001 001 001 001 001 001 001 001 001 001 001 012 001 001 001 001 001 001 001 001 011 001 001 012 001 001 001 012 001 001 012 001 667 FFF 123 001 011 012 001 012 001 001 001 001 001 001 001 001 001 001 000 001 001 001 001 001 001 001 001 000 001 001 001 001 001 001 000 001 001 111 001 001 111 011 101 111 211 211 111 111 001 001 001 001 001 000 000 001 001 011 012 001 001 001 001 001 001 001 001 001 001 001 001 001 001 001 001 001 001 001 001 001 001 113 FFF 556 001 001 002 002 002 002 002 002 002 003 002 002 002 002 002 545 857 116 016 127 116 117 127 
015 015 025 025 026 026 026 014 011 001 001 001 011 012 012 001 001 445 778 001 001 334 ABB 001 AAA 667 001 011 112 999 123 778 AAA 012 001 001 112 BBB 344 001 BBB 445 001 677 AAA 011 223 BBB 001 001 001 001 001 001 001 001 001 001 001 001 001 001 001 001 012 001 001 001 001 001 001 001 012 001 001 001 001 001 001 001 001 001 001 011 012 001 001 002 002 000 001 012 001 666 FFF 123 001 001 011 001 001 001 001 001 001 001 001 001 001 001 001 001 001 001 001 001 001 001 001 001 001 001 001 001 000 001 000 000 000 001 011 011 001 111 111 001 111 111 111 110 111 001 000 001 001 001 000 000 001 001 011 012 001 001 001 001 001 001 001 001 001 001 001 001 001 001 001 001 001 001 001 001 001 001 112 FFF 556 001 001 002 002 002 002 002 002 002 002 002 002 002 002 002 337 327 116 116 228 116 117 227 
015 015 015 025 025 136 136 014 001 001 001 001 011 001 001 001 001 112 BBB 778 556 ABB 556 001 223 BBB 788 667 AAB 889 012 112 99A AAB 667 667 ABB 667 001 122 AAB 344 012 012 AAB 566 112 CDD 888 778 778 344 001 001 001 001 001 001 001 001 001 000 000 001 001 001 001 001 001 001 001 001 012 001 001 001 001 001 001 001 001 001 001 001 011 001 001 012 001 000 001 112 001 556 FFF 223 001 001 001 001 001 001 001 001 001 001 001 001 001 001 001 001 001 001 001 001 001 001 001 001 001 001 001 001 000 001 001 000 000 001 011 011 001 001 111 001 111 001 100 111 111 001 000 000 001 001 001 000 001 001 001 012 001 001 001 001 001 001 001 001 001 001 001 001 001 001 001 001 001 001 001 001 001 001 112 FFF 556 001 001 002 002 002 002 002 002 002 002 002 002 002 002 002 128 119 117 116 128 116 216 217 
014 015 015 025 026 036 025 014 001 001 001 001 012 012 001 001 001 001 112 556 566 334 001 001 001 112 556 667 445 012 012 112 012 445 667 566 233 001 012 011 223 012 011 001 122 223 011 334 445 445 445 223 001 001 001 001 001 001 001 001 001 000 000 001 001 001 001 001 001 001 001 001 012 001 001 001 001 001 001 001 001 001 001 011 011 000 001 012 001 000 001 001 000 556 FFF 123 001 001 001 001 001 001 001 001 001 001 001 001 001 001 000 001 001 001 001 001 001 001 001 001 000 001 001 001 000 001 001 000 001 000 001 011 001 011 112 001 001 001 001 000 001 001 000 001 001 001 001 000 001 001 001 012 011 001 001 001 001 001 001 001 001 001 001 001 001 001 001 001 001 001 000 001 001 001 112 FFF 556 001 002 002 002 002 002 002 002 002 002 002 002 002 002 002 128 119 118 016 127 117 117 117 
024 025 025 015 026 025 015 013 001 001 001 001 001 001 001 001 001 001 001 001 001 001 001 001 001 001 001 001 012 012 012 012 012 011 001 001 001 001 001 001 001 001 001 001 001 012 001 001 001 001 001 001 001 001 001 001 001 001 001 001 001 001 001 001 001 001 001 001 001 001 001 001 011 001 001 001 001 001 001 001 001 001 001 011 011 000 011 012 001 001 012 001 000 666 FFF 123 001 001 001 001 001 001 001 011 001 001 001 001 001 001 000 001 001 000 001 001 001 000 001 001 001 000 001 001 000 001 001 001 001 001 001 011 011 011 011 001 001 001 001 001 001 001 000 000 001 001 001 000 001 001 001 011 011 001 001 001 001 001 001 001 001 001 001 001 001 001 001 001 001 001 000 001 001 001 112 FFF 556 001 001 002 002 002 002 002 002 002 002 002 002 002 002 002 128 119 118 116 228 128 216 646 
025 025 025 025 025 015 014 013 001 001 001 001 001 001 001 001 001 001 001 001 001 001 001 011 001 001 012 011 012 001 001 012 012 011 012 001 012 012 001 001 001 001 001 001 112 112 001 001 001 001 001 001 001 001 001 001 001 001 001 001 001 001 001 001 001 001 001 001 001 001 001 001 001 001 001 001 001 001 001 001 001 001 001 001 001 000 001 012 001 001 001 001 000 666 FFF 112 001 001 001 001 001 001 001 111 001 001 001 000 001 001 001 001 001 000 000 000 001 001 001 001 001 001 001 001 000 001 001 000 001 000 000 001 001 001 001 001 001 001 001 001 001 011 000 000 001 001 001 001 001 001 001 011 012 001 001 001 001 001 001 001 001 001 001 001 001 001 001 001 001 001 000 001 001 001 112 FFF 556 001 002 002 002 002 002 002 002 002 002 002 002 002 002 002 128 129 117 016 227 546 856 966 
025 025 015 025 025 015 014 013 001 002 001 001 001 001 001 001 001 001 001 001 001 001 001 012 001 012 011 011 012 012 001 001 001 001 011 001 001 001 001 001 001 001 001 001 012 112 001 001 001 001 001 001 001 001 001 001 001 000 001 001 001 001 001 001 001 001 001 001 001 001 001 001 001 001 001 001 001 001 001 001 001 001 000 001 001 000 001 012 001 011 001 001 000 566 FFF 112 001 001 001 001 001 001 001 001 001 001 001 001 001 000 100 000 001 000 001 000 001 001 001 001 001 001 001 000 000 001 001 001 001 000 001 001 001 001 001 001 001 001 001 001 001 011 000 000 001 001 001 001 001 001 001 001 001 001 001 001 001 001 001 001 001 001 001 001 001 001 001 001 001 001 001 001 001 001 112 FFF 556 001 002 002 002 002 002 002 002 002 002 002 003 002 002 002 128 129 117 117 126 226 216 227 
015 015 014 014 015 015 014 013 001 001 001 001 001 001 001 001 001 001 001 001 001 001 001 012 012 012 012 012 012 001 001 001 001 001 001 001 001 001 001 001 001 001 001 001 001 001 001 001 001 001 001 001 001 001 001 001 000 001 001 001 001 001 001 001 001 001 001 001 001 001 001 001 001 001 001 001 001 001 001 001 001 001 000 001 001 000 001 001 001 001 011 001 000 566 FFF 112 001 001 001 001 001 001 001 000 011 001 001 000 000 110 110 000 001 000 011 001 001 001 000 001 001 001 001 001 000 000 001 001 000 000 001 001 001 001 001 000 001 001 000 001 001 011 001 000 001 001 001 001 001 001 001 001 001 001 001 001 001 001 001 001 001 001 001 001 001 001 001 001 001 001 001 001 001 001 112 FFF 556 001 002 001 001 002 002 002 002 002 002 002 003 002 002 002 127 128 017 016 016 127 127 015 
015 015 015 014 015 014 014 013 001 001 001 001 001 001 001 001 001 001 001 001 001 001 001 001 012 012 012 012 012 001 001 001 001 001 001 012 001 001 001 001 001 001 001 001 001 001 001 001 001 001 001 001 001 001 000 000 000 001 001 001 001 001 001 001 001 001 001 001 001 001 001 001 001 001 001 001 001 001 001 001 001 001 000 001 001 000 001 012 001 001 001 001 001 556 FFF 112 001 001 001 001 001 001 001 000 001 001 001 000 110 110 000 000 001 000 011 011 001 001 001 001 000 001 001 001 001 001 001 000 000 000 001 001 001 001 001 001 001 001 001 001 001 011 001 000 000 001 001 001 001 001 001 001 012 001 001 001 001 001 001 001 001 001 001 001 001 001 001 001 001 001 001 001 001 001 112 FFF 556 001 001 001 001 002 002 002 002 002 002 002 002 002 002 002 127 128 017 017 128 117 014 103 
015 015 015 015 004 004 004 013 001 001 001 001 001 001 001 001 001 001 001 001 001 001 001 001 001 001 012 012 001 001 001 001 001 001 001 001 001 001 001 001 001 001 001 001 001 001 001 001 001 001 001 001 001 000 000 000 000 001 001 001 001 001 001 001 001 001 001 001 001 001 001 001 001 001 001 001 001 001 001 001 001 001 000 001 001 000 001 012 001 001 001 001 000 556 FFF 112 001 011 001 001 001 001 000 001 001 001 001 000 110 110 000 000 001 000 011 011 001 001 001 001 000 001 001 001 001 001 001 001 000 000 001 001 001 001 001 001 001 001 001 000 001 001 001 000 000 001 001 001 001 001 001 001 012 012 001 001 001 001 001 001 001 001 001 001 001 001 001 001 001 001 001 001 001 001 112 FFF 556 000 001 001 001 001 002 002 002 002 002 002 002 002 002 002 016 018 018 129 117 005 014 013 
015 025 025 025 014 004 015 014 001 001 001 001 001 001 001 001 001 001 001 001 001 001 001 001 001 001 001 001 001 001 001 001 001 001 001 001 001 001 001 001 001 001 001 001 001 001 001 001 001 001 001 001 000 000 000 000 000 001 001 001 001 001 001 001 001 001 001 001 001 001 001 001 001 001 001 001 001 001 001 001 001 001 000 001 001 000 011 001 001 001 001 001 000 556 FFF 112 000 001 001 001 001 001 001 001 011 001 001 000 110 000 000 000 001 000 001 001 001 001 001 001 000 001 001 001 001 001 001 001 000 000 001 001 001 001 001 001 001 001 001 000 001 001 001 000 000 001 001 001 001 001 001 001 012 012 001 001 001 001 001 001 001 001 001 001 001 001 001 001 001 001 001 001 001 001 112 FFF 556 000 001 001 001 001 002 002 002 002 002 002 002 002 002 001 005 118 128 016 005 104 103 013 
015 026 025 015 015 014 015 014 001 001 001 001 001 001 001 001 001 001 001 001 001 001 001 001 001 001 001 001 001 001 001 001 001 001 001 001 001 001 001 001 001 001 001 001 001 001 001 001 001 001 001 000 000 000 000 000 000 001 001 000 001 001 001 001 001 001 001 001 001 001 001 001 001 001 001 001 001 001 001 001 001 001 000 001 001 111 001 001 001 001 000 001 000 566 FFF 122 000 001 001 001 001 001 001 001 111 001 001 001 000 000 001 000 001 000 001 001 001 001 001 000 000 001 001 001 001 001 001 000 000 000 001 001 001 001 001 001 001 001 001 000 001 001 001 001 000 001 001 001 001 001 001 001 001 001 001 001 001 001 001 001 001 001 001 001 001 001 001 001 001 001 001 001 001 001 112 FFF 556 000 001 001 001 001 001 001 002 002 002 002 002 002 001 001 016 017 016 005 004 104 003 003 
004 015 015 015 004 004 015 014 001 001 001 001 001 001 001 001 001 001 001 001 001 001 001 001 001 001 001 001 001 001 001 001 001 001 001 001 001 001 001 001 001 001 001 001 001 001 001 001 001 001 000 000 000 000 001 000 000 001 001 000 001 001 001 001 001 001 001 001 001 001 001 001 001 001 001 001 001 001 001 001 001 001 000 001 001 000 000 001 001 001 001 001 000 566 FFF 122 000 001 001 001 001 001 001 001 111 001 001 001 000 000 001 001 001 001 001 001 001 001 001 000 000 001 001 001 001 001 001 000 000 000 000 001 001 000 000 000 001 001 001 000 001 001 001 001 000 001 001 001 001 001 001 001 001 001 001 001 001 001 001 001 001 001 001 001 001 001 001 001 001 001 001 001 001 001 112 FFF 556 000 001 001 001 001 001 001 002 002 002 001 001 002 002 002 015 016 015 014 015 004 004 004 
004 004 004 004 004 004 004 003 001 001 001 001 001 001 001 001 001 001 001 001 001 001 001 001 001 001 001 001 001 001 001 001 001 001 001 001 001 001 001 001 001 001 001 001 001 001 001 001 001 000 000 000 001 000 001 000 000 000 001 001 001 001 001 001 001 001 001 000 000 001 001 001 001 001 001 001 001 001 001 001 001 001 001 001 001 001 000 001 001 001 000 001 000 566 FFF 112 000 001 001 001 001 001 001 000 011 001 001 001 001 000 000 001 001 001 001 001 001 001 000 001 001 001 001 001 001 001 001 001 000 000 001 001 000 001 001 001 001 001 001 001 001 001 001 001 000 001 001 001 001 001 001 001 001 001 001 001 001 001 001 001 001 001 001 001 001 001 001 001 001 001 001 001 001 001 112 FFF 556 000 001 001 001 001 001 001 002 002 001 001 001 002 002 002 004 005 005 005 005 004 005 005 
004 004 004 004 004 004 004 003 001 001 001 001 001 001 001 001 001 001 001 001 001 001 001 001 001 001 001 001 001 001 001 001 001 001 001 001 001 001 001 001 001 001 001 001 001 001 001 001 000 000 000 000 001 000 001 000 000 000 001 001 000 001 001 001 001 001 001 000 000 001 001 001 001 001 001 001 000 001 001 001 001 001 001 001 001 001 000 001 001 001 000 001 000 556 FFF 111 001 001 001 001 001 001 001 001 001 001 001 001 001 000 001 001 001 001 001 001 001 001 001 001 001 001 001 001 001 001 001 001 000 000 001 000 000 001 000 001 001 001 001 001 001 001 001 001 001 000 001 001 001 001 001 001 001 001 001 001 001 001 001 001 001 001 001 001 001 001 001 001 001 001 001 001 001 001 112 FFF 556 000 001 001 001 001 001 001 001 001 001 001 001 002 001 001 003 004 004 005 005 004 004 004 
004 004 004 004 004 004 004 003 001 001 001 001 001 001 001 001 001 001 001 001 001 001 001 001 001 001 001 001 001 001 001 001 001 001 001 001 001 001 001 001 001 001 000 000 001 001 001 000 000 000 001 000 001 000 001 000 000 001 001 001 000 000 001 001 001 001 001 000 000 001 001 001 001 001 001 001 000 001 001 001 001 001 001 001 001 001 001 001 001 001 000 001 001 556 FFF 112 001 001 001 001 001 001 001 001 000 001 001 001 001 000 001 001 001 001 000 001 001 001 001 001 001 001 001 001 001 001 001 000 000 001 001 000 000 001 001 001 001 001 001 001 001 001 001 001 001 000 001 001 001 001 001 001 001 001 001 001 001 001 001 001 001 001 001 001 001 001 001 001 001 001 001 001 001 001 112 FFF 556 000 001 001 001 001 001 001 001 001 001 001 002 001 001 001 003 004 004 004 004 004 004 004 
004 004 004 004 004 004 004 003 001 001 001 001 001 001 001 001 001 001 001 001 001 001 001 001 001 001 001 001 001 001 001 001 001 001 001 000 000 001 000 000 000 001 000 001 001 000 000 000 000 000 001 000 001 000 001 000 000 001 001 000 000 001 001 001 001 001 001 000 000 001 001 001 001 001 001 000 000 000 001 001 001 001 000 000 000 011 001 001 001 001 001 001 001 556 FFF 122 001 001 001 001 001 001 001 001 000 001 001 001 001 000 001 001 001 000 001 001 001 001 001 001 001 001 001 001 001 001 001 001 001 000 001 001 000 001 001 001 001 001 000 001 001 001 001 001 001 000 001 002 001 001 002 001 001 001 001 001 001 000 001 001 001 001 001 001 001 001 001 001 001 001 001 001 001 001 112 FFF 556 000 000 001 001 001 001 001 001 001 001 001 001 001 001 001 003 005 004 004 004 004 004 004 
004 004 004 004 003 004 004 003 001 001 001 001 001 001 001 001 001 001 001 001 001 001 001 001 001 001 001 001 001 001 001 001 000 000 000 000 000 000 000 000 000 001 001 000 000 000 000 000 000 000 001 000 001 001 001 000 000 001 001 000 000 000 001 001 000 000 000 000 001 001 001 001 001 001 001 000 000 000 001 011 001 000 000 000 000 001 001 001 001 001 001 001 000 556 FFF 122 001 001 001 001 001 001 001 001 001 001 001 001 001 000 000 001 001 000 001 001 000 001 001 000 001 001 001 001 001 001 001 001 001 000 000 001 001 001 001 001 001 001 000 001 001 001 001 001 001 000 001 001 002 002 002 002 001 001 001 001 001 001 001 001 001 001 001 001 001 001 001 001 001 001 001 001 001 001 112 FFF 556 000 000 001 001 001 001 001 001 001 001 001 001 001 001 001 003 005 004 004 004 004 004 004 
004 004 004 004 004 004 004 003 001 001 001 001 001 001 001 001 001 001 001 001 001 001 001 001 001 001 001 001 001 001 000 000 000 000 001 000 000 001 000 000 000 000 000 000 000 000 000 000 000 000 000 000 001 001 001 000 000 001 001 000 000 000 000 001 001 001 001 000 001 001 001 001 001 001 000 000 000 000 001 011 001 000 000 001 000 001 001 000 001 001 001 001 000 556 FFF 112 001 001 012 001 001 001 001 001 001 001 001 001 001 000 000 001 001 000 001 001 000 001 011 001 001 001 001 001 001 001 001 001 001 000 000 001 001 001 011 011 001 001 000 000 001 001 001 002 001 001 001 001 002 002 002 002 001 001 001 001 001 001 001 001 001 001 001 001 001 001 001 001 001 000 001 001 001 001 112 FFF 556 000 000 001 001 001 001 001 001 001 001 001 001 001 001 001 003 005 005 005 005 004 004 004 
004 004 004 004 004 004 004 003 001 001 001 001 001 001 001 001 001 001 001 001 001 001 001 001 001 001 001 001 000 000 000 000 000 001 001 000 000 001 000 000 001 000 000 000 000 000 000 000 000 000 000 000 001 001 001 000 000 001 001 000 001 000 000 001 000 001 001 000 001 001 001 001 001 001 000 000 000 000 000 001 001 000 001 001 001 001 001 000 001 001 001 000 000 556 FFF 112 001 001 001 000 001 001 001 001 001 001 001 001 001 001 000 001 001 001 001 001 000 001 011 001 001 001 001 001 001 001 001 001 001 000 000 001 001 110 211 211 111 000 000 000 000 001 000 001 002 001 001 001 002 002 001 002 001 001 001 001 001 001 001 001 001 001 001 001 001 001 001 001 001 000 001 001 001 001 112 FFF 556 000 001 001 001 001 001 001 001 001 001 001 000 001 001 001 004 005 004 004 004 004 004 004 
004 004 004 004 004 004 004 003 001 001 001 001 001 001 001 001 001 001 001 000 001 001 001 001 000 000 000 000 000 000 000 000 001 000 000 000 000 001 000 000 000 000 000 000 001 000 000 000 000 000 000 000 000 001 001 000 000 001 001 000 001 000 000 001 000 000 000 000 000 000 001 001 001 000 001 000 000 000 000 001 011 001 001 001 001 001 001 001 001 001 001 000 000 556 FFF 112 000 001 001 000 001 001 001 001 001 001 001 001 001 001 000 001 001 001 001 001 000 001 011 001 001 001 000 000 001 001 001 001 001 000 000 001 001 000 100 111 111 000 000 000 001 001 000 001 012 001 001 001 002 002 001 002 002 001 001 001 001 001 001 001 001 001 001 001 000 001 001 001 001 000 001 001 001 000 112 FFF 556 000 000 001 001 001 001 001 001 001 001 000 000 001 001 001 004 005 004 004 004 004 003 003 
004 004 004 004 004 004 004 003 001 001 001 001 001 001 001 001 001 001 001 000 000 001 001 001 000 000 000 000 000 001 001 000 000 000 001 000 000 000 000 000 000 000 000 000 000 000 000 000 000 000 000 000 000 000 001 000 001 001 001 001 001 001 000 000 000 000 000 000 001 000 001 001 001 000 001 000 001 000 000 001 011 001 001 001 001 001 001 001 000 001 001 001 000 556 FFF 112 000 001 001 001 001 001 001 001 001 001 000 001 001 001 000 001 001 001 001 001 000 000 001 001 000 000 000 111 110 000 001 001 000 000 000 000 001 001 000 000 000 001 000 000 001 001 001 001 002 002 001 001 002 012 002 012 002 001 002 001 001 001 001 001 001 001 001 001 000 001 001 001 001 000 001 001 001 001 112 FFF 556 000 000 001 001 001 001 001 000 000 000 000 001 001 001 001 004 004 004 003 003 003 003 003 
004 004 004 004 004 004 004 003 001 001 001 001 001 001 001 001 001 001 001 000 000 001 001 001 000 001 001 000 001 001 001 000 000 000 000 000 000 000 000 000 000 001 000 001 000 000 000 001 000 000 000 000 000 000 001 000 000 001 000 000 001 000 000 001 000 001 001 001 001 001 001 001 001 001 000 000 001 000 000 001 001 001 001 001 001 000 001 001 000 001 001 001 000 556 FFF 112 000 001 001 001 001 001 001 001 001 001 000 001 001 001 000 000 001 001 001 001 001 001 001 001 000 000 000 111 100 000 001 001 000 000 000 000 001 001 000 000 000 001 001 000 001 001 001 001 001 001 001 001 002 002 002 012 002 001 001 001 001 001 001 001 001 001 001 001 000 001 001 001 001 000 001 001 001 000 112 FFF 556 000 001 001 001 001 001 000 000 000 001 000 001 001 001 001 004 004 003 003 003 003 003 003 
004 004 004 004 004 004 004 004 002 001 000 001 001 001 001 001 001 000 000 000 001 001 001 000 000 001 001 001 000 001 001 000 000 000 000 000 000 000 000 000 000 001 000 001 000 000 000 000 000 000 000 000 000 000 001 000 000 001 001 000 000 000 000 001 001 001 001 001 001 001 001 001 001 001 000 001 001 001 000 000 001 011 001 001 001 001 001 001 000 001 001 001 000 566 FFF 112 000 001 001 001 000 001 001 001 001 001 000 000 001 001 000 000 001 001 001 001 001 001 001 001 000 000 001 000 001 001 001 001 001 000 000 000 001 001 000 000 000 000 001 001 001 001 002 001 002 002 001 001 001 002 002 002 002 001 001 001 001 001 001 001 001 001 001 001 000 000 001 001 001 000 000 001 001 000 112 FFF 556 000 001 001 001 001 000 000 000 001 001 001 001 001 001 001 114 013 003 002 003 003 003 004 
004 004 003 004 004 004 004 004 002 001 001 001 001 001 001 001 000 000 001 000 001 001 001 000 000 000 001 000 000 001 001 000 000 000 000 000 000 000 000 000 000 001 000 001 000 000 001 001 000 000 000 001 000 000 001 000 001 001 001 000 000 000 001 001 001 001 001 001 001 001 001 001 000 001 001 001 001 001 000 000 001 011 001 001 001 001 001 001 000 001 001 001 000 566 FFF 112 000 001 001 001 000 001 001 001 001 001 001 000 001 001 000 000 000 001 001 000 001 001 001 011 001 000 001 001 001 001 000 001 001 000 000 000 000 001 000 000 000 000 001 001 001 002 002 001 002 002 001 001 001 002 002 001 001 001 001 001 001 001 001 001 001 001 001 001 000 000 001 001 001 000 000 001 001 000 112 FFF 556 000 001 000 000 000 000 000 001 001 001 001 001 001 001 002 013 003 003 002 002 003 014 003 
004 003 004 003 004 004 004 004 003 001 001 001 001 001 001 001 000 000 000 000 001 001 001 000 001 000 000 000 000 001 001 000 000 000 000 000 000 000 000 000 000 001 000 001 001 001 001 001 000 000 000 000 000 000 001 000 001 001 001 000 000 000 001 001 001 001 001 001 001 001 001 001 000 001 001 001 001 001 000 000 001 001 001 000 001 001 001 001 000 000 001 001 001 566 FFF 112 001 001 001 001 000 001 001 001 000 001 000 000 000 000 000 000 000 000 000 000 000 000 001 011 001 000 001 000 001 001 001 000 000 000 000 000 000 000 000 000 000 000 001 001 001 001 002 001 002 012 001 000 001 002 002 001 001 001 001 001 001 001 001 001 001 001 001 001 001 000 001 001 001 001 000 001 001 000 112 FFF 556 000 001 100 000 100 001 001 001 001 001 001 001 001 001 003 013 113 002 002 003 004 003 002 
004 003 004 003 004 004 004 004 003 001 001 001 001 101 000 000 000 000 000 000 001 001 001 000 000 000 000 000 000 001 001 000 001 001 000 000 000 000 001 000 000 001 000 001 001 000 001 001 001 000 000 000 000 000 001 000 001 001 001 000 001 001 001 001 001 001 001 001 001 001 001 000 000 001 001 001 001 001 000 000 000 001 001 000 001 001 001 001 000 000 001 001 001 566 FFF 112 001 000 001 001 000 000 001 001 000 000 000 000 000 000 000 000 000 000 000 000 000 000 001 001 001 000 001 001 001 001 001 000 000 000 000 000 000 000 000 000 000 000 001 000 000 001 002 001 002 002 001 000 001 002 002 001 001 001 001 001 001 001 001 001 001 001 001 001 001 000 001 001 001 001 000 001 001 000 112 FFF 556 000 001 100 000 100 101 001 001 001 001 001 001 001 001 113 112 113 003 003 004 003 003 003 
004 004 004 004 004 004 004 004 004 002 001 001 001 001 000 001 000 000 000 000 000 000 000 000 000 000 000 000 000 000 000 001 001 000 000 000 000 000 001 000 000 001 000 000 000 000 001 001 001 000 000 000 000 000 000 000 001 001 001 001 001 001 001 001 001 001 001 001 001 001 000 000 000 001 001 001 001 001 000 000 000 001 011 001 001 001 001 001 001 000 001 001 001 566 FFF 112 001 000 001 001 000 000 001 001 001 000 000 000 000 000 000 000 000 001 000 000 001 000 000 001 001 000 001 000 000 001 001 000 000 001 000 000 000 000 000 000 000 000 001 000 000 001 002 001 001 001 001 000 001 002 002 001 001 001 001 001 001 001 001 001 001 001 001 001 000 000 001 001 001 001 000 001 001 001 112 FFF 556 000 000 000 000 101 101 101 001 001 001 001 001 001 002 112 112 003 013 014 003 003 003 003 
003 004 004 003 004 004 004 004 004 003 001 001 001 000 000 000 000 000 000 000 000 000 000 000 000 000 000 000 000 000 000 001 000 000 000 001 000 000 000 000 000 001 000 000 001 001 001 001 001 001 000 000 001 000 001 001 001 001 001 001 001 001 001 001 001 001 001 001 001 001 000 000 000 001 001 001 001 001 000 000 000 001 011 001 001 001 001 001 001 001 001 001 001 566 FFF 112 000 000 001 001 001 001 001 001 001 000 000 000 000 000 000 000 000 000 000 000 000 000 001 000 000 000 001 000 001 001 001 001 000 001 000 000 000 000 000 001 000 000 000 001 000 001 001 002 001 001 000 000 001 001 002 001 001 001 001 001 001 001 001 001 001 001 001 001 000 000 001 001 001 000 000 001 001 000 112 FFF 556 000 000 000 000 101 101 101 101 001 001 000 000 001 103 103 013 113 014 003 003 003 003 002 
002 003 003 003 003 003 004 004 003 004 002 000 000 000 001 000 000 000 000 000 001 001 000 000 000 000 000 000 001 000 000 000 000 000 000 001 000 000 000 000 000 000 000 000 000 001 001 001 001 000 000 000 001 000 001 001 001 001 001 001 001 001 001 001 001 001 001 001 001 001 000 000 001 001 001 001 001 001 000 000 000 000 011 001 001 001 011 001 001 001 001 001 001 566 FFF 112 000 001 001 001 001 001 001 001 001 000 000 000 000 000 000 000 000 000 000 000 000 001 001 000 000 000 001 000 001 000 001 001 001 001 000 000 000 000 000 001 001 000 000 001 000 001 001 002 001 001 000 000 000 000 001 001 001 001 000 001 001 001 001 001 001 001 001 001 000 000 001 001 000 000 001 001 001 000 112 FFF 556 000 000 000 001 001 101 101 101 001 001 000 000 001 013 013 114 113 003 003 003 003 002 002 
003 002 002 003 003 003 003 003 003 003 003 001 001 001 001 001 000 000 000 000 001 001 000 000 000 000 000 000 001 001 000 000 000 000 001 001 000 000 000 000 000 000 000 001 000 001 001 001 000 000 000 000 000 000 001 001 001 001 001 001 001 001 001 001 001 001 001 001 000 001 001 001 001 001 001 001 001 001 000 000 000 000 001 001 001 001 001 001 001 001 001 001 001 566 FFF 112 000 000 001 001 001 001 001 001 001 000 000 000 000 000 000 000 000 000 000 000 000 000 001 001 001 000 000 000 001 000 001 000 001 001 000 000 000 000 111 001 001 000 000 001 001 001 001 001 001 001 000 000 000 000 001 001 001 001 000 000 001 001 001 001 001 001 001 001 000 000 000 001 000 001 001 001 001 000 111 FFF 556 000 000 001 001 101 101 101 101 001 001 000 001 102 113 113 103 003 003 003 003 002 002 002 
003 002 002 002 002 002 002 002 002 003 003 002 001 001 001 001 000 000 000 000 000 000 000 001 001 000 000 000 001 001 001 000 000 000 001 001 000 000 000 000 000 000 000 001 001 001 001 000 000 000 000 000 001 000 001 001 001 001 001 001 001 001 001 001 001 001 001 001 000 001 011 001 000 001 001 000 001 001 000 000 000 000 000 001 001 001 001 001 000 001 001 001 000 556 FFF 112 000 001 001 001 001 001 001 001 001 000 000 000 000 000 000 000 000 000 000 000 000 000 000 001 001 000 000 001 001 000 000 000 001 000 000 000 000 000 000 001 001 000 000 000 000 000 001 001 001 001 000 000 000 000 000 001 001 000 001 000 001 001 001 001 001 001 001 001 000 000 000 001 001 001 001 000 000 000 112 FFF 556 000 001 001 001 001 001 001 001 001 001 000 002 113 113 013 113 103 003 003 002 001 002 003 
004 003 002 001 002 002 003 003 002 002 002 002 001 000 000 000 000 000 000 000 000 000 000 000 000 000 000 000 000 000 001 000 000 000 001 001 000 000 000 000 000 000 000 001 001 001 001 000 000 000 000 000 001 000 001 001 001 001 001 001 001 001 001 001 001 001 001 000 001 011 011 011 001 001 001 000 001 001 000 000 001 000 000 000 001 001 001 001 000 000 000 000 000 556 FFF 011 000 000 000 000 000 000 000 000 000 000 000 100 100 000 000 000 000 000 000 000 000 000 000 000 000 000 000 000 000 000 000 000 000 000 000 000 000 000 000 000 000 000 000 000 000 000 000 000 000 000 000 000 000 000 000 000 000 000 000 000 000 000 000 000 000 000 000 000 000 000 000 000 000 000 000 000 000 000 001 FFF 556 000 001 001 001 001 001 001 001 001 000 001 113 113 013 013 113 003 002 002 001 002 003 003 
004 004 002 002 002 003 004 003 003 002 001 001 001 000 000 000 000 000 000 000 000 000 000 000 000 000 000 001 001 001 001 001 000 000 001 001 000 000 000 000 000 001 001 001 001 001 001 001 001 001 000 001 001 001 001 001 001 001 001 002 001 001 002 001 001 001 001 001 000 000 001 001 001 001 000 000 000 001 000 001 001 000 000 001 000 001 001 001 000 000 000 000 000 556 FFF BBB BBB BBB BBB BBB BBB BBB BBB BBB BBB BBB BBB BBB BBB BBB BBB BBB BBB BBB BBB BBB BBB BBB BBB BBB BBB BBB BBB BBB BBB BBB BBB BBB BBB BBB BBB BBB BBB BBB BBB BBB BBB BBB BBB BBB BBB BBB BBB BBB BBB BBB BBB BBB BBB BBB BBB BBB BBB BBB BBB BBB BBB BBB BBB BBB BBB BBB BBB BBB BBB BBB BBB BBB BBB BBB BBB BBB BBB BBB BBB FFF 556 000 001 001 001 001 001 001 000 000 001 113 114 113 003 003 003 003 002 001 002 003 003 002 
004 004 002 002 002 003 004 003 003 003 002 000 001 001 000 000 000 000 000 000 000 000 000 000 000 001 001 001 001 111 211 001 000 001 001 001 000 000 000 000 000 001 001 000 001 001 001 001 001 001 001 001 001 001 001 001 001 001 001 001 001 001 002 001 001 001 001 001 000 000 000 001 001 001 000 000 000 001 000 000 001 000 000 001 001 001 001 000 000 000 000 000 000 334 AAB BBB BBB BBB BBB BBB BBB BBB BBB BBB BBB BBB BBB BBB BBB BBB BBB BBB BBB BBB BBB BBB BBB BBB BBB BBB BBB BBB BBB BBB BBB BBB BBB BBB BBB BBB BBB BBB BBB BBB BBB BBB BBB BBB BBB BBB BBB BBB BBB BBB BBB BBB BBB BBB BBB BBB BBB BBB BBB BBB BBB BBB BBB BBB BBB BBB BBB BBB BBB BBB BBB BBB BBB BBB BBB BBB BBB BBB BBB BBB BBB AAB 334 000 001 001 001 001 001 000 000 001 113 113 113 103 103 003 003 002 002 002 002 002 002 002 
004 004 002 002 002 003 004 003 003 003 002 001 001 001 002 001 000 000 000 000 000 000 000 000 000 000 000 000 001 111 111 001 001 001 001 001 000 000 000 000 001 001 000 000 000 001 001 001 001 001 001 001 001 001 001 001 001 001 001 001 001 001 001 001 001 001 001 000 000 000 000 000 000 001 000 000 000 001 000 000 001 000 000 001 000 001 001 000 000 000 000 000 000 000 001 000 000 000 000 000 000 000 000 000 000 000 000 000 000 000 000 000 000 000 000 000 000 000 000 000 000 000 000 000 000 000 000 000 000 000 000 000 000 000 000 000 000 000 000 000 000 000 000 000 000 000 000 000 000 000 000 000 000 000 000 000 000 000 000 000 000 000 000 000 000 000 000 000 000 000 000 000 000 000 000 000 001 001 001 001 001 001 000 000 001 103 114 103 013 013 003 003 002 002 002 003 002 001 001 002 
004 004 002 002 002 003 004 003 002 003 002 002 002 002 003 003 001 000 000 000 000 000 000 000 000 000 000 000 001 000 001 001 001 001 001 001 000 000 000 000 000 000 000 000 000 000 001 000 000 001 000 001 001 001 001 000 000 000 000 001 001 001 001 001 001 001 000 000 000 000 000 000 000 001 000 000 000 001 000 000 001 000 000 001 000 001 001 000 000 000 000 000 000 000 001 001 001 001 001 001 001 001 000 000 000 000 000 000 000 000 000 000 000 000 000 000 000 000 001 001 001 000 000 001 001 001 000 000 000 000 000 000 000 000 000 000 001 001 000 000 000 000 000 001 001 000 000 000 000 000 000 000 001 000 001 001 001 001 001 000 000 001 001 001 001 001 000 000 000 000 001 001 001 001 001 001 001 001 001 001 001 001 000 001 012 114 003 003 003 013 003 002 001 002 003 002 002 002 002 001 
004 003 002 002 003 003 003 003 003 003 002 002 002 002 003 003 002 002 001 000 000 000 000 000 000 001 001 001 001 000 000 000 000 001 001 001 000 000 000 000 000 000 000 000 000 000 000 000 001 001 000 001 001 000 000 000 001 001 001 001 001 001 001 001 001 001 000 000 000 000 000 000 000 001 000 000 000 001 000 000 001 001 001 001 000 001 001 000 000 000 000 000 000 000 001 001 001 000 001 001 001 001 000 000 000 000 000 000 000 000 000 000 000 000 000 000 000 000 000 000 000 000 000 000 001 001 000 000 000 000 000 000 000 000 000 000 001 001 000 000 000 000 000 000 001 000 000 001 001 000 000 000 000 000 001 001 001 001 000 000 001 001 001 001 000 000 000 000 000 001 001 001 001 001 001 001 001 001 001 001 000 000 001 003 114 003 003 003 003 003 002 001 002 003 003 001 001 002 002 001 
003 002 002 002 003 003 003 003 003 003 002 002 002 002 003 003 002 003 003 001 000 000 000 000 000 001 001 001 001 001 000 000 000 001 001 001 000 000 000 001 000 000 001 000 001 000 000 000 001 001 001 001 001 001 001 001 001 001 001 001 001 001 001 000 001 001 000 000 000 000 000 000 000 000 000 000 000 001 000 000 001 000 000 001 000 001 001 000 000 000 000 000 000 000 001 011 001 001 001 001 001 001 000 000 000 000 000 000 000 000 000 000 000 000 000 000 000 000 000 000 000 000 000 000 000 001 001 000 000 000 000 000 000 000 000 000 001 001 000 001 001 001 000 000 001 000 000 001 001 000 001 000 000 000 000 001 000 000 000 001 001 001 001 000 000 000 000 000 001 001 001 001 001 001 001 001 001 000 000 000 001 002 003 014 003 002 003 003 003 002 001 002 003 004 003 002 001 002 002 001 
002 002 002 002 003 003 003 003 003 002 002 002 002 002 003 003 002 003 003 002 001 001 000 000 000 000 000 000 000 001 000 000 000 000 000 000 000 000 000 000 000 000 000 001 000 000 000 001 001 221 101 001 001 001 001 001 001 001 001 001 001 001 001 000 001 001 000 000 000 000 000 000 000 000 000 000 000 001 000 000 001 000 000 001 000 000 001 000 000 000 000 000 000 000 001 001 001 001 001 001 001 001 000 000 000 000 000 000 000 000 000 000 000 000 000 000 000 000 000 001 000 000 000 000 000 000 000 000 000 000 000 000 000 000 000 000 000 001 000 001 001 001 000 001 001 000 000 001 001 001 001 000 000 000 000 001 000 000 001 001 001 001 000 000 000 000 001 001 001 001 001 001 001 001 001 000 000 001 001 001 002 003 014 003 003 003 003 002 002 001 002 003 004 004 003 002 002 002 001 001 
003 003 002 002 003 003 003 003 003 002 002 002 002 002 003 003 002 003 003 002 002 002 002 001 001 000 000 000 000 000 000 000 000 000 000 000 000 000 000 000 000 000 000 001 000 000 001 001 001 000 001 001 001 001 001 001 001 001 001 001 001 001 001 000 000 001 000 000 000 000 000 000 000 000 000 000 000 000 000 000 000 000 000 000 000 000 001 000 000 000 000 000 000 000 000 000 000 001 001 001 001 000 000 000 000 000 000 000 000 000 000 000 000 000 000 000 000 000 000 001 000 000 000 000 000 000 000 000 000 000 000 000 000 000 000 000 000 001 000 001 001 001 001 001 001 000 000 001 001 000 001 000 000 000 000 000 000 000 001 001 000 000 000 000 000 000 001 001 001 001 001 000 001 001 001 001 002 002 002 002 003 004 003 002 003 004 002 001 002 002 003 003 003 004 003 003 003 002 002 002 
003 003 002 002 003 003 003 003 002 002 002 002 001 002 003 003 003 002 002 002 002 002 002 002 002 002 002 001 000 000 000 000 000 000 000 000 000 001 001 001 001 001 001 001 001 001 002 001 002 001 002 013 012 002 002 002 002 013 002 002 002 012 002 001 002 001 001 001 001 001 001 001 001 001 001 001 001 001 001 001 001 001 001 001 001 001 011 001 001 001 001 001 001 001 001 001 001 001 001 001 001 001 001 001 001 001 001 001 001 001 001 001 001 001 001 001 001 001 001 001 001 001 001 000 000 000 000 000 001 001 001 001 000 000 000 001 001 012 002 002 012 013 002 002 002 001 001 002 002 001 001 001 001 001 001 001 001 001 001 001 001 001 001 001 002 002 002 002 002 002 001 001 002 002 002 003 002 002 002 003 003 003 002 002 003 002 001 002 002 003 002 002 003 003 003 003 003 003 002 002 
003 003 002 002 003 003 003 003 002 002 001 002 002 002 003 003 003 003 002 002 001 001 001 001 002 002 001 001 001 001 001 001 002 002 002 001 001 002 003 003 002 003 003 003 002 002 014 013 013 013 114 126 115 014 115 013 014 125 014 014 014 124 014 003 013 013 002 002 002 002 002 002 002 013 001 002 002 013 013 013 013 003 003 013 013 013 123 002 002 002 002 012 002 002 002 001 002 002 001 002 002 002 002 002 002 002 002 002 002 012 002 002 002 002 002 001 002 002 002 002 001 002 003 001 001 001 001 001 001 003 013 002 001 000 001 001 003 125 125 014 126 126 015 115 115 014 002 013 014 003 003 003 002 002 003 014 003 003 003 003 003 002 002 003 003 003 014 014 014 004 003 003 003 003 002 002 002 002 003 003 003 003 003 003 002 002 002 003 003 003 001 002 003 003 003 003 004 003 003 003 
003 002 002 002 003 003 003 003 002 002 001 002 002 002 003 002 002 002 002 001 001 001 001 001 001 001 001 001 002 002 002 002 123 223 002 001 001 002 003 003 002 003 003 003 002 113 003 003 013 003 014 126 115 014 115 013 014 025 014 013 014 124 014 002 013 013 002 002 002 002 002 001 002 013 001 002 002 013 013 013 124 003 002 013 002 002 012 002 001 001 002 002 001 002 002 002 002 002 002 002 002 002 002 002 002 112 002 002 002 002 002 002 001 002 002 001 001 002 002 002 001 001 002 001 001 001 001 001 001 002 013 002 001 001 001 001 003 026 026 014 127 127 126 115 126 115 003 013 014 003 002 002 003 014 014 014 003 002 003 003 003 002 002 003 003 003 004 003 013 004 003 003 003 003 002 002 002 003 003 003 003 003 003 002 002 002 003 003 003 002 001 002 003 003 003 004 004 004 003 003 
003 002 002 003 003 003 003 003 002 002 001 002 002 002 002 002 002 002 001 001 000 000 000 001 001 001 001 002 013 003 002 003 012 012 003 002 001 003 014 003 002 013 013 003 113 223 003 003 003 002 014 126 015 014 015 003 014 025 014 014 014 024 013 002 014 013 002 002 002 002 002 001 002 013 001 002 002 013 013 013 013 002 001 001 001 001 002 002 002 001 211 322 112 002 012 002 002 012 113 001 002 002 002 002 002 112 002 002 002 002 002 002 223 112 002 001 001 002 002 002 002 001 002 001 001 001 001 001 001 002 003 002 001 001 001 002 003 026 127 025 137 138 127 026 126 225 113 014 014 013 002 003 014 014 004 003 002 003 003 003 003 003 003 004 003 004 003 003 013 004 003 002 002 003 002 002 003 003 003 003 003 003 003 002 002 003 003 002 002 001 001 002 003 003 003 004 004 003 003 003 
002 002 002 002 002 003 003 003 002 002 002 001 002 002 001 001 001 001 001 001 000 001 001 002 002 001 002 002 013 002 002 004 003 013 014 003 002 002 013 003 002 013 003 003 002 002 014 003 003 003 014 115 014 014 025 003 003 025 014 014 014 014 013 003 014 003 002 002 002 001 001 001 002 013 002 002 002 002 001 002 002 002 001 001 001 002 013 002 002 001 644 643 112 002 012 002 012 113 113 001 012 012 002 002 002 002 002 001 002 013 002 002 012 002 003 002 001 001 002 002 002 001 001 001 001 001 001 001 001 002 013 002 001 001 001 002 003 126 038 016 137 038 127 325 655 545 114 115 115 014 014 014 013 003 003 003 003 002 003 003 003 003 003 004 003 003 004 003 014 003 003 002 002 003 003 003 003 002 003 003 003 002 002 002 003 003 002 002 001 001 001 003 003 003 003 004 004 003 003 003 
002 002 002 002 002 002 002 002 002 001 001 001 001 001 001 001 001 001 001 001 001 001 011 012 002 001 012 012 012 002 002 014 013 013 004 003 002 003 003 003 013 013 003 013 003 002 014 013 013 003 014 114 014 014 025 013 014 014 014 004 014 024 013 003 014 013 002 002 002 001 001 001 002 012 002 002 002 002 002 002 002 013 002 001 002 013 123 002 002 012 101 001 002 112 012 012 012 113 113 002 002 012 002 002 002 002 002 001 001 002 013 002 003 002 002 002 002 001 002 001 002 002 001 001 001 001 001 001 001 002 013 002 001 001 002 014 013 015 039 126 115 238 657 975 766 125 004 115 115 115 014 003 003 003 003 003 002 002 003 004 004 004 003 004 004 003 014 014 004 003 003 002 002 003 003 003 002 003 003 003 003 002 002 003 003 003 002 001 001 001 001 003 003 003 003 004 004 004 004 004 
