Copyright 1986-2022 Xilinx, Inc. All Rights Reserved. Copyright 2022-2023 Advanced Micro Devices, Inc. All Rights Reserved.
------------------------------------------------------------------------------------------------------------------------------------------------------------------------------------------------------
| Tool Version : Vivado v.2023.1 (win64) Build 3865809 Sun May  7 15:05:29 MDT 2023
| Date         : Sun May 10 23:55:08 2026
| Host         : LAPTOP-AF2G83QP running 64-bit major release  (build 9200)
| Command      : report_timing_summary -max_paths 10 -report_unconstrained -file top_timing_summary_routed.rpt -pb top_timing_summary_routed.pb -rpx top_timing_summary_routed.rpx -warn_on_violation
| Design       : top
| Device       : 7a100ti-csg324
| Speed File   : -1L  PRODUCTION 1.23 2018-06-13
| Design State : Routed
------------------------------------------------------------------------------------------------------------------------------------------------------------------------------------------------------

Timing Summary Report

------------------------------------------------------------------------------------------------
| Timer Settings
| --------------
------------------------------------------------------------------------------------------------

  Enable Multi Corner Analysis               :  Yes
  Enable Pessimism Removal                   :  Yes
  Pessimism Removal Resolution               :  Nearest Common Node
  Enable Input Delay Default Clock           :  No
  Enable Preset / Clear Arcs                 :  No
  Disable Flight Delays                      :  No
  Ignore I/O Paths                           :  No
  Timing Early Launch at Borrowing Latches   :  No
  Borrow Time for Max Delay Exceptions       :  Yes
  Merge Timing Exceptions                    :  Yes

  Corner  Analyze    Analyze    
  Name    Max Paths  Min Paths  
  ------  ---------  ---------  
  Slow    Yes        Yes        
  Fast    Yes        Yes        


------------------------------------------------------------------------------------------------
| Report Methodology
| ------------------
------------------------------------------------------------------------------------------------

Rule       Severity          Description                                         Violations  
---------  ----------------  --------------------------------------------------  ----------  
TIMING-4   Critical Warning  Invalid primary clock redefinition on a clock tree  1           
TIMING-17  Critical Warning  Non-clocked sequential cell                         16          
TIMING-27  Critical Warning  Invalid primary clock on hierarchical pin           1           
TIMING-18  Warning           Missing input or output delay                       3           
TIMING-20  Warning           Non-clocked latch                                   8           
LATCH-1    Advisory          Existing latches in the design                      1           

Note: This report is based on the most recent report_methodology run and may not be up-to-date. Run report_methodology on the current design for the latest report.



check_timing report

Table of Contents
-----------------
1. checking no_clock (384)
2. checking constant_clock (0)
3. checking pulse_width_clock (0)
4. checking unconstrained_internal_endpoints (40)
5. checking no_input_delay (3)
6. checking no_output_delay (14)
7. checking multiple_clock (0)
8. checking generated_clocks (0)
9. checking loops (0)
10. checking partial_input_delay (0)
11. checking partial_output_delay (0)
12. checking latch_loops (0)

1. checking no_clock (384)
--------------------------
 There are 4 register/latch pins with no clock driven by root clock pin: game_logic/cur_num_reg[0]/Q (HIGH)

 There are 4 register/latch pins with no clock driven by root clock pin: game_logic/cur_num_reg[1]/Q (HIGH)

 There are 4 register/latch pins with no clock driven by root clock pin: game_logic/cur_num_reg[2]/Q (HIGH)

 There are 4 register/latch pins with no clock driven by root clock pin: game_logic/cur_x_reg[0]/Q (HIGH)

 There are 4 register/latch pins with no clock driven by root clock pin: game_logic/cur_x_reg[0]_rep/Q (HIGH)

 There are 4 register/latch pins with no clock driven by root clock pin: game_logic/cur_x_reg[0]_rep__2/Q (HIGH)

 There are 4 register/latch pins with no clock driven by root clock pin: game_logic/cur_x_reg[1]/Q (HIGH)

 There are 4 register/latch pins with no clock driven by root clock pin: game_logic/cur_x_reg[2]/Q (HIGH)

 There are 4 register/latch pins with no clock driven by root clock pin: game_logic/cur_x_reg[3]/Q (HIGH)

 There are 4 register/latch pins with no clock driven by root clock pin: game_logic/cur_x_reg[4]/Q (HIGH)

 There are 4 register/latch pins with no clock driven by root clock pin: game_logic/cur_y_reg[0]_rep__3/Q (HIGH)

 There are 4 register/latch pins with no clock driven by root clock pin: game_logic/cur_y_reg[0]_rep__4/Q (HIGH)

 There are 4 register/latch pins with no clock driven by root clock pin: game_logic/cur_y_reg[1]/Q (HIGH)

 There are 4 register/latch pins with no clock driven by root clock pin: game_logic/cur_y_reg[1]_rep__0/Q (HIGH)

 There are 4 register/latch pins with no clock driven by root clock pin: game_logic/cur_y_reg[2]/Q (HIGH)

 There are 4 register/latch pins with no clock driven by root clock pin: game_logic/cur_y_reg[3]/Q (HIGH)

 There are 4 register/latch pins with no clock driven by root clock pin: game_logic/cur_y_reg[4]/Q (HIGH)

 There are 16 register/latch pins with no clock driven by root clock pin: keyboard/ps2_c_f_reg/Q (HIGH)

 There are 4 register/latch pins with no clock driven by root clock pin: rend/BLK/U0/inst_blk_mem_gen/gnbram.gnativebmg.native_blk_mem_gen/valid.cstr/ramloop[0].ram.r/prim_init.ram/DEVICE_7SERIES.NO_BMM_INFO.SP.WIDE_PRIM18.ram/DOADO[0] (HIGH)

 There are 4 register/latch pins with no clock driven by root clock pin: rend/BLK/U0/inst_blk_mem_gen/gnbram.gnativebmg.native_blk_mem_gen/valid.cstr/ramloop[0].ram.r/prim_init.ram/DEVICE_7SERIES.NO_BMM_INFO.SP.WIDE_PRIM18.ram/DOADO[10] (HIGH)

 There are 4 register/latch pins with no clock driven by root clock pin: rend/BLK/U0/inst_blk_mem_gen/gnbram.gnativebmg.native_blk_mem_gen/valid.cstr/ramloop[0].ram.r/prim_init.ram/DEVICE_7SERIES.NO_BMM_INFO.SP.WIDE_PRIM18.ram/DOADO[11] (HIGH)

 There are 4 register/latch pins with no clock driven by root clock pin: rend/BLK/U0/inst_blk_mem_gen/gnbram.gnativebmg.native_blk_mem_gen/valid.cstr/ramloop[0].ram.r/prim_init.ram/DEVICE_7SERIES.NO_BMM_INFO.SP.WIDE_PRIM18.ram/DOADO[1] (HIGH)

 There are 4 register/latch pins with no clock driven by root clock pin: rend/BLK/U0/inst_blk_mem_gen/gnbram.gnativebmg.native_blk_mem_gen/valid.cstr/ramloop[0].ram.r/prim_init.ram/DEVICE_7SERIES.NO_BMM_INFO.SP.WIDE_PRIM18.ram/DOADO[2] (HIGH)

 There are 4 register/latch pins with no clock driven by root clock pin: rend/BLK/U0/inst_blk_mem_gen/gnbram.gnativebmg.native_blk_mem_gen/valid.cstr/ramloop[0].ram.r/prim_init.ram/DEVICE_7SERIES.NO_BMM_INFO.SP.WIDE_PRIM18.ram/DOADO[3] (HIGH)

 There are 4 register/latch pins with no clock driven by root clock pin: rend/BLK/U0/inst_blk_mem_gen/gnbram.gnativebmg.native_blk_mem_gen/valid.cstr/ramloop[0].ram.r/prim_init.ram/DEVICE_7SERIES.NO_BMM_INFO.SP.WIDE_PRIM18.ram/DOADO[8] (HIGH)

 There are 4 register/latch pins with no clock driven by root clock pin: rend/BLK/U0/inst_blk_mem_gen/gnbram.gnativebmg.native_blk_mem_gen/valid.cstr/ramloop[0].ram.r/prim_init.ram/DEVICE_7SERIES.NO_BMM_INFO.SP.WIDE_PRIM18.ram/DOADO[9] (HIGH)

 There are 4 register/latch pins with no clock driven by root clock pin: rend/BLK/U0/inst_blk_mem_gen/gnbram.gnativebmg.native_blk_mem_gen/valid.cstr/ramloop[0].ram.r/prim_init.ram/DEVICE_7SERIES.NO_BMM_INFO.SP.WIDE_PRIM18.ram/DOBDO[0] (HIGH)

 There are 4 register/latch pins with no clock driven by root clock pin: rend/BLK/U0/inst_blk_mem_gen/gnbram.gnativebmg.native_blk_mem_gen/valid.cstr/ramloop[0].ram.r/prim_init.ram/DEVICE_7SERIES.NO_BMM_INFO.SP.WIDE_PRIM18.ram/DOBDO[10] (HIGH)

 There are 4 register/latch pins with no clock driven by root clock pin: rend/BLK/U0/inst_blk_mem_gen/gnbram.gnativebmg.native_blk_mem_gen/valid.cstr/ramloop[0].ram.r/prim_init.ram/DEVICE_7SERIES.NO_BMM_INFO.SP.WIDE_PRIM18.ram/DOBDO[11] (HIGH)

 There are 4 register/latch pins with no clock driven by root clock pin: rend/BLK/U0/inst_blk_mem_gen/gnbram.gnativebmg.native_blk_mem_gen/valid.cstr/ramloop[0].ram.r/prim_init.ram/DEVICE_7SERIES.NO_BMM_INFO.SP.WIDE_PRIM18.ram/DOBDO[1] (HIGH)

 There are 4 register/latch pins with no clock driven by root clock pin: rend/BLK/U0/inst_blk_mem_gen/gnbram.gnativebmg.native_blk_mem_gen/valid.cstr/ramloop[0].ram.r/prim_init.ram/DEVICE_7SERIES.NO_BMM_INFO.SP.WIDE_PRIM18.ram/DOBDO[2] (HIGH)

 There are 4 register/latch pins with no clock driven by root clock pin: rend/BLK/U0/inst_blk_mem_gen/gnbram.gnativebmg.native_blk_mem_gen/valid.cstr/ramloop[0].ram.r/prim_init.ram/DEVICE_7SERIES.NO_BMM_INFO.SP.WIDE_PRIM18.ram/DOBDO[3] (HIGH)

 There are 4 register/latch pins with no clock driven by root clock pin: rend/BLK/U0/inst_blk_mem_gen/gnbram.gnativebmg.native_blk_mem_gen/valid.cstr/ramloop[0].ram.r/prim_init.ram/DEVICE_7SERIES.NO_BMM_INFO.SP.WIDE_PRIM18.ram/DOBDO[8] (HIGH)

 There are 4 register/latch pins with no clock driven by root clock pin: rend/BLK/U0/inst_blk_mem_gen/gnbram.gnativebmg.native_blk_mem_gen/valid.cstr/ramloop[0].ram.r/prim_init.ram/DEVICE_7SERIES.NO_BMM_INFO.SP.WIDE_PRIM18.ram/DOBDO[9] (HIGH)

 There are 4 register/latch pins with no clock driven by root clock pin: rend/BLK2/U0/inst_blk_mem_gen/gnbram.gnativebmg.native_blk_mem_gen/valid.cstr/ramloop[0].ram.r/prim_init.ram/DEVICE_7SERIES.NO_BMM_INFO.SP.WIDE_PRIM18.ram/DOADO[0] (HIGH)

 There are 4 register/latch pins with no clock driven by root clock pin: rend/BLK2/U0/inst_blk_mem_gen/gnbram.gnativebmg.native_blk_mem_gen/valid.cstr/ramloop[0].ram.r/prim_init.ram/DEVICE_7SERIES.NO_BMM_INFO.SP.WIDE_PRIM18.ram/DOADO[10] (HIGH)

 There are 4 register/latch pins with no clock driven by root clock pin: rend/BLK2/U0/inst_blk_mem_gen/gnbram.gnativebmg.native_blk_mem_gen/valid.cstr/ramloop[0].ram.r/prim_init.ram/DEVICE_7SERIES.NO_BMM_INFO.SP.WIDE_PRIM18.ram/DOADO[11] (HIGH)

 There are 4 register/latch pins with no clock driven by root clock pin: rend/BLK2/U0/inst_blk_mem_gen/gnbram.gnativebmg.native_blk_mem_gen/valid.cstr/ramloop[0].ram.r/prim_init.ram/DEVICE_7SERIES.NO_BMM_INFO.SP.WIDE_PRIM18.ram/DOADO[1] (HIGH)

 There are 4 register/latch pins with no clock driven by root clock pin: rend/BLK2/U0/inst_blk_mem_gen/gnbram.gnativebmg.native_blk_mem_gen/valid.cstr/ramloop[0].ram.r/prim_init.ram/DEVICE_7SERIES.NO_BMM_INFO.SP.WIDE_PRIM18.ram/DOADO[2] (HIGH)

 There are 4 register/latch pins with no clock driven by root clock pin: rend/BLK2/U0/inst_blk_mem_gen/gnbram.gnativebmg.native_blk_mem_gen/valid.cstr/ramloop[0].ram.r/prim_init.ram/DEVICE_7SERIES.NO_BMM_INFO.SP.WIDE_PRIM18.ram/DOADO[3] (HIGH)

 There are 4 register/latch pins with no clock driven by root clock pin: rend/BLK2/U0/inst_blk_mem_gen/gnbram.gnativebmg.native_blk_mem_gen/valid.cstr/ramloop[0].ram.r/prim_init.ram/DEVICE_7SERIES.NO_BMM_INFO.SP.WIDE_PRIM18.ram/DOADO[8] (HIGH)

 There are 4 register/latch pins with no clock driven by root clock pin: rend/BLK2/U0/inst_blk_mem_gen/gnbram.gnativebmg.native_blk_mem_gen/valid.cstr/ramloop[0].ram.r/prim_init.ram/DEVICE_7SERIES.NO_BMM_INFO.SP.WIDE_PRIM18.ram/DOADO[9] (HIGH)

 There are 4 register/latch pins with no clock driven by root clock pin: rend/BLK2/U0/inst_blk_mem_gen/gnbram.gnativebmg.native_blk_mem_gen/valid.cstr/ramloop[0].ram.r/prim_init.ram/DEVICE_7SERIES.NO_BMM_INFO.SP.WIDE_PRIM18.ram/DOBDO[0] (HIGH)

 There are 4 register/latch pins with no clock driven by root clock pin: rend/BLK2/U0/inst_blk_mem_gen/gnbram.gnativebmg.native_blk_mem_gen/valid.cstr/ramloop[0].ram.r/prim_init.ram/DEVICE_7SERIES.NO_BMM_INFO.SP.WIDE_PRIM18.ram/DOBDO[10] (HIGH)

 There are 4 register/latch pins with no clock driven by root clock pin: rend/BLK2/U0/inst_blk_mem_gen/gnbram.gnativebmg.native_blk_mem_gen/valid.cstr/ramloop[0].ram.r/prim_init.ram/DEVICE_7SERIES.NO_BMM_INFO.SP.WIDE_PRIM18.ram/DOBDO[11] (HIGH)

 There are 4 register/latch pins with no clock driven by root clock pin: rend/BLK2/U0/inst_blk_mem_gen/gnbram.gnativebmg.native_blk_mem_gen/valid.cstr/ramloop[0].ram.r/prim_init.ram/DEVICE_7SERIES.NO_BMM_INFO.SP.WIDE_PRIM18.ram/DOBDO[1] (HIGH)

 There are 4 register/latch pins with no clock driven by root clock pin: rend/BLK2/U0/inst_blk_mem_gen/gnbram.gnativebmg.native_blk_mem_gen/valid.cstr/ramloop[0].ram.r/prim_init.ram/DEVICE_7SERIES.NO_BMM_INFO.SP.WIDE_PRIM18.ram/DOBDO[2] (HIGH)

 There are 4 register/latch pins with no clock driven by root clock pin: rend/BLK2/U0/inst_blk_mem_gen/gnbram.gnativebmg.native_blk_mem_gen/valid.cstr/ramloop[0].ram.r/prim_init.ram/DEVICE_7SERIES.NO_BMM_INFO.SP.WIDE_PRIM18.ram/DOBDO[3] (HIGH)

 There are 4 register/latch pins with no clock driven by root clock pin: rend/BLK2/U0/inst_blk_mem_gen/gnbram.gnativebmg.native_blk_mem_gen/valid.cstr/ramloop[0].ram.r/prim_init.ram/DEVICE_7SERIES.NO_BMM_INFO.SP.WIDE_PRIM18.ram/DOBDO[8] (HIGH)

 There are 4 register/latch pins with no clock driven by root clock pin: rend/BLK2/U0/inst_blk_mem_gen/gnbram.gnativebmg.native_blk_mem_gen/valid.cstr/ramloop[0].ram.r/prim_init.ram/DEVICE_7SERIES.NO_BMM_INFO.SP.WIDE_PRIM18.ram/DOBDO[9] (HIGH)

 There are 4 register/latch pins with no clock driven by root clock pin: rend/i_reg[0]/Q (HIGH)

 There are 8 register/latch pins with no clock driven by root clock pin: rend/i_reg[10]/Q (HIGH)

 There are 8 register/latch pins with no clock driven by root clock pin: rend/i_reg[11]/Q (HIGH)

 There are 4 register/latch pins with no clock driven by root clock pin: rend/i_reg[1]/Q (HIGH)

 There are 4 register/latch pins with no clock driven by root clock pin: rend/i_reg[2]/Q (HIGH)

 There are 8 register/latch pins with no clock driven by root clock pin: rend/i_reg[3]/Q (HIGH)

 There are 8 register/latch pins with no clock driven by root clock pin: rend/i_reg[4]/Q (HIGH)

 There are 8 register/latch pins with no clock driven by root clock pin: rend/i_reg[5]/Q (HIGH)

 There are 8 register/latch pins with no clock driven by root clock pin: rend/i_reg[6]/Q (HIGH)

 There are 8 register/latch pins with no clock driven by root clock pin: rend/i_reg[7]/Q (HIGH)

 There are 8 register/latch pins with no clock driven by root clock pin: rend/i_reg[8]/Q (HIGH)

 There are 8 register/latch pins with no clock driven by root clock pin: rend/i_reg[9]/Q (HIGH)

 There are 4 register/latch pins with no clock driven by root clock pin: rend/j_reg[0]/Q (HIGH)

 There are 8 register/latch pins with no clock driven by root clock pin: rend/j_reg[10]/Q (HIGH)

 There are 8 register/latch pins with no clock driven by root clock pin: rend/j_reg[11]/Q (HIGH)

 There are 4 register/latch pins with no clock driven by root clock pin: rend/j_reg[1]/Q (HIGH)

 There are 8 register/latch pins with no clock driven by root clock pin: rend/j_reg[2]/Q (HIGH)

 There are 8 register/latch pins with no clock driven by root clock pin: rend/j_reg[3]/Q (HIGH)

 There are 8 register/latch pins with no clock driven by root clock pin: rend/j_reg[4]/Q (HIGH)

 There are 8 register/latch pins with no clock driven by root clock pin: rend/j_reg[5]/Q (HIGH)

 There are 8 register/latch pins with no clock driven by root clock pin: rend/j_reg[6]/Q (HIGH)

 There are 8 register/latch pins with no clock driven by root clock pin: rend/j_reg[7]/Q (HIGH)

 There are 8 register/latch pins with no clock driven by root clock pin: rend/j_reg[8]/Q (HIGH)

 There are 8 register/latch pins with no clock driven by root clock pin: rend/j_reg[9]/Q (HIGH)


2. checking constant_clock (0)
------------------------------
 There are 0 register/latch pins with constant_clock.


3. checking pulse_width_clock (0)
---------------------------------
 There are 0 register/latch pins which need pulse_width check


4. checking unconstrained_internal_endpoints (40)
-------------------------------------------------
 There are 40 pins that are not constrained for maximum delay. (HIGH)

 There are 0 pins that are not constrained for maximum delay due to constant clock.


5. checking no_input_delay (3)
------------------------------
 There are 3 input ports with no input delay specified. (HIGH)

 There are 0 input ports with no input delay but user has a false path constraint.


6. checking no_output_delay (14)
--------------------------------
 There are 14 ports with no output delay specified. (HIGH)

 There are 0 ports with no output delay but user has a false path constraint

 There are 0 ports with no output delay but with a timing clock defined on it or propagating through it


7. checking multiple_clock (0)
------------------------------
 There are 0 register/latch pins with multiple clocks.


8. checking generated_clocks (0)
--------------------------------
 There are 0 generated clocks that are not connected to a clock source.


9. checking loops (0)
---------------------
 There are 0 combinational loops in the design.


10. checking partial_input_delay (0)
------------------------------------
 There are 0 input ports with partial input delay specified.


11. checking partial_output_delay (0)
-------------------------------------
 There are 0 ports with partial output delay specified.


12. checking latch_loops (0)
----------------------------
 There are 0 combinational latch loops in the design through latch input



------------------------------------------------------------------------------------------------
| Design Timing Summary
| ---------------------
------------------------------------------------------------------------------------------------

    WNS(ns)      TNS(ns)  TNS Failing Endpoints  TNS Total Endpoints      WHS(ns)      THS(ns)  THS Failing Endpoints  THS Total Endpoints     WPWS(ns)     TPWS(ns)  TPWS Failing Endpoints  TPWS Total Endpoints  
    -------      -------  ---------------------  -------------------      -------      -------  ---------------------  -------------------     --------     --------  ----------------------  --------------------  
     -0.496       -4.239                     30                 1315        0.140        0.000                      0                 1315        3.000        0.000                       0                   495  


Timing constraints are not met.


------------------------------------------------------------------------------------------------
| Clock Summary
| -------------
------------------------------------------------------------------------------------------------

Clock                Waveform(ns)       Period(ns)      Frequency(MHz)
-----                ------------       ----------      --------------
clk_ip/inst/clk_in1  {0.000 5.000}      10.000          100.000         
  clk_out1_pclk      {0.000 10.000}     20.000          50.000          
  clkfbout_pclk      {0.000 5.000}      10.000          100.000         
sys_clk_pin          {0.000 5.000}      10.000          100.000         


------------------------------------------------------------------------------------------------
| Intra Clock Table
| -----------------
------------------------------------------------------------------------------------------------

Clock                    WNS(ns)      TNS(ns)  TNS Failing Endpoints  TNS Total Endpoints      WHS(ns)      THS(ns)  THS Failing Endpoints  THS Total Endpoints     WPWS(ns)     TPWS(ns)  TPWS Failing Endpoints  TPWS Total Endpoints  
-----                    -------      -------  ---------------------  -------------------      -------      -------  ---------------------  -------------------     --------     --------  ----------------------  --------------------  
clk_ip/inst/clk_in1                                                                                                                                                    3.000        0.000                       0                     1  
  clk_out1_pclk           14.645        0.000                      0                  263        0.157        0.000                      0                  263        9.500        0.000                       0                    88  
  clkfbout_pclk                                                                                                                                                        7.845        0.000                       0                     3  
sys_clk_pin               -0.496       -4.239                     30                 1052        0.140        0.000                      0                 1052        4.500        0.000                       0                   403  


------------------------------------------------------------------------------------------------
| Inter Clock Table
| -----------------
------------------------------------------------------------------------------------------------

From Clock    To Clock          WNS(ns)      TNS(ns)  TNS Failing Endpoints  TNS Total Endpoints      WHS(ns)      THS(ns)  THS Failing Endpoints  THS Total Endpoints  
----------    --------          -------      -------  ---------------------  -------------------      -------      -------  ---------------------  -------------------  


------------------------------------------------------------------------------------------------
| Other Path Groups Table
| -----------------------
------------------------------------------------------------------------------------------------

Path Group    From Clock    To Clock          WNS(ns)      TNS(ns)  TNS Failing Endpoints  TNS Total Endpoints      WHS(ns)      THS(ns)  THS Failing Endpoints  THS Total Endpoints  
----------    ----------    --------          -------      -------  ---------------------  -------------------      -------      -------  ---------------------  -------------------  


------------------------------------------------------------------------------------------------
| User Ignored Path Table
| -----------------------
------------------------------------------------------------------------------------------------

Path Group    From Clock    To Clock    
----------    ----------    --------    


------------------------------------------------------------------------------------------------
| Unconstrained Path Table
| ------------------------
------------------------------------------------------------------------------------------------

Path Group     From Clock     To Clock     
----------     ----------     --------     
(none)                                       
(none)         clk_out1_pclk                 
(none)         clkfbout_pclk                 
(none)         sys_clk_pin                   
(none)                        clk_out1_pclk  
(none)                        sys_clk_pin    


------------------------------------------------------------------------------------------------
| Timing Details
| --------------
------------------------------------------------------------------------------------------------


---------------------------------------------------------------------------------------------------
From Clock:  clk_ip/inst/clk_in1
  To Clock:  clk_ip/inst/clk_in1

Setup :           NA  Failing Endpoints,  Worst Slack           NA  ,  Total Violation           NA
Hold  :           NA  Failing Endpoints,  Worst Slack           NA  ,  Total Violation           NA
PW    :            0  Failing Endpoints,  Worst Slack        3.000ns,  Total Violation        0.000ns
---------------------------------------------------------------------------------------------------


Pulse Width Checks
--------------------------------------------------------------------------------------
Clock Name:         clk_ip/inst/clk_in1
Waveform(ns):       { 0.000 5.000 }
Period(ns):         10.000
Sources:            { clk_ip/inst/clk_in1 }

Check Type        Corner  Lib Pin            Reference Pin  Required(ns)  Actual(ns)  Slack(ns)  Location         Pin
Min Period        n/a     MMCME2_ADV/CLKIN1  n/a            1.249         10.000      8.751      MMCME2_ADV_X0Y0  clk_ip/inst/mmcm_adv_inst/CLKIN1
Max Period        n/a     MMCME2_ADV/CLKIN1  n/a            100.000       10.000      90.000     MMCME2_ADV_X0Y0  clk_ip/inst/mmcm_adv_inst/CLKIN1
Low Pulse Width   Slow    MMCME2_ADV/CLKIN1  n/a            2.000         5.000       3.000      MMCME2_ADV_X0Y0  clk_ip/inst/mmcm_adv_inst/CLKIN1
Low Pulse Width   Fast    MMCME2_ADV/CLKIN1  n/a            2.000         5.000       3.000      MMCME2_ADV_X0Y0  clk_ip/inst/mmcm_adv_inst/CLKIN1
High Pulse Width  Slow    MMCME2_ADV/CLKIN1  n/a            2.000         5.000       3.000      MMCME2_ADV_X0Y0  clk_ip/inst/mmcm_adv_inst/CLKIN1
High Pulse Width  Fast    MMCME2_ADV/CLKIN1  n/a            2.000         5.000       3.000      MMCME2_ADV_X0Y0  clk_ip/inst/mmcm_adv_inst/CLKIN1



---------------------------------------------------------------------------------------------------
From Clock:  clk_out1_pclk
  To Clock:  clk_out1_pclk

Setup :            0  Failing Endpoints,  Worst Slack       14.645ns,  Total Violation        0.000ns
Hold  :            0  Failing Endpoints,  Worst Slack        0.157ns,  Total Violation        0.000ns
PW    :            0  Failing Endpoints,  Worst Slack        9.500ns,  Total Violation        0.000ns
---------------------------------------------------------------------------------------------------


Max Delay Paths
--------------------------------------------------------------------------------------
Slack (MET) :             14.645ns  (required time - arrival time)
  Source:                 Vram/U0/inst_blk_mem_gen/gnbram.gnativebmg.native_blk_mem_gen/valid.cstr/ramloop[9].ram.r/prim_noinit.ram/DEVICE_7SERIES.NO_BMM_INFO.TRUE_DP.SIMPLE_PRIM36.ram/CLKARDCLK
                            (rising edge-triggered cell RAMB36E1 clocked by clk_out1_pclk  {rise@0.000ns fall@10.000ns period=20.000ns})
  Destination:            ddp/rgb_reg[10]/D
                            (rising edge-triggered cell FDRE clocked by clk_out1_pclk  {rise@0.000ns fall@10.000ns period=20.000ns})
  Path Group:             clk_out1_pclk
  Path Type:              Setup (Max at Slow Process Corner)
  Requirement:            20.000ns  (clk_out1_pclk rise@20.000ns - clk_out1_pclk rise@0.000ns)
  Data Path Delay:        4.872ns  (logic 1.547ns (31.752%)  route 3.325ns (68.248%))
  Logic Levels:           3  (LUT5=1 LUT6=1 MUXF7=1)
  Clock Path Skew:        -0.134ns (DCD - SCD + CPR)
    Destination Clock Delay (DCD):    1.665ns = ( 21.665 - 20.000 ) 
    Source Clock Delay      (SCD):    1.887ns
    Clock Pessimism Removal (CPR):    0.087ns
  Clock Uncertainty:      0.084ns  ((TSJ^2 + DJ^2)^1/2) / 2 + PE
    Total System Jitter     (TSJ):    0.071ns
    Discrete Jitter          (DJ):    0.152ns
    Phase Error              (PE):    0.000ns

    Location             Delay type                Incr(ns)  Path(ns)    Netlist Resource(s)
  -------------------------------------------------------------------    -------------------
                         (clock clk_out1_pclk rise edge)
                                                      0.000     0.000 r  
    BUFGCTRL_X0Y16       BUFG                         0.000     0.000 r  clk_IBUF_BUFG_inst/O
                         net (fo=404, routed)         1.809     1.809    clk_ip/inst/clk_in1
    MMCME2_ADV_X0Y0      MMCME2_ADV (Prop_mmcme2_adv_CLKIN1_CLKOUT0)
                                                     -3.922    -2.112 r  clk_ip/inst/mmcm_adv_inst/CLKOUT0
                         net (fo=1, routed)           2.018    -0.094    clk_ip/inst/clk_out1_pclk
    BUFGCTRL_X0Y0        BUFG (Prop_bufg_I_O)         0.096     0.002 r  clk_ip/inst/clkout1_buf/O
                         net (fo=86, routed)          1.885     1.887    Vram/U0/inst_blk_mem_gen/gnbram.gnativebmg.native_blk_mem_gen/valid.cstr/ramloop[9].ram.r/prim_noinit.ram/clka
    RAMB36_X2Y3          RAMB36E1                                     r  Vram/U0/inst_blk_mem_gen/gnbram.gnativebmg.native_blk_mem_gen/valid.cstr/ramloop[9].ram.r/prim_noinit.ram/DEVICE_7SERIES.NO_BMM_INFO.TRUE_DP.SIMPLE_PRIM36.ram/CLKARDCLK
  -------------------------------------------------------------------    -------------------
    RAMB36_X2Y3          RAMB36E1 (Prop_ramb36e1_CLKARDCLK_DOADO[7])
                                                      0.882     2.769 r  Vram/U0/inst_blk_mem_gen/gnbram.gnativebmg.native_blk_mem_gen/valid.cstr/ramloop[9].ram.r/prim_noinit.ram/DEVICE_7SERIES.NO_BMM_INFO.TRUE_DP.SIMPLE_PRIM36.ram/DOADO[7]
                         net (fo=1, routed)           1.473     4.242    Vram/U0/inst_blk_mem_gen/gnbram.gnativebmg.native_blk_mem_gen/valid.cstr/has_mux_a.A/ramloop[9].ram.ram_douta[7]
    SLICE_X62Y13         LUT6 (Prop_lut6_I1_O)        0.124     4.366 r  Vram/U0/inst_blk_mem_gen/gnbram.gnativebmg.native_blk_mem_gen/valid.cstr/has_mux_a.A/douta[10]_INST_0_i_2/O
                         net (fo=1, routed)           0.000     4.366    Vram/U0/inst_blk_mem_gen/gnbram.gnativebmg.native_blk_mem_gen/valid.cstr/has_mux_a.A/douta[10]_INST_0_i_2_n_0
    SLICE_X62Y13         MUXF7 (Prop_muxf7_I1_O)      0.214     4.580 r  Vram/U0/inst_blk_mem_gen/gnbram.gnativebmg.native_blk_mem_gen/valid.cstr/has_mux_a.A/douta[10]_INST_0/O
                         net (fo=1, routed)           1.178     5.758    dst/douta[10]
    SLICE_X68Y20         LUT5 (Prop_lut5_I0_O)        0.327     6.085 r  dst/rgb[10]_i_1/O
                         net (fo=1, routed)           0.674     6.759    ddp/D[10]
    SLICE_X69Y21         FDRE                                         r  ddp/rgb_reg[10]/D
  -------------------------------------------------------------------    -------------------

                         (clock clk_out1_pclk rise edge)
                                                     20.000    20.000 r  
    BUFGCTRL_X0Y16       BUFG                         0.000    20.000 r  clk_IBUF_BUFG_inst/O
                         net (fo=404, routed)         1.683    21.683    clk_ip/inst/clk_in1
    MMCME2_ADV_X0Y0      MMCME2_ADV (Prop_mmcme2_adv_CLKIN1_CLKOUT0)
                                                     -3.694    17.989 r  clk_ip/inst/mmcm_adv_inst/CLKOUT0
                         net (fo=1, routed)           1.923    19.912    clk_ip/inst/clk_out1_pclk
    BUFGCTRL_X0Y0        BUFG (Prop_bufg_I_O)         0.091    20.003 r  clk_ip/inst/clkout1_buf/O
                         net (fo=86, routed)          1.662    21.665    ddp/clk_out1
    SLICE_X69Y21         FDRE                                         r  ddp/rgb_reg[10]/C
                         clock pessimism              0.087    21.752    
                         clock uncertainty           -0.084    21.669    
    SLICE_X69Y21         FDRE (Setup_fdre_C_D)       -0.265    21.404    ddp/rgb_reg[10]
  -------------------------------------------------------------------
                         required time                         21.404    
                         arrival time                          -6.759    
  -------------------------------------------------------------------
                         slack                                 14.645    

Slack (MET) :             14.873ns  (required time - arrival time)
  Source:                 Vram/U0/inst_blk_mem_gen/gnbram.gnativebmg.native_blk_mem_gen/valid.cstr/ramloop[9].ram.r/prim_noinit.ram/DEVICE_7SERIES.NO_BMM_INFO.TRUE_DP.SIMPLE_PRIM36.ram/CLKARDCLK
                            (rising edge-triggered cell RAMB36E1 clocked by clk_out1_pclk  {rise@0.000ns fall@10.000ns period=20.000ns})
  Destination:            ddp/rgb_reg[11]/D
                            (rising edge-triggered cell FDRE clocked by clk_out1_pclk  {rise@0.000ns fall@10.000ns period=20.000ns})
  Path Group:             clk_out1_pclk
  Path Type:              Setup (Max at Slow Process Corner)
  Requirement:            20.000ns  (clk_out1_pclk rise@20.000ns - clk_out1_pclk rise@0.000ns)
  Data Path Delay:        4.635ns  (logic 1.550ns (33.445%)  route 3.085ns (66.555%))
  Logic Levels:           3  (LUT5=1 LUT6=1 MUXF7=1)
  Clock Path Skew:        -0.133ns (DCD - SCD + CPR)
    Destination Clock Delay (DCD):    1.666ns = ( 21.666 - 20.000 ) 
    Source Clock Delay      (SCD):    1.887ns
    Clock Pessimism Removal (CPR):    0.087ns
  Clock Uncertainty:      0.084ns  ((TSJ^2 + DJ^2)^1/2) / 2 + PE
    Total System Jitter     (TSJ):    0.071ns
    Discrete Jitter          (DJ):    0.152ns
    Phase Error              (PE):    0.000ns

    Location             Delay type                Incr(ns)  Path(ns)    Netlist Resource(s)
  -------------------------------------------------------------------    -------------------
                         (clock clk_out1_pclk rise edge)
                                                      0.000     0.000 r  
    BUFGCTRL_X0Y16       BUFG                         0.000     0.000 r  clk_IBUF_BUFG_inst/O
                         net (fo=404, routed)         1.809     1.809    clk_ip/inst/clk_in1
    MMCME2_ADV_X0Y0      MMCME2_ADV (Prop_mmcme2_adv_CLKIN1_CLKOUT0)
                                                     -3.922    -2.112 r  clk_ip/inst/mmcm_adv_inst/CLKOUT0
                         net (fo=1, routed)           2.018    -0.094    clk_ip/inst/clk_out1_pclk
    BUFGCTRL_X0Y0        BUFG (Prop_bufg_I_O)         0.096     0.002 r  clk_ip/inst/clkout1_buf/O
                         net (fo=86, routed)          1.885     1.887    Vram/U0/inst_blk_mem_gen/gnbram.gnativebmg.native_blk_mem_gen/valid.cstr/ramloop[9].ram.r/prim_noinit.ram/clka
    RAMB36_X2Y3          RAMB36E1                                     r  Vram/U0/inst_blk_mem_gen/gnbram.gnativebmg.native_blk_mem_gen/valid.cstr/ramloop[9].ram.r/prim_noinit.ram/DEVICE_7SERIES.NO_BMM_INFO.TRUE_DP.SIMPLE_PRIM36.ram/CLKARDCLK
  -------------------------------------------------------------------    -------------------
    RAMB36_X2Y3          RAMB36E1 (Prop_ramb36e1_CLKARDCLK_DOPADOP[0])
                                                      0.882     2.769 r  Vram/U0/inst_blk_mem_gen/gnbram.gnativebmg.native_blk_mem_gen/valid.cstr/ramloop[9].ram.r/prim_noinit.ram/DEVICE_7SERIES.NO_BMM_INFO.TRUE_DP.SIMPLE_PRIM36.ram/DOPADOP[0]
                         net (fo=1, routed)           1.441     4.209    Vram/U0/inst_blk_mem_gen/gnbram.gnativebmg.native_blk_mem_gen/valid.cstr/has_mux_a.A/ramloop[9].ram.ram_douta[8]
    SLICE_X63Y13         LUT6 (Prop_lut6_I1_O)        0.124     4.333 r  Vram/U0/inst_blk_mem_gen/gnbram.gnativebmg.native_blk_mem_gen/valid.cstr/has_mux_a.A/douta[11]_INST_0_i_2/O
                         net (fo=1, routed)           0.000     4.333    Vram/U0/inst_blk_mem_gen/gnbram.gnativebmg.native_blk_mem_gen/valid.cstr/has_mux_a.A/douta[11]_INST_0_i_2_n_0
    SLICE_X63Y13         MUXF7 (Prop_muxf7_I1_O)      0.217     4.550 r  Vram/U0/inst_blk_mem_gen/gnbram.gnativebmg.native_blk_mem_gen/valid.cstr/has_mux_a.A/douta[11]_INST_0/O
                         net (fo=1, routed)           1.298     5.848    dst/douta[11]
    SLICE_X68Y20         LUT5 (Prop_lut5_I0_O)        0.327     6.175 r  dst/rgb[11]_i_1/O
                         net (fo=1, routed)           0.346     6.521    ddp/D[11]
    SLICE_X68Y20         FDRE                                         r  ddp/rgb_reg[11]/D
  -------------------------------------------------------------------    -------------------

                         (clock clk_out1_pclk rise edge)
                                                     20.000    20.000 r  
    BUFGCTRL_X0Y16       BUFG                         0.000    20.000 r  clk_IBUF_BUFG_inst/O
                         net (fo=404, routed)         1.683    21.683    clk_ip/inst/clk_in1
    MMCME2_ADV_X0Y0      MMCME2_ADV (Prop_mmcme2_adv_CLKIN1_CLKOUT0)
                                                     -3.694    17.989 r  clk_ip/inst/mmcm_adv_inst/CLKOUT0
                         net (fo=1, routed)           1.923    19.912    clk_ip/inst/clk_out1_pclk
    BUFGCTRL_X0Y0        BUFG (Prop_bufg_I_O)         0.091    20.003 r  clk_ip/inst/clkout1_buf/O
                         net (fo=86, routed)          1.663    21.666    ddp/clk_out1
    SLICE_X68Y20         FDRE                                         r  ddp/rgb_reg[11]/C
                         clock pessimism              0.087    21.753    
                         clock uncertainty           -0.084    21.670    
    SLICE_X68Y20         FDRE (Setup_fdre_C_D)       -0.275    21.395    ddp/rgb_reg[11]
  -------------------------------------------------------------------
                         required time                         21.395    
                         arrival time                          -6.521    
  -------------------------------------------------------------------
                         slack                                 14.873    

Slack (MET) :             14.963ns  (required time - arrival time)
  Source:                 dst/h_state_reg[1]/C
                            (rising edge-triggered cell FDRE clocked by clk_out1_pclk  {rise@0.000ns fall@10.000ns period=20.000ns})
  Destination:            ddp/raddr_reg[0]/CE
                            (rising edge-triggered cell FDRE clocked by clk_out1_pclk  {rise@0.000ns fall@10.000ns period=20.000ns})
  Path Group:             clk_out1_pclk
  Path Type:              Setup (Max at Slow Process Corner)
  Requirement:            20.000ns  (clk_out1_pclk rise@20.000ns - clk_out1_pclk rise@0.000ns)
  Data Path Delay:        4.658ns  (logic 0.766ns (16.445%)  route 3.892ns (83.555%))
  Logic Levels:           2  (LUT4=1 LUT6=1)
  Clock Path Skew:        -0.090ns (DCD - SCD + CPR)
    Destination Clock Delay (DCD):    1.665ns = ( 21.665 - 20.000 ) 
    Source Clock Delay      (SCD):    1.842ns
    Clock Pessimism Removal (CPR):    0.087ns
  Clock Uncertainty:      0.084ns  ((TSJ^2 + DJ^2)^1/2) / 2 + PE
    Total System Jitter     (TSJ):    0.071ns
    Discrete Jitter          (DJ):    0.152ns
    Phase Error              (PE):    0.000ns

    Location             Delay type                Incr(ns)  Path(ns)    Netlist Resource(s)
  -------------------------------------------------------------------    -------------------
                         (clock clk_out1_pclk rise edge)
                                                      0.000     0.000 r  
    BUFGCTRL_X0Y16       BUFG                         0.000     0.000 r  clk_IBUF_BUFG_inst/O
                         net (fo=404, routed)         1.809     1.809    clk_ip/inst/clk_in1
    MMCME2_ADV_X0Y0      MMCME2_ADV (Prop_mmcme2_adv_CLKIN1_CLKOUT0)
                                                     -3.922    -2.112 r  clk_ip/inst/mmcm_adv_inst/CLKOUT0
                         net (fo=1, routed)           2.018    -0.094    clk_ip/inst/clk_out1_pclk
    BUFGCTRL_X0Y0        BUFG (Prop_bufg_I_O)         0.096     0.002 r  clk_ip/inst/clkout1_buf/O
                         net (fo=86, routed)          1.840     1.842    dst/CLK
    SLICE_X80Y21         FDRE                                         r  dst/h_state_reg[1]/C
  -------------------------------------------------------------------    -------------------
    SLICE_X80Y21         FDRE (Prop_fdre_C_Q)         0.518     2.360 f  dst/h_state_reg[1]/Q
                         net (fo=26, routed)          1.723     4.084    dst/h_state[1]
    SLICE_X68Y20         LUT4 (Prop_lut4_I0_O)        0.124     4.208 r  dst/s_d_i_1/O
                         net (fo=19, routed)          1.193     5.401    ddp/ps/s_d_reg_0
    SLICE_X69Y21         LUT6 (Prop_lut6_I4_O)        0.124     5.525 r  ddp/ps/raddr[0]_i_1/O
                         net (fo=15, routed)          0.975     6.500    ddp/sel
    SLICE_X68Y21         FDRE                                         r  ddp/raddr_reg[0]/CE
  -------------------------------------------------------------------    -------------------

                         (clock clk_out1_pclk rise edge)
                                                     20.000    20.000 r  
    BUFGCTRL_X0Y16       BUFG                         0.000    20.000 r  clk_IBUF_BUFG_inst/O
                         net (fo=404, routed)         1.683    21.683    clk_ip/inst/clk_in1
    MMCME2_ADV_X0Y0      MMCME2_ADV (Prop_mmcme2_adv_CLKIN1_CLKOUT0)
                                                     -3.694    17.989 r  clk_ip/inst/mmcm_adv_inst/CLKOUT0
                         net (fo=1, routed)           1.923    19.912    clk_ip/inst/clk_out1_pclk
    BUFGCTRL_X0Y0        BUFG (Prop_bufg_I_O)         0.091    20.003 r  clk_ip/inst/clkout1_buf/O
                         net (fo=86, routed)          1.662    21.665    ddp/clk_out1
    SLICE_X68Y21         FDRE                                         r  ddp/raddr_reg[0]/C
                         clock pessimism              0.087    21.752    
                         clock uncertainty           -0.084    21.669    
    SLICE_X68Y21         FDRE (Setup_fdre_C_CE)      -0.205    21.464    ddp/raddr_reg[0]
  -------------------------------------------------------------------
                         required time                         21.464    
                         arrival time                          -6.500    
  -------------------------------------------------------------------
                         slack                                 14.963    

Slack (MET) :             14.963ns  (required time - arrival time)
  Source:                 dst/h_state_reg[1]/C
                            (rising edge-triggered cell FDRE clocked by clk_out1_pclk  {rise@0.000ns fall@10.000ns period=20.000ns})
  Destination:            ddp/raddr_reg[1]/CE
                            (rising edge-triggered cell FDRE clocked by clk_out1_pclk  {rise@0.000ns fall@10.000ns period=20.000ns})
  Path Group:             clk_out1_pclk
  Path Type:              Setup (Max at Slow Process Corner)
  Requirement:            20.000ns  (clk_out1_pclk rise@20.000ns - clk_out1_pclk rise@0.000ns)
  Data Path Delay:        4.658ns  (logic 0.766ns (16.445%)  route 3.892ns (83.555%))
  Logic Levels:           2  (LUT4=1 LUT6=1)
  Clock Path Skew:        -0.090ns (DCD - SCD + CPR)
    Destination Clock Delay (DCD):    1.665ns = ( 21.665 - 20.000 ) 
    Source Clock Delay      (SCD):    1.842ns
    Clock Pessimism Removal (CPR):    0.087ns
  Clock Uncertainty:      0.084ns  ((TSJ^2 + DJ^2)^1/2) / 2 + PE
    Total System Jitter     (TSJ):    0.071ns
    Discrete Jitter          (DJ):    0.152ns
    Phase Error              (PE):    0.000ns

    Location             Delay type                Incr(ns)  Path(ns)    Netlist Resource(s)
  -------------------------------------------------------------------    -------------------
                         (clock clk_out1_pclk rise edge)
                                                      0.000     0.000 r  
    BUFGCTRL_X0Y16       BUFG                         0.000     0.000 r  clk_IBUF_BUFG_inst/O
                         net (fo=404, routed)         1.809     1.809    clk_ip/inst/clk_in1
    MMCME2_ADV_X0Y0      MMCME2_ADV (Prop_mmcme2_adv_CLKIN1_CLKOUT0)
                                                     -3.922    -2.112 r  clk_ip/inst/mmcm_adv_inst/CLKOUT0
                         net (fo=1, routed)           2.018    -0.094    clk_ip/inst/clk_out1_pclk
    BUFGCTRL_X0Y0        BUFG (Prop_bufg_I_O)         0.096     0.002 r  clk_ip/inst/clkout1_buf/O
                         net (fo=86, routed)          1.840     1.842    dst/CLK
    SLICE_X80Y21         FDRE                                         r  dst/h_state_reg[1]/C
  -------------------------------------------------------------------    -------------------
    SLICE_X80Y21         FDRE (Prop_fdre_C_Q)         0.518     2.360 f  dst/h_state_reg[1]/Q
                         net (fo=26, routed)          1.723     4.084    dst/h_state[1]
    SLICE_X68Y20         LUT4 (Prop_lut4_I0_O)        0.124     4.208 r  dst/s_d_i_1/O
                         net (fo=19, routed)          1.193     5.401    ddp/ps/s_d_reg_0
    SLICE_X69Y21         LUT6 (Prop_lut6_I4_O)        0.124     5.525 r  ddp/ps/raddr[0]_i_1/O
                         net (fo=15, routed)          0.975     6.500    ddp/sel
    SLICE_X68Y21         FDRE                                         r  ddp/raddr_reg[1]/CE
  -------------------------------------------------------------------    -------------------

                         (clock clk_out1_pclk rise edge)
                                                     20.000    20.000 r  
    BUFGCTRL_X0Y16       BUFG                         0.000    20.000 r  clk_IBUF_BUFG_inst/O
                         net (fo=404, routed)         1.683    21.683    clk_ip/inst/clk_in1
    MMCME2_ADV_X0Y0      MMCME2_ADV (Prop_mmcme2_adv_CLKIN1_CLKOUT0)
                                                     -3.694    17.989 r  clk_ip/inst/mmcm_adv_inst/CLKOUT0
                         net (fo=1, routed)           1.923    19.912    clk_ip/inst/clk_out1_pclk
    BUFGCTRL_X0Y0        BUFG (Prop_bufg_I_O)         0.091    20.003 r  clk_ip/inst/clkout1_buf/O
                         net (fo=86, routed)          1.662    21.665    ddp/clk_out1
    SLICE_X68Y21         FDRE                                         r  ddp/raddr_reg[1]/C
                         clock pessimism              0.087    21.752    
                         clock uncertainty           -0.084    21.669    
    SLICE_X68Y21         FDRE (Setup_fdre_C_CE)      -0.205    21.464    ddp/raddr_reg[1]
  -------------------------------------------------------------------
                         required time                         21.464    
                         arrival time                          -6.500    
  -------------------------------------------------------------------
                         slack                                 14.963    

Slack (MET) :             14.963ns  (required time - arrival time)
  Source:                 dst/h_state_reg[1]/C
                            (rising edge-triggered cell FDRE clocked by clk_out1_pclk  {rise@0.000ns fall@10.000ns period=20.000ns})
  Destination:            ddp/raddr_reg[2]/CE
                            (rising edge-triggered cell FDRE clocked by clk_out1_pclk  {rise@0.000ns fall@10.000ns period=20.000ns})
  Path Group:             clk_out1_pclk
  Path Type:              Setup (Max at Slow Process Corner)
  Requirement:            20.000ns  (clk_out1_pclk rise@20.000ns - clk_out1_pclk rise@0.000ns)
  Data Path Delay:        4.658ns  (logic 0.766ns (16.445%)  route 3.892ns (83.555%))
  Logic Levels:           2  (LUT4=1 LUT6=1)
  Clock Path Skew:        -0.090ns (DCD - SCD + CPR)
    Destination Clock Delay (DCD):    1.665ns = ( 21.665 - 20.000 ) 
    Source Clock Delay      (SCD):    1.842ns
    Clock Pessimism Removal (CPR):    0.087ns
  Clock Uncertainty:      0.084ns  ((TSJ^2 + DJ^2)^1/2) / 2 + PE
    Total System Jitter     (TSJ):    0.071ns
    Discrete Jitter          (DJ):    0.152ns
    Phase Error              (PE):    0.000ns

    Location             Delay type                Incr(ns)  Path(ns)    Netlist Resource(s)
  -------------------------------------------------------------------    -------------------
                         (clock clk_out1_pclk rise edge)
                                                      0.000     0.000 r  
    BUFGCTRL_X0Y16       BUFG                         0.000     0.000 r  clk_IBUF_BUFG_inst/O
                         net (fo=404, routed)         1.809     1.809    clk_ip/inst/clk_in1
    MMCME2_ADV_X0Y0      MMCME2_ADV (Prop_mmcme2_adv_CLKIN1_CLKOUT0)
                                                     -3.922    -2.112 r  clk_ip/inst/mmcm_adv_inst/CLKOUT0
                         net (fo=1, routed)           2.018    -0.094    clk_ip/inst/clk_out1_pclk
    BUFGCTRL_X0Y0        BUFG (Prop_bufg_I_O)         0.096     0.002 r  clk_ip/inst/clkout1_buf/O
                         net (fo=86, routed)          1.840     1.842    dst/CLK
    SLICE_X80Y21         FDRE                                         r  dst/h_state_reg[1]/C
  -------------------------------------------------------------------    -------------------
    SLICE_X80Y21         FDRE (Prop_fdre_C_Q)         0.518     2.360 f  dst/h_state_reg[1]/Q
                         net (fo=26, routed)          1.723     4.084    dst/h_state[1]
    SLICE_X68Y20         LUT4 (Prop_lut4_I0_O)        0.124     4.208 r  dst/s_d_i_1/O
                         net (fo=19, routed)          1.193     5.401    ddp/ps/s_d_reg_0
    SLICE_X69Y21         LUT6 (Prop_lut6_I4_O)        0.124     5.525 r  ddp/ps/raddr[0]_i_1/O
                         net (fo=15, routed)          0.975     6.500    ddp/sel
    SLICE_X68Y21         FDRE                                         r  ddp/raddr_reg[2]/CE
  -------------------------------------------------------------------    -------------------

                         (clock clk_out1_pclk rise edge)
                                                     20.000    20.000 r  
    BUFGCTRL_X0Y16       BUFG                         0.000    20.000 r  clk_IBUF_BUFG_inst/O
                         net (fo=404, routed)         1.683    21.683    clk_ip/inst/clk_in1
    MMCME2_ADV_X0Y0      MMCME2_ADV (Prop_mmcme2_adv_CLKIN1_CLKOUT0)
                                                     -3.694    17.989 r  clk_ip/inst/mmcm_adv_inst/CLKOUT0
                         net (fo=1, routed)           1.923    19.912    clk_ip/inst/clk_out1_pclk
    BUFGCTRL_X0Y0        BUFG (Prop_bufg_I_O)         0.091    20.003 r  clk_ip/inst/clkout1_buf/O
                         net (fo=86, routed)          1.662    21.665    ddp/clk_out1
    SLICE_X68Y21         FDRE                                         r  ddp/raddr_reg[2]/C
                         clock pessimism              0.087    21.752    
                         clock uncertainty           -0.084    21.669    
    SLICE_X68Y21         FDRE (Setup_fdre_C_CE)      -0.205    21.464    ddp/raddr_reg[2]
  -------------------------------------------------------------------
                         required time                         21.464    
                         arrival time                          -6.500    
  -------------------------------------------------------------------
                         slack                                 14.963    

Slack (MET) :             14.963ns  (required time - arrival time)
  Source:                 dst/h_state_reg[1]/C
                            (rising edge-triggered cell FDRE clocked by clk_out1_pclk  {rise@0.000ns fall@10.000ns period=20.000ns})
  Destination:            ddp/raddr_reg[3]/CE
                            (rising edge-triggered cell FDRE clocked by clk_out1_pclk  {rise@0.000ns fall@10.000ns period=20.000ns})
  Path Group:             clk_out1_pclk
  Path Type:              Setup (Max at Slow Process Corner)
  Requirement:            20.000ns  (clk_out1_pclk rise@20.000ns - clk_out1_pclk rise@0.000ns)
  Data Path Delay:        4.658ns  (logic 0.766ns (16.445%)  route 3.892ns (83.555%))
  Logic Levels:           2  (LUT4=1 LUT6=1)
  Clock Path Skew:        -0.090ns (DCD - SCD + CPR)
    Destination Clock Delay (DCD):    1.665ns = ( 21.665 - 20.000 ) 
    Source Clock Delay      (SCD):    1.842ns
    Clock Pessimism Removal (CPR):    0.087ns
  Clock Uncertainty:      0.084ns  ((TSJ^2 + DJ^2)^1/2) / 2 + PE
    Total System Jitter     (TSJ):    0.071ns
    Discrete Jitter          (DJ):    0.152ns
    Phase Error              (PE):    0.000ns

    Location             Delay type                Incr(ns)  Path(ns)    Netlist Resource(s)
  -------------------------------------------------------------------    -------------------
                         (clock clk_out1_pclk rise edge)
                                                      0.000     0.000 r  
    BUFGCTRL_X0Y16       BUFG                         0.000     0.000 r  clk_IBUF_BUFG_inst/O
                         net (fo=404, routed)         1.809     1.809    clk_ip/inst/clk_in1
    MMCME2_ADV_X0Y0      MMCME2_ADV (Prop_mmcme2_adv_CLKIN1_CLKOUT0)
                                                     -3.922    -2.112 r  clk_ip/inst/mmcm_adv_inst/CLKOUT0
                         net (fo=1, routed)           2.018    -0.094    clk_ip/inst/clk_out1_pclk
    BUFGCTRL_X0Y0        BUFG (Prop_bufg_I_O)         0.096     0.002 r  clk_ip/inst/clkout1_buf/O
                         net (fo=86, routed)          1.840     1.842    dst/CLK
    SLICE_X80Y21         FDRE                                         r  dst/h_state_reg[1]/C
  -------------------------------------------------------------------    -------------------
    SLICE_X80Y21         FDRE (Prop_fdre_C_Q)         0.518     2.360 f  dst/h_state_reg[1]/Q
                         net (fo=26, routed)          1.723     4.084    dst/h_state[1]
    SLICE_X68Y20         LUT4 (Prop_lut4_I0_O)        0.124     4.208 r  dst/s_d_i_1/O
                         net (fo=19, routed)          1.193     5.401    ddp/ps/s_d_reg_0
    SLICE_X69Y21         LUT6 (Prop_lut6_I4_O)        0.124     5.525 r  ddp/ps/raddr[0]_i_1/O
                         net (fo=15, routed)          0.975     6.500    ddp/sel
    SLICE_X68Y21         FDRE                                         r  ddp/raddr_reg[3]/CE
  -------------------------------------------------------------------    -------------------

                         (clock clk_out1_pclk rise edge)
                                                     20.000    20.000 r  
    BUFGCTRL_X0Y16       BUFG                         0.000    20.000 r  clk_IBUF_BUFG_inst/O
                         net (fo=404, routed)         1.683    21.683    clk_ip/inst/clk_in1
    MMCME2_ADV_X0Y0      MMCME2_ADV (Prop_mmcme2_adv_CLKIN1_CLKOUT0)
                                                     -3.694    17.989 r  clk_ip/inst/mmcm_adv_inst/CLKOUT0
                         net (fo=1, routed)           1.923    19.912    clk_ip/inst/clk_out1_pclk
    BUFGCTRL_X0Y0        BUFG (Prop_bufg_I_O)         0.091    20.003 r  clk_ip/inst/clkout1_buf/O
                         net (fo=86, routed)          1.662    21.665    ddp/clk_out1
    SLICE_X68Y21         FDRE                                         r  ddp/raddr_reg[3]/C
                         clock pessimism              0.087    21.752    
                         clock uncertainty           -0.084    21.669    
    SLICE_X68Y21         FDRE (Setup_fdre_C_CE)      -0.205    21.464    ddp/raddr_reg[3]
  -------------------------------------------------------------------
                         required time                         21.464    
                         arrival time                          -6.500    
  -------------------------------------------------------------------
                         slack                                 14.963    

Slack (MET) :             14.970ns  (required time - arrival time)
  Source:                 Vram/U0/inst_blk_mem_gen/gnbram.gnativebmg.native_blk_mem_gen/valid.cstr/ramloop[4].ram.r/prim_noinit.ram/DEVICE_7SERIES.NO_BMM_INFO.TRUE_DP.SIMPLE_PRIM36.ram/CLKARDCLK
                            (rising edge-triggered cell RAMB36E1 clocked by clk_out1_pclk  {rise@0.000ns fall@10.000ns period=20.000ns})
  Destination:            ddp/rgb_reg[9]/D
                            (rising edge-triggered cell FDRE clocked by clk_out1_pclk  {rise@0.000ns fall@10.000ns period=20.000ns})
  Path Group:             clk_out1_pclk
  Path Type:              Setup (Max at Slow Process Corner)
  Requirement:            20.000ns  (clk_out1_pclk rise@20.000ns - clk_out1_pclk rise@0.000ns)
  Data Path Delay:        4.726ns  (logic 1.542ns (32.630%)  route 3.184ns (67.370%))
  Logic Levels:           3  (LUT5=1 LUT6=1 MUXF7=1)
  Clock Path Skew:        -0.139ns (DCD - SCD + CPR)
    Destination Clock Delay (DCD):    1.666ns = ( 21.666 - 20.000 ) 
    Source Clock Delay      (SCD):    1.893ns
    Clock Pessimism Removal (CPR):    0.087ns
  Clock Uncertainty:      0.084ns  ((TSJ^2 + DJ^2)^1/2) / 2 + PE
    Total System Jitter     (TSJ):    0.071ns
    Discrete Jitter          (DJ):    0.152ns
    Phase Error              (PE):    0.000ns

    Location             Delay type                Incr(ns)  Path(ns)    Netlist Resource(s)
  -------------------------------------------------------------------    -------------------
                         (clock clk_out1_pclk rise edge)
                                                      0.000     0.000 r  
    BUFGCTRL_X0Y16       BUFG                         0.000     0.000 r  clk_IBUF_BUFG_inst/O
                         net (fo=404, routed)         1.809     1.809    clk_ip/inst/clk_in1
    MMCME2_ADV_X0Y0      MMCME2_ADV (Prop_mmcme2_adv_CLKIN1_CLKOUT0)
                                                     -3.922    -2.112 r  clk_ip/inst/mmcm_adv_inst/CLKOUT0
                         net (fo=1, routed)           2.018    -0.094    clk_ip/inst/clk_out1_pclk
    BUFGCTRL_X0Y0        BUFG (Prop_bufg_I_O)         0.096     0.002 r  clk_ip/inst/clkout1_buf/O
                         net (fo=86, routed)          1.891     1.893    Vram/U0/inst_blk_mem_gen/gnbram.gnativebmg.native_blk_mem_gen/valid.cstr/ramloop[4].ram.r/prim_noinit.ram/clka
    RAMB36_X2Y2          RAMB36E1                                     r  Vram/U0/inst_blk_mem_gen/gnbram.gnativebmg.native_blk_mem_gen/valid.cstr/ramloop[4].ram.r/prim_noinit.ram/DEVICE_7SERIES.NO_BMM_INFO.TRUE_DP.SIMPLE_PRIM36.ram/CLKARDCLK
  -------------------------------------------------------------------    -------------------
    RAMB36_X2Y2          RAMB36E1 (Prop_ramb36e1_CLKARDCLK_DOADO[6])
                                                      0.882     2.775 r  Vram/U0/inst_blk_mem_gen/gnbram.gnativebmg.native_blk_mem_gen/valid.cstr/ramloop[4].ram.r/prim_noinit.ram/DEVICE_7SERIES.NO_BMM_INFO.TRUE_DP.SIMPLE_PRIM36.ram/DOADO[6]
                         net (fo=1, routed)           1.436     4.210    Vram/U0/inst_blk_mem_gen/gnbram.gnativebmg.native_blk_mem_gen/valid.cstr/has_mux_a.A/ramloop[4].ram.ram_douta[6]
    SLICE_X63Y12         LUT6 (Prop_lut6_I3_O)        0.124     4.334 r  Vram/U0/inst_blk_mem_gen/gnbram.gnativebmg.native_blk_mem_gen/valid.cstr/has_mux_a.A/douta[9]_INST_0_i_1/O
                         net (fo=1, routed)           0.000     4.334    Vram/U0/inst_blk_mem_gen/gnbram.gnativebmg.native_blk_mem_gen/valid.cstr/has_mux_a.A/douta[9]_INST_0_i_1_n_0
    SLICE_X63Y12         MUXF7 (Prop_muxf7_I0_O)      0.238     4.572 r  Vram/U0/inst_blk_mem_gen/gnbram.gnativebmg.native_blk_mem_gen/valid.cstr/has_mux_a.A/douta[9]_INST_0/O
                         net (fo=1, routed)           1.181     5.753    dst/douta[9]
    SLICE_X68Y20         LUT5 (Prop_lut5_I0_O)        0.298     6.051 r  dst/rgb[9]_i_1/O
                         net (fo=1, routed)           0.568     6.619    ddp/D[9]
    SLICE_X68Y20         FDRE                                         r  ddp/rgb_reg[9]/D
  -------------------------------------------------------------------    -------------------

                         (clock clk_out1_pclk rise edge)
                                                     20.000    20.000 r  
    BUFGCTRL_X0Y16       BUFG                         0.000    20.000 r  clk_IBUF_BUFG_inst/O
                         net (fo=404, routed)         1.683    21.683    clk_ip/inst/clk_in1
    MMCME2_ADV_X0Y0      MMCME2_ADV (Prop_mmcme2_adv_CLKIN1_CLKOUT0)
                                                     -3.694    17.989 r  clk_ip/inst/mmcm_adv_inst/CLKOUT0
                         net (fo=1, routed)           1.923    19.912    clk_ip/inst/clk_out1_pclk
    BUFGCTRL_X0Y0        BUFG (Prop_bufg_I_O)         0.091    20.003 r  clk_ip/inst/clkout1_buf/O
                         net (fo=86, routed)          1.663    21.666    ddp/clk_out1
    SLICE_X68Y20         FDRE                                         r  ddp/rgb_reg[9]/C
                         clock pessimism              0.087    21.753    
                         clock uncertainty           -0.084    21.670    
    SLICE_X68Y20         FDRE (Setup_fdre_C_D)       -0.081    21.589    ddp/rgb_reg[9]
  -------------------------------------------------------------------
                         required time                         21.589    
                         arrival time                          -6.619    
  -------------------------------------------------------------------
                         slack                                 14.970    

Slack (MET) :             15.095ns  (required time - arrival time)
  Source:                 dst/h_state_reg[1]/C
                            (rising edge-triggered cell FDRE clocked by clk_out1_pclk  {rise@0.000ns fall@10.000ns period=20.000ns})
  Destination:            ddp/raddr_reg[10]/CE
                            (rising edge-triggered cell FDRE clocked by clk_out1_pclk  {rise@0.000ns fall@10.000ns period=20.000ns})
  Path Group:             clk_out1_pclk
  Path Type:              Setup (Max at Slow Process Corner)
  Requirement:            20.000ns  (clk_out1_pclk rise@20.000ns - clk_out1_pclk rise@0.000ns)
  Data Path Delay:        4.524ns  (logic 0.766ns (16.934%)  route 3.758ns (83.066%))
  Logic Levels:           2  (LUT4=1 LUT6=1)
  Clock Path Skew:        -0.093ns (DCD - SCD + CPR)
    Destination Clock Delay (DCD):    1.662ns = ( 21.662 - 20.000 ) 
    Source Clock Delay      (SCD):    1.842ns
    Clock Pessimism Removal (CPR):    0.087ns
  Clock Uncertainty:      0.084ns  ((TSJ^2 + DJ^2)^1/2) / 2 + PE
    Total System Jitter     (TSJ):    0.071ns
    Discrete Jitter          (DJ):    0.152ns
    Phase Error              (PE):    0.000ns

    Location             Delay type                Incr(ns)  Path(ns)    Netlist Resource(s)
  -------------------------------------------------------------------    -------------------
                         (clock clk_out1_pclk rise edge)
                                                      0.000     0.000 r  
    BUFGCTRL_X0Y16       BUFG                         0.000     0.000 r  clk_IBUF_BUFG_inst/O
                         net (fo=404, routed)         1.809     1.809    clk_ip/inst/clk_in1
    MMCME2_ADV_X0Y0      MMCME2_ADV (Prop_mmcme2_adv_CLKIN1_CLKOUT0)
                                                     -3.922    -2.112 r  clk_ip/inst/mmcm_adv_inst/CLKOUT0
                         net (fo=1, routed)           2.018    -0.094    clk_ip/inst/clk_out1_pclk
    BUFGCTRL_X0Y0        BUFG (Prop_bufg_I_O)         0.096     0.002 r  clk_ip/inst/clkout1_buf/O
                         net (fo=86, routed)          1.840     1.842    dst/CLK
    SLICE_X80Y21         FDRE                                         r  dst/h_state_reg[1]/C
  -------------------------------------------------------------------    -------------------
    SLICE_X80Y21         FDRE (Prop_fdre_C_Q)         0.518     2.360 f  dst/h_state_reg[1]/Q
                         net (fo=26, routed)          1.723     4.084    dst/h_state[1]
    SLICE_X68Y20         LUT4 (Prop_lut4_I0_O)        0.124     4.208 r  dst/s_d_i_1/O
                         net (fo=19, routed)          1.193     5.401    ddp/ps/s_d_reg_0
    SLICE_X69Y21         LUT6 (Prop_lut6_I4_O)        0.124     5.525 r  ddp/ps/raddr[0]_i_1/O
                         net (fo=15, routed)          0.841     6.366    ddp/sel
    SLICE_X68Y23         FDRE                                         r  ddp/raddr_reg[10]/CE
  -------------------------------------------------------------------    -------------------

                         (clock clk_out1_pclk rise edge)
                                                     20.000    20.000 r  
    BUFGCTRL_X0Y16       BUFG                         0.000    20.000 r  clk_IBUF_BUFG_inst/O
                         net (fo=404, routed)         1.683    21.683    clk_ip/inst/clk_in1
    MMCME2_ADV_X0Y0      MMCME2_ADV (Prop_mmcme2_adv_CLKIN1_CLKOUT0)
                                                     -3.694    17.989 r  clk_ip/inst/mmcm_adv_inst/CLKOUT0
                         net (fo=1, routed)           1.923    19.912    clk_ip/inst/clk_out1_pclk
    BUFGCTRL_X0Y0        BUFG (Prop_bufg_I_O)         0.091    20.003 r  clk_ip/inst/clkout1_buf/O
                         net (fo=86, routed)          1.659    21.662    ddp/clk_out1
    SLICE_X68Y23         FDRE                                         r  ddp/raddr_reg[10]/C
                         clock pessimism              0.087    21.749    
                         clock uncertainty           -0.084    21.666    
    SLICE_X68Y23         FDRE (Setup_fdre_C_CE)      -0.205    21.461    ddp/raddr_reg[10]
  -------------------------------------------------------------------
                         required time                         21.461    
                         arrival time                          -6.366    
  -------------------------------------------------------------------
                         slack                                 15.095    

Slack (MET) :             15.095ns  (required time - arrival time)
  Source:                 dst/h_state_reg[1]/C
                            (rising edge-triggered cell FDRE clocked by clk_out1_pclk  {rise@0.000ns fall@10.000ns period=20.000ns})
  Destination:            ddp/raddr_reg[11]/CE
                            (rising edge-triggered cell FDRE clocked by clk_out1_pclk  {rise@0.000ns fall@10.000ns period=20.000ns})
  Path Group:             clk_out1_pclk
  Path Type:              Setup (Max at Slow Process Corner)
  Requirement:            20.000ns  (clk_out1_pclk rise@20.000ns - clk_out1_pclk rise@0.000ns)
  Data Path Delay:        4.524ns  (logic 0.766ns (16.934%)  route 3.758ns (83.066%))
  Logic Levels:           2  (LUT4=1 LUT6=1)
  Clock Path Skew:        -0.093ns (DCD - SCD + CPR)
    Destination Clock Delay (DCD):    1.662ns = ( 21.662 - 20.000 ) 
    Source Clock Delay      (SCD):    1.842ns
    Clock Pessimism Removal (CPR):    0.087ns
  Clock Uncertainty:      0.084ns  ((TSJ^2 + DJ^2)^1/2) / 2 + PE
    Total System Jitter     (TSJ):    0.071ns
    Discrete Jitter          (DJ):    0.152ns
    Phase Error              (PE):    0.000ns

    Location             Delay type                Incr(ns)  Path(ns)    Netlist Resource(s)
  -------------------------------------------------------------------    -------------------
                         (clock clk_out1_pclk rise edge)
                                                      0.000     0.000 r  
    BUFGCTRL_X0Y16       BUFG                         0.000     0.000 r  clk_IBUF_BUFG_inst/O
                         net (fo=404, routed)         1.809     1.809    clk_ip/inst/clk_in1
    MMCME2_ADV_X0Y0      MMCME2_ADV (Prop_mmcme2_adv_CLKIN1_CLKOUT0)
                                                     -3.922    -2.112 r  clk_ip/inst/mmcm_adv_inst/CLKOUT0
                         net (fo=1, routed)           2.018    -0.094    clk_ip/inst/clk_out1_pclk
    BUFGCTRL_X0Y0        BUFG (Prop_bufg_I_O)         0.096     0.002 r  clk_ip/inst/clkout1_buf/O
                         net (fo=86, routed)          1.840     1.842    dst/CLK
    SLICE_X80Y21         FDRE                                         r  dst/h_state_reg[1]/C
  -------------------------------------------------------------------    -------------------
    SLICE_X80Y21         FDRE (Prop_fdre_C_Q)         0.518     2.360 f  dst/h_state_reg[1]/Q
                         net (fo=26, routed)          1.723     4.084    dst/h_state[1]
    SLICE_X68Y20         LUT4 (Prop_lut4_I0_O)        0.124     4.208 r  dst/s_d_i_1/O
                         net (fo=19, routed)          1.193     5.401    ddp/ps/s_d_reg_0
    SLICE_X69Y21         LUT6 (Prop_lut6_I4_O)        0.124     5.525 r  ddp/ps/raddr[0]_i_1/O
                         net (fo=15, routed)          0.841     6.366    ddp/sel
    SLICE_X68Y23         FDRE                                         r  ddp/raddr_reg[11]/CE
  -------------------------------------------------------------------    -------------------

                         (clock clk_out1_pclk rise edge)
                                                     20.000    20.000 r  
    BUFGCTRL_X0Y16       BUFG                         0.000    20.000 r  clk_IBUF_BUFG_inst/O
                         net (fo=404, routed)         1.683    21.683    clk_ip/inst/clk_in1
    MMCME2_ADV_X0Y0      MMCME2_ADV (Prop_mmcme2_adv_CLKIN1_CLKOUT0)
                                                     -3.694    17.989 r  clk_ip/inst/mmcm_adv_inst/CLKOUT0
                         net (fo=1, routed)           1.923    19.912    clk_ip/inst/clk_out1_pclk
    BUFGCTRL_X0Y0        BUFG (Prop_bufg_I_O)         0.091    20.003 r  clk_ip/inst/clkout1_buf/O
                         net (fo=86, routed)          1.659    21.662    ddp/clk_out1
    SLICE_X68Y23         FDRE                                         r  ddp/raddr_reg[11]/C
                         clock pessimism              0.087    21.749    
                         clock uncertainty           -0.084    21.666    
    SLICE_X68Y23         FDRE (Setup_fdre_C_CE)      -0.205    21.461    ddp/raddr_reg[11]
  -------------------------------------------------------------------
                         required time                         21.461    
                         arrival time                          -6.366    
  -------------------------------------------------------------------
                         slack                                 15.095    

Slack (MET) :             15.095ns  (required time - arrival time)
  Source:                 dst/h_state_reg[1]/C
                            (rising edge-triggered cell FDRE clocked by clk_out1_pclk  {rise@0.000ns fall@10.000ns period=20.000ns})
  Destination:            ddp/raddr_reg[8]/CE
                            (rising edge-triggered cell FDRE clocked by clk_out1_pclk  {rise@0.000ns fall@10.000ns period=20.000ns})
  Path Group:             clk_out1_pclk
  Path Type:              Setup (Max at Slow Process Corner)
  Requirement:            20.000ns  (clk_out1_pclk rise@20.000ns - clk_out1_pclk rise@0.000ns)
  Data Path Delay:        4.524ns  (logic 0.766ns (16.934%)  route 3.758ns (83.066%))
  Logic Levels:           2  (LUT4=1 LUT6=1)
  Clock Path Skew:        -0.093ns (DCD - SCD + CPR)
    Destination Clock Delay (DCD):    1.662ns = ( 21.662 - 20.000 ) 
    Source Clock Delay      (SCD):    1.842ns
    Clock Pessimism Removal (CPR):    0.087ns
  Clock Uncertainty:      0.084ns  ((TSJ^2 + DJ^2)^1/2) / 2 + PE
    Total System Jitter     (TSJ):    0.071ns
    Discrete Jitter          (DJ):    0.152ns
    Phase Error              (PE):    0.000ns

    Location             Delay type                Incr(ns)  Path(ns)    Netlist Resource(s)
  -------------------------------------------------------------------    -------------------
                         (clock clk_out1_pclk rise edge)
                                                      0.000     0.000 r  
    BUFGCTRL_X0Y16       BUFG                         0.000     0.000 r  clk_IBUF_BUFG_inst/O
                         net (fo=404, routed)         1.809     1.809    clk_ip/inst/clk_in1
    MMCME2_ADV_X0Y0      MMCME2_ADV (Prop_mmcme2_adv_CLKIN1_CLKOUT0)
                                                     -3.922    -2.112 r  clk_ip/inst/mmcm_adv_inst/CLKOUT0
                         net (fo=1, routed)           2.018    -0.094    clk_ip/inst/clk_out1_pclk
    BUFGCTRL_X0Y0        BUFG (Prop_bufg_I_O)         0.096     0.002 r  clk_ip/inst/clkout1_buf/O
                         net (fo=86, routed)          1.840     1.842    dst/CLK
    SLICE_X80Y21         FDRE                                         r  dst/h_state_reg[1]/C
  -------------------------------------------------------------------    -------------------
    SLICE_X80Y21         FDRE (Prop_fdre_C_Q)         0.518     2.360 f  dst/h_state_reg[1]/Q
                         net (fo=26, routed)          1.723     4.084    dst/h_state[1]
    SLICE_X68Y20         LUT4 (Prop_lut4_I0_O)        0.124     4.208 r  dst/s_d_i_1/O
                         net (fo=19, routed)          1.193     5.401    ddp/ps/s_d_reg_0
    SLICE_X69Y21         LUT6 (Prop_lut6_I4_O)        0.124     5.525 r  ddp/ps/raddr[0]_i_1/O
                         net (fo=15, routed)          0.841     6.366    ddp/sel
    SLICE_X68Y23         FDRE                                         r  ddp/raddr_reg[8]/CE
  -------------------------------------------------------------------    -------------------

                         (clock clk_out1_pclk rise edge)
                                                     20.000    20.000 r  
    BUFGCTRL_X0Y16       BUFG                         0.000    20.000 r  clk_IBUF_BUFG_inst/O
                         net (fo=404, routed)         1.683    21.683    clk_ip/inst/clk_in1
    MMCME2_ADV_X0Y0      MMCME2_ADV (Prop_mmcme2_adv_CLKIN1_CLKOUT0)
                                                     -3.694    17.989 r  clk_ip/inst/mmcm_adv_inst/CLKOUT0
                         net (fo=1, routed)           1.923    19.912    clk_ip/inst/clk_out1_pclk
    BUFGCTRL_X0Y0        BUFG (Prop_bufg_I_O)         0.091    20.003 r  clk_ip/inst/clkout1_buf/O
                         net (fo=86, routed)          1.659    21.662    ddp/clk_out1
    SLICE_X68Y23         FDRE                                         r  ddp/raddr_reg[8]/C
                         clock pessimism              0.087    21.749    
                         clock uncertainty           -0.084    21.666    
    SLICE_X68Y23         FDRE (Setup_fdre_C_CE)      -0.205    21.461    ddp/raddr_reg[8]
  -------------------------------------------------------------------
                         required time                         21.461    
                         arrival time                          -6.366    
  -------------------------------------------------------------------
                         slack                                 15.095    





Min Delay Paths
--------------------------------------------------------------------------------------
Slack (MET) :             0.157ns  (arrival time - required time)
  Source:                 ddp/raddr_reg[1]/C
                            (rising edge-triggered cell FDRE clocked by clk_out1_pclk  {rise@0.000ns fall@10.000ns period=20.000ns})
  Destination:            Vram/U0/inst_blk_mem_gen/gnbram.gnativebmg.native_blk_mem_gen/valid.cstr/ramloop[0].ram.r/prim_noinit.ram/DEVICE_7SERIES.NO_BMM_INFO.TRUE_DP.SIMPLE_PRIM36.ram/ADDRARDADDR[1]
                            (rising edge-triggered cell RAMB36E1 clocked by clk_out1_pclk  {rise@0.000ns fall@10.000ns period=20.000ns})
  Path Group:             clk_out1_pclk
  Path Type:              Hold (Min at Fast Process Corner)
  Requirement:            0.000ns  (clk_out1_pclk rise@0.000ns - clk_out1_pclk rise@0.000ns)
  Data Path Delay:        0.435ns  (logic 0.141ns (32.377%)  route 0.294ns (67.623%))
  Logic Levels:           0  
  Clock Path Skew:        0.095ns (DCD - SCD - CPR)
    Destination Clock Delay (DCD):    0.957ns
    Source Clock Delay      (SCD):    0.624ns
    Clock Pessimism Removal (CPR):    0.237ns

    Location             Delay type                Incr(ns)  Path(ns)    Netlist Resource(s)
  -------------------------------------------------------------------    -------------------
                         (clock clk_out1_pclk rise edge)
                                                      0.000     0.000 r  
    BUFGCTRL_X0Y16       BUFG                         0.000     0.000 r  clk_IBUF_BUFG_inst/O
                         net (fo=404, routed)         0.624     0.624    clk_ip/inst/clk_in1
    MMCME2_ADV_X0Y0      MMCME2_ADV (Prop_mmcme2_adv_CLKIN1_CLKOUT0)
                                                     -1.296    -0.672 r  clk_ip/inst/mmcm_adv_inst/CLKOUT0
                         net (fo=1, routed)           0.648    -0.024    clk_ip/inst/clk_out1_pclk
    BUFGCTRL_X0Y0        BUFG (Prop_bufg_I_O)         0.026     0.002 r  clk_ip/inst/clkout1_buf/O
                         net (fo=86, routed)          0.622     0.624    ddp/clk_out1
    SLICE_X68Y21         FDRE                                         r  ddp/raddr_reg[1]/C
  -------------------------------------------------------------------    -------------------
    SLICE_X68Y21         FDRE (Prop_fdre_C_Q)         0.141     0.765 r  ddp/raddr_reg[1]/Q
                         net (fo=13, routed)          0.294     1.060    Vram/U0/inst_blk_mem_gen/gnbram.gnativebmg.native_blk_mem_gen/valid.cstr/ramloop[0].ram.r/prim_noinit.ram/addra[1]
    RAMB36_X2Y4          RAMB36E1                                     r  Vram/U0/inst_blk_mem_gen/gnbram.gnativebmg.native_blk_mem_gen/valid.cstr/ramloop[0].ram.r/prim_noinit.ram/DEVICE_7SERIES.NO_BMM_INFO.TRUE_DP.SIMPLE_PRIM36.ram/ADDRARDADDR[1]
  -------------------------------------------------------------------    -------------------

                         (clock clk_out1_pclk rise edge)
                                                      0.000     0.000 r  
    BUFGCTRL_X0Y16       BUFG                         0.000     0.000 r  clk_IBUF_BUFG_inst/O
                         net (fo=404, routed)         0.898     0.898    clk_ip/inst/clk_in1
    MMCME2_ADV_X0Y0      MMCME2_ADV (Prop_mmcme2_adv_CLKIN1_CLKOUT0)
                                                     -1.625    -0.727 r  clk_ip/inst/mmcm_adv_inst/CLKOUT0
                         net (fo=1, routed)           0.700    -0.027    clk_ip/inst/clk_out1_pclk
    BUFGCTRL_X0Y0        BUFG (Prop_bufg_I_O)         0.029     0.002 r  clk_ip/inst/clkout1_buf/O
                         net (fo=86, routed)          0.955     0.957    Vram/U0/inst_blk_mem_gen/gnbram.gnativebmg.native_blk_mem_gen/valid.cstr/ramloop[0].ram.r/prim_noinit.ram/clka
    RAMB36_X2Y4          RAMB36E1                                     r  Vram/U0/inst_blk_mem_gen/gnbram.gnativebmg.native_blk_mem_gen/valid.cstr/ramloop[0].ram.r/prim_noinit.ram/DEVICE_7SERIES.NO_BMM_INFO.TRUE_DP.SIMPLE_PRIM36.ram/CLKARDCLK
                         clock pessimism             -0.237     0.720    
    RAMB36_X2Y4          RAMB36E1 (Hold_ramb36e1_CLKARDCLK_ADDRARDADDR[1])
                                                      0.183     0.903    Vram/U0/inst_blk_mem_gen/gnbram.gnativebmg.native_blk_mem_gen/valid.cstr/ramloop[0].ram.r/prim_noinit.ram/DEVICE_7SERIES.NO_BMM_INFO.TRUE_DP.SIMPLE_PRIM36.ram
  -------------------------------------------------------------------
                         required time                         -0.903    
                         arrival time                           1.060    
  -------------------------------------------------------------------
                         slack                                  0.157    

Slack (MET) :             0.170ns  (arrival time - required time)
  Source:                 ddp/raddr_reg[0]/C
                            (rising edge-triggered cell FDRE clocked by clk_out1_pclk  {rise@0.000ns fall@10.000ns period=20.000ns})
  Destination:            Vram/U0/inst_blk_mem_gen/gnbram.gnativebmg.native_blk_mem_gen/valid.cstr/ramloop[0].ram.r/prim_noinit.ram/DEVICE_7SERIES.NO_BMM_INFO.TRUE_DP.SIMPLE_PRIM36.ram/ADDRARDADDR[0]
                            (rising edge-triggered cell RAMB36E1 clocked by clk_out1_pclk  {rise@0.000ns fall@10.000ns period=20.000ns})
  Path Group:             clk_out1_pclk
  Path Type:              Hold (Min at Fast Process Corner)
  Requirement:            0.000ns  (clk_out1_pclk rise@0.000ns - clk_out1_pclk rise@0.000ns)
  Data Path Delay:        0.449ns  (logic 0.141ns (31.415%)  route 0.308ns (68.585%))
  Logic Levels:           0  
  Clock Path Skew:        0.095ns (DCD - SCD - CPR)
    Destination Clock Delay (DCD):    0.957ns
    Source Clock Delay      (SCD):    0.624ns
    Clock Pessimism Removal (CPR):    0.237ns

    Location             Delay type                Incr(ns)  Path(ns)    Netlist Resource(s)
  -------------------------------------------------------------------    -------------------
                         (clock clk_out1_pclk rise edge)
                                                      0.000     0.000 r  
    BUFGCTRL_X0Y16       BUFG                         0.000     0.000 r  clk_IBUF_BUFG_inst/O
                         net (fo=404, routed)         0.624     0.624    clk_ip/inst/clk_in1
    MMCME2_ADV_X0Y0      MMCME2_ADV (Prop_mmcme2_adv_CLKIN1_CLKOUT0)
                                                     -1.296    -0.672 r  clk_ip/inst/mmcm_adv_inst/CLKOUT0
                         net (fo=1, routed)           0.648    -0.024    clk_ip/inst/clk_out1_pclk
    BUFGCTRL_X0Y0        BUFG (Prop_bufg_I_O)         0.026     0.002 r  clk_ip/inst/clkout1_buf/O
                         net (fo=86, routed)          0.622     0.624    ddp/clk_out1
    SLICE_X68Y21         FDRE                                         r  ddp/raddr_reg[0]/C
  -------------------------------------------------------------------    -------------------
    SLICE_X68Y21         FDRE (Prop_fdre_C_Q)         0.141     0.765 r  ddp/raddr_reg[0]/Q
                         net (fo=14, routed)          0.308     1.073    Vram/U0/inst_blk_mem_gen/gnbram.gnativebmg.native_blk_mem_gen/valid.cstr/ramloop[0].ram.r/prim_noinit.ram/addra[0]
    RAMB36_X2Y4          RAMB36E1                                     r  Vram/U0/inst_blk_mem_gen/gnbram.gnativebmg.native_blk_mem_gen/valid.cstr/ramloop[0].ram.r/prim_noinit.ram/DEVICE_7SERIES.NO_BMM_INFO.TRUE_DP.SIMPLE_PRIM36.ram/ADDRARDADDR[0]
  -------------------------------------------------------------------    -------------------

                         (clock clk_out1_pclk rise edge)
                                                      0.000     0.000 r  
    BUFGCTRL_X0Y16       BUFG                         0.000     0.000 r  clk_IBUF_BUFG_inst/O
                         net (fo=404, routed)         0.898     0.898    clk_ip/inst/clk_in1
    MMCME2_ADV_X0Y0      MMCME2_ADV (Prop_mmcme2_adv_CLKIN1_CLKOUT0)
                                                     -1.625    -0.727 r  clk_ip/inst/mmcm_adv_inst/CLKOUT0
                         net (fo=1, routed)           0.700    -0.027    clk_ip/inst/clk_out1_pclk
    BUFGCTRL_X0Y0        BUFG (Prop_bufg_I_O)         0.029     0.002 r  clk_ip/inst/clkout1_buf/O
                         net (fo=86, routed)          0.955     0.957    Vram/U0/inst_blk_mem_gen/gnbram.gnativebmg.native_blk_mem_gen/valid.cstr/ramloop[0].ram.r/prim_noinit.ram/clka
    RAMB36_X2Y4          RAMB36E1                                     r  Vram/U0/inst_blk_mem_gen/gnbram.gnativebmg.native_blk_mem_gen/valid.cstr/ramloop[0].ram.r/prim_noinit.ram/DEVICE_7SERIES.NO_BMM_INFO.TRUE_DP.SIMPLE_PRIM36.ram/CLKARDCLK
                         clock pessimism             -0.237     0.720    
    RAMB36_X2Y4          RAMB36E1 (Hold_ramb36e1_CLKARDCLK_ADDRARDADDR[0])
                                                      0.183     0.903    Vram/U0/inst_blk_mem_gen/gnbram.gnativebmg.native_blk_mem_gen/valid.cstr/ramloop[0].ram.r/prim_noinit.ram/DEVICE_7SERIES.NO_BMM_INFO.TRUE_DP.SIMPLE_PRIM36.ram
  -------------------------------------------------------------------
                         required time                         -0.903    
                         arrival time                           1.073    
  -------------------------------------------------------------------
                         slack                                  0.170    

Slack (MET) :             0.178ns  (arrival time - required time)
  Source:                 ddp/raddr_reg[2]/C
                            (rising edge-triggered cell FDRE clocked by clk_out1_pclk  {rise@0.000ns fall@10.000ns period=20.000ns})
  Destination:            Vram/U0/inst_blk_mem_gen/gnbram.gnativebmg.native_blk_mem_gen/valid.cstr/ramloop[10].ram.r/prim_noinit.ram/DEVICE_7SERIES.NO_BMM_INFO.TRUE_DP.SIMPLE_PRIM36.ram/ADDRARDADDR[5]
                            (rising edge-triggered cell RAMB36E1 clocked by clk_out1_pclk  {rise@0.000ns fall@10.000ns period=20.000ns})
  Path Group:             clk_out1_pclk
  Path Type:              Hold (Min at Fast Process Corner)
  Requirement:            0.000ns  (clk_out1_pclk rise@0.000ns - clk_out1_pclk rise@0.000ns)
  Data Path Delay:        0.436ns  (logic 0.141ns (32.376%)  route 0.295ns (67.624%))
  Logic Levels:           0  
  Clock Path Skew:        0.074ns (DCD - SCD - CPR)
    Destination Clock Delay (DCD):    0.936ns
    Source Clock Delay      (SCD):    0.624ns
    Clock Pessimism Removal (CPR):    0.237ns

    Location             Delay type                Incr(ns)  Path(ns)    Netlist Resource(s)
  -------------------------------------------------------------------    -------------------
                         (clock clk_out1_pclk rise edge)
                                                      0.000     0.000 r  
    BUFGCTRL_X0Y16       BUFG                         0.000     0.000 r  clk_IBUF_BUFG_inst/O
                         net (fo=404, routed)         0.624     0.624    clk_ip/inst/clk_in1
    MMCME2_ADV_X0Y0      MMCME2_ADV (Prop_mmcme2_adv_CLKIN1_CLKOUT0)
                                                     -1.296    -0.672 r  clk_ip/inst/mmcm_adv_inst/CLKOUT0
                         net (fo=1, routed)           0.648    -0.024    clk_ip/inst/clk_out1_pclk
    BUFGCTRL_X0Y0        BUFG (Prop_bufg_I_O)         0.026     0.002 r  clk_ip/inst/clkout1_buf/O
                         net (fo=86, routed)          0.622     0.624    ddp/clk_out1
    SLICE_X68Y21         FDRE                                         r  ddp/raddr_reg[2]/C
  -------------------------------------------------------------------    -------------------
    SLICE_X68Y21         FDRE (Prop_fdre_C_Q)         0.141     0.765 r  ddp/raddr_reg[2]/Q
                         net (fo=14, routed)          0.295     1.060    Vram/U0/inst_blk_mem_gen/gnbram.gnativebmg.native_blk_mem_gen/valid.cstr/ramloop[10].ram.r/prim_noinit.ram/addra[2]
    RAMB36_X1Y4          RAMB36E1                                     r  Vram/U0/inst_blk_mem_gen/gnbram.gnativebmg.native_blk_mem_gen/valid.cstr/ramloop[10].ram.r/prim_noinit.ram/DEVICE_7SERIES.NO_BMM_INFO.TRUE_DP.SIMPLE_PRIM36.ram/ADDRARDADDR[5]
  -------------------------------------------------------------------    -------------------

                         (clock clk_out1_pclk rise edge)
                                                      0.000     0.000 r  
    BUFGCTRL_X0Y16       BUFG                         0.000     0.000 r  clk_IBUF_BUFG_inst/O
                         net (fo=404, routed)         0.898     0.898    clk_ip/inst/clk_in1
    MMCME2_ADV_X0Y0      MMCME2_ADV (Prop_mmcme2_adv_CLKIN1_CLKOUT0)
                                                     -1.625    -0.727 r  clk_ip/inst/mmcm_adv_inst/CLKOUT0
                         net (fo=1, routed)           0.700    -0.027    clk_ip/inst/clk_out1_pclk
    BUFGCTRL_X0Y0        BUFG (Prop_bufg_I_O)         0.029     0.002 r  clk_ip/inst/clkout1_buf/O
                         net (fo=86, routed)          0.934     0.936    Vram/U0/inst_blk_mem_gen/gnbram.gnativebmg.native_blk_mem_gen/valid.cstr/ramloop[10].ram.r/prim_noinit.ram/clka
    RAMB36_X1Y4          RAMB36E1                                     r  Vram/U0/inst_blk_mem_gen/gnbram.gnativebmg.native_blk_mem_gen/valid.cstr/ramloop[10].ram.r/prim_noinit.ram/DEVICE_7SERIES.NO_BMM_INFO.TRUE_DP.SIMPLE_PRIM36.ram/CLKARDCLK
                         clock pessimism             -0.237     0.699    
    RAMB36_X1Y4          RAMB36E1 (Hold_ramb36e1_CLKARDCLK_ADDRARDADDR[5])
                                                      0.183     0.882    Vram/U0/inst_blk_mem_gen/gnbram.gnativebmg.native_blk_mem_gen/valid.cstr/ramloop[10].ram.r/prim_noinit.ram/DEVICE_7SERIES.NO_BMM_INFO.TRUE_DP.SIMPLE_PRIM36.ram
  -------------------------------------------------------------------
                         required time                         -0.882    
                         arrival time                           1.060    
  -------------------------------------------------------------------
                         slack                                  0.178    

Slack (MET) :             0.200ns  (arrival time - required time)
  Source:                 ddp/raddr_reg[5]/C
                            (rising edge-triggered cell FDRE clocked by clk_out1_pclk  {rise@0.000ns fall@10.000ns period=20.000ns})
  Destination:            Vram/U0/inst_blk_mem_gen/gnbram.gnativebmg.native_blk_mem_gen/valid.cstr/ramloop[10].ram.r/prim_noinit.ram/DEVICE_7SERIES.NO_BMM_INFO.TRUE_DP.SIMPLE_PRIM36.ram/ADDRARDADDR[8]
                            (rising edge-triggered cell RAMB36E1 clocked by clk_out1_pclk  {rise@0.000ns fall@10.000ns period=20.000ns})
  Path Group:             clk_out1_pclk
  Path Type:              Hold (Min at Fast Process Corner)
  Requirement:            0.000ns  (clk_out1_pclk rise@0.000ns - clk_out1_pclk rise@0.000ns)
  Data Path Delay:        0.458ns  (logic 0.141ns (30.809%)  route 0.317ns (69.191%))
  Logic Levels:           0  
  Clock Path Skew:        0.074ns (DCD - SCD - CPR)
    Destination Clock Delay (DCD):    0.936ns
    Source Clock Delay      (SCD):    0.624ns
    Clock Pessimism Removal (CPR):    0.237ns

    Location             Delay type                Incr(ns)  Path(ns)    Netlist Resource(s)
  -------------------------------------------------------------------    -------------------
                         (clock clk_out1_pclk rise edge)
                                                      0.000     0.000 r  
    BUFGCTRL_X0Y16       BUFG                         0.000     0.000 r  clk_IBUF_BUFG_inst/O
                         net (fo=404, routed)         0.624     0.624    clk_ip/inst/clk_in1
    MMCME2_ADV_X0Y0      MMCME2_ADV (Prop_mmcme2_adv_CLKIN1_CLKOUT0)
                                                     -1.296    -0.672 r  clk_ip/inst/mmcm_adv_inst/CLKOUT0
                         net (fo=1, routed)           0.648    -0.024    clk_ip/inst/clk_out1_pclk
    BUFGCTRL_X0Y0        BUFG (Prop_bufg_I_O)         0.026     0.002 r  clk_ip/inst/clkout1_buf/O
                         net (fo=86, routed)          0.622     0.624    ddp/clk_out1
    SLICE_X68Y22         FDRE                                         r  ddp/raddr_reg[5]/C
  -------------------------------------------------------------------    -------------------
    SLICE_X68Y22         FDRE (Prop_fdre_C_Q)         0.141     0.765 r  ddp/raddr_reg[5]/Q
                         net (fo=15, routed)          0.317     1.082    Vram/U0/inst_blk_mem_gen/gnbram.gnativebmg.native_blk_mem_gen/valid.cstr/ramloop[10].ram.r/prim_noinit.ram/addra[5]
    RAMB36_X1Y4          RAMB36E1                                     r  Vram/U0/inst_blk_mem_gen/gnbram.gnativebmg.native_blk_mem_gen/valid.cstr/ramloop[10].ram.r/prim_noinit.ram/DEVICE_7SERIES.NO_BMM_INFO.TRUE_DP.SIMPLE_PRIM36.ram/ADDRARDADDR[8]
  -------------------------------------------------------------------    -------------------

                         (clock clk_out1_pclk rise edge)
                                                      0.000     0.000 r  
    BUFGCTRL_X0Y16       BUFG                         0.000     0.000 r  clk_IBUF_BUFG_inst/O
                         net (fo=404, routed)         0.898     0.898    clk_ip/inst/clk_in1
    MMCME2_ADV_X0Y0      MMCME2_ADV (Prop_mmcme2_adv_CLKIN1_CLKOUT0)
                                                     -1.625    -0.727 r  clk_ip/inst/mmcm_adv_inst/CLKOUT0
                         net (fo=1, routed)           0.700    -0.027    clk_ip/inst/clk_out1_pclk
    BUFGCTRL_X0Y0        BUFG (Prop_bufg_I_O)         0.029     0.002 r  clk_ip/inst/clkout1_buf/O
                         net (fo=86, routed)          0.934     0.936    Vram/U0/inst_blk_mem_gen/gnbram.gnativebmg.native_blk_mem_gen/valid.cstr/ramloop[10].ram.r/prim_noinit.ram/clka
    RAMB36_X1Y4          RAMB36E1                                     r  Vram/U0/inst_blk_mem_gen/gnbram.gnativebmg.native_blk_mem_gen/valid.cstr/ramloop[10].ram.r/prim_noinit.ram/DEVICE_7SERIES.NO_BMM_INFO.TRUE_DP.SIMPLE_PRIM36.ram/CLKARDCLK
                         clock pessimism             -0.237     0.699    
    RAMB36_X1Y4          RAMB36E1 (Hold_ramb36e1_CLKARDCLK_ADDRARDADDR[8])
                                                      0.183     0.882    Vram/U0/inst_blk_mem_gen/gnbram.gnativebmg.native_blk_mem_gen/valid.cstr/ramloop[10].ram.r/prim_noinit.ram/DEVICE_7SERIES.NO_BMM_INFO.TRUE_DP.SIMPLE_PRIM36.ram
  -------------------------------------------------------------------
                         required time                         -0.882    
                         arrival time                           1.082    
  -------------------------------------------------------------------
                         slack                                  0.200    

Slack (MET) :             0.213ns  (arrival time - required time)
  Source:                 ddp/raddr_reg[3]/C
                            (rising edge-triggered cell FDRE clocked by clk_out1_pclk  {rise@0.000ns fall@10.000ns period=20.000ns})
  Destination:            Vram/U0/inst_blk_mem_gen/gnbram.gnativebmg.native_blk_mem_gen/valid.cstr/ramloop[10].ram.r/prim_noinit.ram/DEVICE_7SERIES.NO_BMM_INFO.TRUE_DP.SIMPLE_PRIM36.ram/ADDRARDADDR[6]
                            (rising edge-triggered cell RAMB36E1 clocked by clk_out1_pclk  {rise@0.000ns fall@10.000ns period=20.000ns})
  Path Group:             clk_out1_pclk
  Path Type:              Hold (Min at Fast Process Corner)
  Requirement:            0.000ns  (clk_out1_pclk rise@0.000ns - clk_out1_pclk rise@0.000ns)
  Data Path Delay:        0.471ns  (logic 0.141ns (29.942%)  route 0.330ns (70.058%))
  Logic Levels:           0  
  Clock Path Skew:        0.074ns (DCD - SCD - CPR)
    Destination Clock Delay (DCD):    0.936ns
    Source Clock Delay      (SCD):    0.624ns
    Clock Pessimism Removal (CPR):    0.237ns

    Location             Delay type                Incr(ns)  Path(ns)    Netlist Resource(s)
  -------------------------------------------------------------------    -------------------
                         (clock clk_out1_pclk rise edge)
                                                      0.000     0.000 r  
    BUFGCTRL_X0Y16       BUFG                         0.000     0.000 r  clk_IBUF_BUFG_inst/O
                         net (fo=404, routed)         0.624     0.624    clk_ip/inst/clk_in1
    MMCME2_ADV_X0Y0      MMCME2_ADV (Prop_mmcme2_adv_CLKIN1_CLKOUT0)
                                                     -1.296    -0.672 r  clk_ip/inst/mmcm_adv_inst/CLKOUT0
                         net (fo=1, routed)           0.648    -0.024    clk_ip/inst/clk_out1_pclk
    BUFGCTRL_X0Y0        BUFG (Prop_bufg_I_O)         0.026     0.002 r  clk_ip/inst/clkout1_buf/O
                         net (fo=86, routed)          0.622     0.624    ddp/clk_out1
    SLICE_X68Y21         FDRE                                         r  ddp/raddr_reg[3]/C
  -------------------------------------------------------------------    -------------------
    SLICE_X68Y21         FDRE (Prop_fdre_C_Q)         0.141     0.765 r  ddp/raddr_reg[3]/Q
                         net (fo=15, routed)          0.330     1.095    Vram/U0/inst_blk_mem_gen/gnbram.gnativebmg.native_blk_mem_gen/valid.cstr/ramloop[10].ram.r/prim_noinit.ram/addra[3]
    RAMB36_X1Y4          RAMB36E1                                     r  Vram/U0/inst_blk_mem_gen/gnbram.gnativebmg.native_blk_mem_gen/valid.cstr/ramloop[10].ram.r/prim_noinit.ram/DEVICE_7SERIES.NO_BMM_INFO.TRUE_DP.SIMPLE_PRIM36.ram/ADDRARDADDR[6]
  -------------------------------------------------------------------    -------------------

                         (clock clk_out1_pclk rise edge)
                                                      0.000     0.000 r  
    BUFGCTRL_X0Y16       BUFG                         0.000     0.000 r  clk_IBUF_BUFG_inst/O
                         net (fo=404, routed)         0.898     0.898    clk_ip/inst/clk_in1
    MMCME2_ADV_X0Y0      MMCME2_ADV (Prop_mmcme2_adv_CLKIN1_CLKOUT0)
                                                     -1.625    -0.727 r  clk_ip/inst/mmcm_adv_inst/CLKOUT0
                         net (fo=1, routed)           0.700    -0.027    clk_ip/inst/clk_out1_pclk
    BUFGCTRL_X0Y0        BUFG (Prop_bufg_I_O)         0.029     0.002 r  clk_ip/inst/clkout1_buf/O
                         net (fo=86, routed)          0.934     0.936    Vram/U0/inst_blk_mem_gen/gnbram.gnativebmg.native_blk_mem_gen/valid.cstr/ramloop[10].ram.r/prim_noinit.ram/clka
    RAMB36_X1Y4          RAMB36E1                                     r  Vram/U0/inst_blk_mem_gen/gnbram.gnativebmg.native_blk_mem_gen/valid.cstr/ramloop[10].ram.r/prim_noinit.ram/DEVICE_7SERIES.NO_BMM_INFO.TRUE_DP.SIMPLE_PRIM36.ram/CLKARDCLK
                         clock pessimism             -0.237     0.699    
    RAMB36_X1Y4          RAMB36E1 (Hold_ramb36e1_CLKARDCLK_ADDRARDADDR[6])
                                                      0.183     0.882    Vram/U0/inst_blk_mem_gen/gnbram.gnativebmg.native_blk_mem_gen/valid.cstr/ramloop[10].ram.r/prim_noinit.ram/DEVICE_7SERIES.NO_BMM_INFO.TRUE_DP.SIMPLE_PRIM36.ram
  -------------------------------------------------------------------
                         required time                         -0.882    
                         arrival time                           1.095    
  -------------------------------------------------------------------
                         slack                                  0.213    

Slack (MET) :             0.223ns  (arrival time - required time)
  Source:                 ddp/raddr_reg[6]/C
                            (rising edge-triggered cell FDRE clocked by clk_out1_pclk  {rise@0.000ns fall@10.000ns period=20.000ns})
  Destination:            Vram/U0/inst_blk_mem_gen/gnbram.gnativebmg.native_blk_mem_gen/valid.cstr/ramloop[10].ram.r/prim_noinit.ram/DEVICE_7SERIES.NO_BMM_INFO.TRUE_DP.SIMPLE_PRIM36.ram/ADDRARDADDR[9]
                            (rising edge-triggered cell RAMB36E1 clocked by clk_out1_pclk  {rise@0.000ns fall@10.000ns period=20.000ns})
  Path Group:             clk_out1_pclk
  Path Type:              Hold (Min at Fast Process Corner)
  Requirement:            0.000ns  (clk_out1_pclk rise@0.000ns - clk_out1_pclk rise@0.000ns)
  Data Path Delay:        0.480ns  (logic 0.141ns (29.351%)  route 0.339ns (70.649%))
  Logic Levels:           0  
  Clock Path Skew:        0.074ns (DCD - SCD - CPR)
    Destination Clock Delay (DCD):    0.936ns
    Source Clock Delay      (SCD):    0.624ns
    Clock Pessimism Removal (CPR):    0.237ns

    Location             Delay type                Incr(ns)  Path(ns)    Netlist Resource(s)
  -------------------------------------------------------------------    -------------------
                         (clock clk_out1_pclk rise edge)
                                                      0.000     0.000 r  
    BUFGCTRL_X0Y16       BUFG                         0.000     0.000 r  clk_IBUF_BUFG_inst/O
                         net (fo=404, routed)         0.624     0.624    clk_ip/inst/clk_in1
    MMCME2_ADV_X0Y0      MMCME2_ADV (Prop_mmcme2_adv_CLKIN1_CLKOUT0)
                                                     -1.296    -0.672 r  clk_ip/inst/mmcm_adv_inst/CLKOUT0
                         net (fo=1, routed)           0.648    -0.024    clk_ip/inst/clk_out1_pclk
    BUFGCTRL_X0Y0        BUFG (Prop_bufg_I_O)         0.026     0.002 r  clk_ip/inst/clkout1_buf/O
                         net (fo=86, routed)          0.622     0.624    ddp/clk_out1
    SLICE_X68Y22         FDRE                                         r  ddp/raddr_reg[6]/C
  -------------------------------------------------------------------    -------------------
    SLICE_X68Y22         FDRE (Prop_fdre_C_Q)         0.141     0.765 r  ddp/raddr_reg[6]/Q
                         net (fo=14, routed)          0.339     1.105    Vram/U0/inst_blk_mem_gen/gnbram.gnativebmg.native_blk_mem_gen/valid.cstr/ramloop[10].ram.r/prim_noinit.ram/addra[6]
    RAMB36_X1Y4          RAMB36E1                                     r  Vram/U0/inst_blk_mem_gen/gnbram.gnativebmg.native_blk_mem_gen/valid.cstr/ramloop[10].ram.r/prim_noinit.ram/DEVICE_7SERIES.NO_BMM_INFO.TRUE_DP.SIMPLE_PRIM36.ram/ADDRARDADDR[9]
  -------------------------------------------------------------------    -------------------

                         (clock clk_out1_pclk rise edge)
                                                      0.000     0.000 r  
    BUFGCTRL_X0Y16       BUFG                         0.000     0.000 r  clk_IBUF_BUFG_inst/O
                         net (fo=404, routed)         0.898     0.898    clk_ip/inst/clk_in1
    MMCME2_ADV_X0Y0      MMCME2_ADV (Prop_mmcme2_adv_CLKIN1_CLKOUT0)
                                                     -1.625    -0.727 r  clk_ip/inst/mmcm_adv_inst/CLKOUT0
                         net (fo=1, routed)           0.700    -0.027    clk_ip/inst/clk_out1_pclk
    BUFGCTRL_X0Y0        BUFG (Prop_bufg_I_O)         0.029     0.002 r  clk_ip/inst/clkout1_buf/O
                         net (fo=86, routed)          0.934     0.936    Vram/U0/inst_blk_mem_gen/gnbram.gnativebmg.native_blk_mem_gen/valid.cstr/ramloop[10].ram.r/prim_noinit.ram/clka
    RAMB36_X1Y4          RAMB36E1                                     r  Vram/U0/inst_blk_mem_gen/gnbram.gnativebmg.native_blk_mem_gen/valid.cstr/ramloop[10].ram.r/prim_noinit.ram/DEVICE_7SERIES.NO_BMM_INFO.TRUE_DP.SIMPLE_PRIM36.ram/CLKARDCLK
                         clock pessimism             -0.237     0.699    
    RAMB36_X1Y4          RAMB36E1 (Hold_ramb36e1_CLKARDCLK_ADDRARDADDR[9])
                                                      0.183     0.882    Vram/U0/inst_blk_mem_gen/gnbram.gnativebmg.native_blk_mem_gen/valid.cstr/ramloop[10].ram.r/prim_noinit.ram/DEVICE_7SERIES.NO_BMM_INFO.TRUE_DP.SIMPLE_PRIM36.ram
  -------------------------------------------------------------------
                         required time                         -0.882    
                         arrival time                           1.105    
  -------------------------------------------------------------------
                         slack                                  0.223    

Slack (MET) :             0.226ns  (arrival time - required time)
  Source:                 ddp/raddr_reg[1]/C
                            (rising edge-triggered cell FDRE clocked by clk_out1_pclk  {rise@0.000ns fall@10.000ns period=20.000ns})
  Destination:            Vram/U0/inst_blk_mem_gen/gnbram.gnativebmg.native_blk_mem_gen/valid.cstr/ramloop[10].ram.r/prim_noinit.ram/DEVICE_7SERIES.NO_BMM_INFO.TRUE_DP.SIMPLE_PRIM36.ram/ADDRARDADDR[4]
                            (rising edge-triggered cell RAMB36E1 clocked by clk_out1_pclk  {rise@0.000ns fall@10.000ns period=20.000ns})
  Path Group:             clk_out1_pclk
  Path Type:              Hold (Min at Fast Process Corner)
  Requirement:            0.000ns  (clk_out1_pclk rise@0.000ns - clk_out1_pclk rise@0.000ns)
  Data Path Delay:        0.484ns  (logic 0.141ns (29.143%)  route 0.343ns (70.857%))
  Logic Levels:           0  
  Clock Path Skew:        0.074ns (DCD - SCD - CPR)
    Destination Clock Delay (DCD):    0.936ns
    Source Clock Delay      (SCD):    0.624ns
    Clock Pessimism Removal (CPR):    0.237ns

    Location             Delay type                Incr(ns)  Path(ns)    Netlist Resource(s)
  -------------------------------------------------------------------    -------------------
                         (clock clk_out1_pclk rise edge)
                                                      0.000     0.000 r  
    BUFGCTRL_X0Y16       BUFG                         0.000     0.000 r  clk_IBUF_BUFG_inst/O
                         net (fo=404, routed)         0.624     0.624    clk_ip/inst/clk_in1
    MMCME2_ADV_X0Y0      MMCME2_ADV (Prop_mmcme2_adv_CLKIN1_CLKOUT0)
                                                     -1.296    -0.672 r  clk_ip/inst/mmcm_adv_inst/CLKOUT0
                         net (fo=1, routed)           0.648    -0.024    clk_ip/inst/clk_out1_pclk
    BUFGCTRL_X0Y0        BUFG (Prop_bufg_I_O)         0.026     0.002 r  clk_ip/inst/clkout1_buf/O
                         net (fo=86, routed)          0.622     0.624    ddp/clk_out1
    SLICE_X68Y21         FDRE                                         r  ddp/raddr_reg[1]/C
  -------------------------------------------------------------------    -------------------
    SLICE_X68Y21         FDRE (Prop_fdre_C_Q)         0.141     0.765 r  ddp/raddr_reg[1]/Q
                         net (fo=13, routed)          0.343     1.108    Vram/U0/inst_blk_mem_gen/gnbram.gnativebmg.native_blk_mem_gen/valid.cstr/ramloop[10].ram.r/prim_noinit.ram/addra[1]
    RAMB36_X1Y4          RAMB36E1                                     r  Vram/U0/inst_blk_mem_gen/gnbram.gnativebmg.native_blk_mem_gen/valid.cstr/ramloop[10].ram.r/prim_noinit.ram/DEVICE_7SERIES.NO_BMM_INFO.TRUE_DP.SIMPLE_PRIM36.ram/ADDRARDADDR[4]
  -------------------------------------------------------------------    -------------------

                         (clock clk_out1_pclk rise edge)
                                                      0.000     0.000 r  
    BUFGCTRL_X0Y16       BUFG                         0.000     0.000 r  clk_IBUF_BUFG_inst/O
                         net (fo=404, routed)         0.898     0.898    clk_ip/inst/clk_in1
    MMCME2_ADV_X0Y0      MMCME2_ADV (Prop_mmcme2_adv_CLKIN1_CLKOUT0)
                                                     -1.625    -0.727 r  clk_ip/inst/mmcm_adv_inst/CLKOUT0
                         net (fo=1, routed)           0.700    -0.027    clk_ip/inst/clk_out1_pclk
    BUFGCTRL_X0Y0        BUFG (Prop_bufg_I_O)         0.029     0.002 r  clk_ip/inst/clkout1_buf/O
                         net (fo=86, routed)          0.934     0.936    Vram/U0/inst_blk_mem_gen/gnbram.gnativebmg.native_blk_mem_gen/valid.cstr/ramloop[10].ram.r/prim_noinit.ram/clka
    RAMB36_X1Y4          RAMB36E1                                     r  Vram/U0/inst_blk_mem_gen/gnbram.gnativebmg.native_blk_mem_gen/valid.cstr/ramloop[10].ram.r/prim_noinit.ram/DEVICE_7SERIES.NO_BMM_INFO.TRUE_DP.SIMPLE_PRIM36.ram/CLKARDCLK
                         clock pessimism             -0.237     0.699    
    RAMB36_X1Y4          RAMB36E1 (Hold_ramb36e1_CLKARDCLK_ADDRARDADDR[4])
                                                      0.183     0.882    Vram/U0/inst_blk_mem_gen/gnbram.gnativebmg.native_blk_mem_gen/valid.cstr/ramloop[10].ram.r/prim_noinit.ram/DEVICE_7SERIES.NO_BMM_INFO.TRUE_DP.SIMPLE_PRIM36.ram
  -------------------------------------------------------------------
                         required time                         -0.882    
                         arrival time                           1.108    
  -------------------------------------------------------------------
                         slack                                  0.226    

Slack (MET) :             0.227ns  (arrival time - required time)
  Source:                 ddp/raddr_reg[6]/C
                            (rising edge-triggered cell FDRE clocked by clk_out1_pclk  {rise@0.000ns fall@10.000ns period=20.000ns})
  Destination:            Vram/U0/inst_blk_mem_gen/gnbram.gnativebmg.native_blk_mem_gen/valid.cstr/ramloop[0].ram.r/prim_noinit.ram/DEVICE_7SERIES.NO_BMM_INFO.TRUE_DP.SIMPLE_PRIM36.ram/ADDRARDADDR[6]
                            (rising edge-triggered cell RAMB36E1 clocked by clk_out1_pclk  {rise@0.000ns fall@10.000ns period=20.000ns})
  Path Group:             clk_out1_pclk
  Path Type:              Hold (Min at Fast Process Corner)
  Requirement:            0.000ns  (clk_out1_pclk rise@0.000ns - clk_out1_pclk rise@0.000ns)
  Data Path Delay:        0.506ns  (logic 0.141ns (27.876%)  route 0.365ns (72.124%))
  Logic Levels:           0  
  Clock Path Skew:        0.095ns (DCD - SCD - CPR)
    Destination Clock Delay (DCD):    0.957ns
    Source Clock Delay      (SCD):    0.624ns
    Clock Pessimism Removal (CPR):    0.237ns

    Location             Delay type                Incr(ns)  Path(ns)    Netlist Resource(s)
  -------------------------------------------------------------------    -------------------
                         (clock clk_out1_pclk rise edge)
                                                      0.000     0.000 r  
    BUFGCTRL_X0Y16       BUFG                         0.000     0.000 r  clk_IBUF_BUFG_inst/O
                         net (fo=404, routed)         0.624     0.624    clk_ip/inst/clk_in1
    MMCME2_ADV_X0Y0      MMCME2_ADV (Prop_mmcme2_adv_CLKIN1_CLKOUT0)
                                                     -1.296    -0.672 r  clk_ip/inst/mmcm_adv_inst/CLKOUT0
                         net (fo=1, routed)           0.648    -0.024    clk_ip/inst/clk_out1_pclk
    BUFGCTRL_X0Y0        BUFG (Prop_bufg_I_O)         0.026     0.002 r  clk_ip/inst/clkout1_buf/O
                         net (fo=86, routed)          0.622     0.624    ddp/clk_out1
    SLICE_X68Y22         FDRE                                         r  ddp/raddr_reg[6]/C
  -------------------------------------------------------------------    -------------------
    SLICE_X68Y22         FDRE (Prop_fdre_C_Q)         0.141     0.765 r  ddp/raddr_reg[6]/Q
                         net (fo=14, routed)          0.365     1.130    Vram/U0/inst_blk_mem_gen/gnbram.gnativebmg.native_blk_mem_gen/valid.cstr/ramloop[0].ram.r/prim_noinit.ram/addra[6]
    RAMB36_X2Y4          RAMB36E1                                     r  Vram/U0/inst_blk_mem_gen/gnbram.gnativebmg.native_blk_mem_gen/valid.cstr/ramloop[0].ram.r/prim_noinit.ram/DEVICE_7SERIES.NO_BMM_INFO.TRUE_DP.SIMPLE_PRIM36.ram/ADDRARDADDR[6]
  -------------------------------------------------------------------    -------------------

                         (clock clk_out1_pclk rise edge)
                                                      0.000     0.000 r  
    BUFGCTRL_X0Y16       BUFG                         0.000     0.000 r  clk_IBUF_BUFG_inst/O
                         net (fo=404, routed)         0.898     0.898    clk_ip/inst/clk_in1
    MMCME2_ADV_X0Y0      MMCME2_ADV (Prop_mmcme2_adv_CLKIN1_CLKOUT0)
                                                     -1.625    -0.727 r  clk_ip/inst/mmcm_adv_inst/CLKOUT0
                         net (fo=1, routed)           0.700    -0.027    clk_ip/inst/clk_out1_pclk
    BUFGCTRL_X0Y0        BUFG (Prop_bufg_I_O)         0.029     0.002 r  clk_ip/inst/clkout1_buf/O
                         net (fo=86, routed)          0.955     0.957    Vram/U0/inst_blk_mem_gen/gnbram.gnativebmg.native_blk_mem_gen/valid.cstr/ramloop[0].ram.r/prim_noinit.ram/clka
    RAMB36_X2Y4          RAMB36E1                                     r  Vram/U0/inst_blk_mem_gen/gnbram.gnativebmg.native_blk_mem_gen/valid.cstr/ramloop[0].ram.r/prim_noinit.ram/DEVICE_7SERIES.NO_BMM_INFO.TRUE_DP.SIMPLE_PRIM36.ram/CLKARDCLK
                         clock pessimism             -0.237     0.720    
    RAMB36_X2Y4          RAMB36E1 (Hold_ramb36e1_CLKARDCLK_ADDRARDADDR[6])
                                                      0.183     0.903    Vram/U0/inst_blk_mem_gen/gnbram.gnativebmg.native_blk_mem_gen/valid.cstr/ramloop[0].ram.r/prim_noinit.ram/DEVICE_7SERIES.NO_BMM_INFO.TRUE_DP.SIMPLE_PRIM36.ram
  -------------------------------------------------------------------
                         required time                         -0.903    
                         arrival time                           1.130    
  -------------------------------------------------------------------
                         slack                                  0.227    

Slack (MET) :             0.229ns  (arrival time - required time)
  Source:                 ddp/raddr_reg[9]/C
                            (rising edge-triggered cell FDRE clocked by clk_out1_pclk  {rise@0.000ns fall@10.000ns period=20.000ns})
  Destination:            Vram/U0/inst_blk_mem_gen/gnbram.gnativebmg.native_blk_mem_gen/valid.cstr/ramloop[10].ram.r/prim_noinit.ram/DEVICE_7SERIES.NO_BMM_INFO.TRUE_DP.SIMPLE_PRIM36.ram/ADDRARDADDR[12]
                            (rising edge-triggered cell RAMB36E1 clocked by clk_out1_pclk  {rise@0.000ns fall@10.000ns period=20.000ns})
  Path Group:             clk_out1_pclk
  Path Type:              Hold (Min at Fast Process Corner)
  Requirement:            0.000ns  (clk_out1_pclk rise@0.000ns - clk_out1_pclk rise@0.000ns)
  Data Path Delay:        0.488ns  (logic 0.141ns (28.891%)  route 0.347ns (71.109%))
  Logic Levels:           0  
  Clock Path Skew:        0.076ns (DCD - SCD - CPR)
    Destination Clock Delay (DCD):    0.936ns
    Source Clock Delay      (SCD):    0.622ns
    Clock Pessimism Removal (CPR):    0.237ns

    Location             Delay type                Incr(ns)  Path(ns)    Netlist Resource(s)
  -------------------------------------------------------------------    -------------------
                         (clock clk_out1_pclk rise edge)
                                                      0.000     0.000 r  
    BUFGCTRL_X0Y16       BUFG                         0.000     0.000 r  clk_IBUF_BUFG_inst/O
                         net (fo=404, routed)         0.624     0.624    clk_ip/inst/clk_in1
    MMCME2_ADV_X0Y0      MMCME2_ADV (Prop_mmcme2_adv_CLKIN1_CLKOUT0)
                                                     -1.296    -0.672 r  clk_ip/inst/mmcm_adv_inst/CLKOUT0
                         net (fo=1, routed)           0.648    -0.024    clk_ip/inst/clk_out1_pclk
    BUFGCTRL_X0Y0        BUFG (Prop_bufg_I_O)         0.026     0.002 r  clk_ip/inst/clkout1_buf/O
                         net (fo=86, routed)          0.620     0.622    ddp/clk_out1
    SLICE_X68Y23         FDRE                                         r  ddp/raddr_reg[9]/C
  -------------------------------------------------------------------    -------------------
    SLICE_X68Y23         FDRE (Prop_fdre_C_Q)         0.141     0.763 r  ddp/raddr_reg[9]/Q
                         net (fo=15, routed)          0.347     1.110    Vram/U0/inst_blk_mem_gen/gnbram.gnativebmg.native_blk_mem_gen/valid.cstr/ramloop[10].ram.r/prim_noinit.ram/addra[9]
    RAMB36_X1Y4          RAMB36E1                                     r  Vram/U0/inst_blk_mem_gen/gnbram.gnativebmg.native_blk_mem_gen/valid.cstr/ramloop[10].ram.r/prim_noinit.ram/DEVICE_7SERIES.NO_BMM_INFO.TRUE_DP.SIMPLE_PRIM36.ram/ADDRARDADDR[12]
  -------------------------------------------------------------------    -------------------

                         (clock clk_out1_pclk rise edge)
                                                      0.000     0.000 r  
    BUFGCTRL_X0Y16       BUFG                         0.000     0.000 r  clk_IBUF_BUFG_inst/O
                         net (fo=404, routed)         0.898     0.898    clk_ip/inst/clk_in1
    MMCME2_ADV_X0Y0      MMCME2_ADV (Prop_mmcme2_adv_CLKIN1_CLKOUT0)
                                                     -1.625    -0.727 r  clk_ip/inst/mmcm_adv_inst/CLKOUT0
                         net (fo=1, routed)           0.700    -0.027    clk_ip/inst/clk_out1_pclk
    BUFGCTRL_X0Y0        BUFG (Prop_bufg_I_O)         0.029     0.002 r  clk_ip/inst/clkout1_buf/O
                         net (fo=86, routed)          0.934     0.936    Vram/U0/inst_blk_mem_gen/gnbram.gnativebmg.native_blk_mem_gen/valid.cstr/ramloop[10].ram.r/prim_noinit.ram/clka
    RAMB36_X1Y4          RAMB36E1                                     r  Vram/U0/inst_blk_mem_gen/gnbram.gnativebmg.native_blk_mem_gen/valid.cstr/ramloop[10].ram.r/prim_noinit.ram/DEVICE_7SERIES.NO_BMM_INFO.TRUE_DP.SIMPLE_PRIM36.ram/CLKARDCLK
                         clock pessimism             -0.237     0.699    
    RAMB36_X1Y4          RAMB36E1 (Hold_ramb36e1_CLKARDCLK_ADDRARDADDR[12])
                                                      0.183     0.882    Vram/U0/inst_blk_mem_gen/gnbram.gnativebmg.native_blk_mem_gen/valid.cstr/ramloop[10].ram.r/prim_noinit.ram/DEVICE_7SERIES.NO_BMM_INFO.TRUE_DP.SIMPLE_PRIM36.ram
  -------------------------------------------------------------------
                         required time                         -0.882    
                         arrival time                           1.110    
  -------------------------------------------------------------------
                         slack                                  0.229    

Slack (MET) :             0.235ns  (arrival time - required time)
  Source:                 ddp/raddr_reg[3]/C
                            (rising edge-triggered cell FDRE clocked by clk_out1_pclk  {rise@0.000ns fall@10.000ns period=20.000ns})
  Destination:            Vram/U0/inst_blk_mem_gen/gnbram.gnativebmg.native_blk_mem_gen/valid.cstr/ramloop[9].ram.r/prim_noinit.ram/DEVICE_7SERIES.NO_BMM_INFO.TRUE_DP.SIMPLE_PRIM36.ram/ADDRARDADDR[6]
                            (rising edge-triggered cell RAMB36E1 clocked by clk_out1_pclk  {rise@0.000ns fall@10.000ns period=20.000ns})
  Path Group:             clk_out1_pclk
  Path Type:              Hold (Min at Fast Process Corner)
  Requirement:            0.000ns  (clk_out1_pclk rise@0.000ns - clk_out1_pclk rise@0.000ns)
  Data Path Delay:        0.520ns  (logic 0.141ns (27.126%)  route 0.379ns (72.874%))
  Logic Levels:           0  
  Clock Path Skew:        0.101ns (DCD - SCD - CPR)
    Destination Clock Delay (DCD):    0.963ns
    Source Clock Delay      (SCD):    0.624ns
    Clock Pessimism Removal (CPR):    0.237ns

    Location             Delay type                Incr(ns)  Path(ns)    Netlist Resource(s)
  -------------------------------------------------------------------    -------------------
                         (clock clk_out1_pclk rise edge)
                                                      0.000     0.000 r  
    BUFGCTRL_X0Y16       BUFG                         0.000     0.000 r  clk_IBUF_BUFG_inst/O
                         net (fo=404, routed)         0.624     0.624    clk_ip/inst/clk_in1
    MMCME2_ADV_X0Y0      MMCME2_ADV (Prop_mmcme2_adv_CLKIN1_CLKOUT0)
                                                     -1.296    -0.672 r  clk_ip/inst/mmcm_adv_inst/CLKOUT0
                         net (fo=1, routed)           0.648    -0.024    clk_ip/inst/clk_out1_pclk
    BUFGCTRL_X0Y0        BUFG (Prop_bufg_I_O)         0.026     0.002 r  clk_ip/inst/clkout1_buf/O
                         net (fo=86, routed)          0.622     0.624    ddp/clk_out1
    SLICE_X68Y21         FDRE                                         r  ddp/raddr_reg[3]/C
  -------------------------------------------------------------------    -------------------
    SLICE_X68Y21         FDRE (Prop_fdre_C_Q)         0.141     0.765 r  ddp/raddr_reg[3]/Q
                         net (fo=15, routed)          0.379     1.144    Vram/U0/inst_blk_mem_gen/gnbram.gnativebmg.native_blk_mem_gen/valid.cstr/ramloop[9].ram.r/prim_noinit.ram/addra[3]
    RAMB36_X2Y3          RAMB36E1                                     r  Vram/U0/inst_blk_mem_gen/gnbram.gnativebmg.native_blk_mem_gen/valid.cstr/ramloop[9].ram.r/prim_noinit.ram/DEVICE_7SERIES.NO_BMM_INFO.TRUE_DP.SIMPLE_PRIM36.ram/ADDRARDADDR[6]
  -------------------------------------------------------------------    -------------------

                         (clock clk_out1_pclk rise edge)
                                                      0.000     0.000 r  
    BUFGCTRL_X0Y16       BUFG                         0.000     0.000 r  clk_IBUF_BUFG_inst/O
                         net (fo=404, routed)         0.898     0.898    clk_ip/inst/clk_in1
    MMCME2_ADV_X0Y0      MMCME2_ADV (Prop_mmcme2_adv_CLKIN1_CLKOUT0)
                                                     -1.625    -0.727 r  clk_ip/inst/mmcm_adv_inst/CLKOUT0
                         net (fo=1, routed)           0.700    -0.027    clk_ip/inst/clk_out1_pclk
    BUFGCTRL_X0Y0        BUFG (Prop_bufg_I_O)         0.029     0.002 r  clk_ip/inst/clkout1_buf/O
                         net (fo=86, routed)          0.961     0.963    Vram/U0/inst_blk_mem_gen/gnbram.gnativebmg.native_blk_mem_gen/valid.cstr/ramloop[9].ram.r/prim_noinit.ram/clka
    RAMB36_X2Y3          RAMB36E1                                     r  Vram/U0/inst_blk_mem_gen/gnbram.gnativebmg.native_blk_mem_gen/valid.cstr/ramloop[9].ram.r/prim_noinit.ram/DEVICE_7SERIES.NO_BMM_INFO.TRUE_DP.SIMPLE_PRIM36.ram/CLKARDCLK
                         clock pessimism             -0.237     0.726    
    RAMB36_X2Y3          RAMB36E1 (Hold_ramb36e1_CLKARDCLK_ADDRARDADDR[6])
                                                      0.183     0.909    Vram/U0/inst_blk_mem_gen/gnbram.gnativebmg.native_blk_mem_gen/valid.cstr/ramloop[9].ram.r/prim_noinit.ram/DEVICE_7SERIES.NO_BMM_INFO.TRUE_DP.SIMPLE_PRIM36.ram
  -------------------------------------------------------------------
                         required time                         -0.909    
                         arrival time                           1.144    
  -------------------------------------------------------------------
                         slack                                  0.235    





Pulse Width Checks
--------------------------------------------------------------------------------------
Clock Name:         clk_out1_pclk
Waveform(ns):       { 0.000 10.000 }
Period(ns):         20.000
Sources:            { clk_ip/inst/mmcm_adv_inst/CLKOUT0 }

Check Type        Corner  Lib Pin             Reference Pin  Required(ns)  Actual(ns)  Slack(ns)  Location         Pin
Min Period        n/a     RAMB36E1/CLKARDCLK  n/a            2.576         20.000      17.424     RAMB36_X2Y4      Vram/U0/inst_blk_mem_gen/gnbram.gnativebmg.native_blk_mem_gen/valid.cstr/ramloop[0].ram.r/prim_noinit.ram/DEVICE_7SERIES.NO_BMM_INFO.TRUE_DP.SIMPLE_PRIM36.ram/CLKARDCLK
Min Period        n/a     RAMB36E1/CLKARDCLK  n/a            2.576         20.000      17.424     RAMB36_X1Y4      Vram/U0/inst_blk_mem_gen/gnbram.gnativebmg.native_blk_mem_gen/valid.cstr/ramloop[10].ram.r/prim_noinit.ram/DEVICE_7SERIES.NO_BMM_INFO.TRUE_DP.SIMPLE_PRIM36.ram/CLKARDCLK
Min Period        n/a     RAMB36E1/CLKARDCLK  n/a            2.576         20.000      17.424     RAMB36_X2Y5      Vram/U0/inst_blk_mem_gen/gnbram.gnativebmg.native_blk_mem_gen/valid.cstr/ramloop[1].ram.r/prim_noinit.ram/DEVICE_7SERIES.NO_BMM_INFO.TRUE_DP.SIMPLE_PRIM36.ram/CLKARDCLK
Min Period        n/a     RAMB36E1/CLKARDCLK  n/a            2.576         20.000      17.424     RAMB36_X1Y5      Vram/U0/inst_blk_mem_gen/gnbram.gnativebmg.native_blk_mem_gen/valid.cstr/ramloop[2].ram.r/prim_noinit.ram/DEVICE_7SERIES.NO_BMM_INFO.TRUE_DP.SIMPLE_PRIM36.ram/CLKARDCLK
Min Period        n/a     RAMB36E1/CLKARDCLK  n/a            2.576         20.000      17.424     RAMB36_X1Y2      Vram/U0/inst_blk_mem_gen/gnbram.gnativebmg.native_blk_mem_gen/valid.cstr/ramloop[3].ram.r/prim_noinit.ram/DEVICE_7SERIES.NO_BMM_INFO.TRUE_DP.SIMPLE_PRIM36.ram/CLKARDCLK
Min Period        n/a     RAMB36E1/CLKARDCLK  n/a            2.576         20.000      17.424     RAMB36_X2Y2      Vram/U0/inst_blk_mem_gen/gnbram.gnativebmg.native_blk_mem_gen/valid.cstr/ramloop[4].ram.r/prim_noinit.ram/DEVICE_7SERIES.NO_BMM_INFO.TRUE_DP.SIMPLE_PRIM36.ram/CLKARDCLK
Min Period        n/a     RAMB36E1/CLKARDCLK  n/a            2.576         20.000      17.424     RAMB36_X2Y1      Vram/U0/inst_blk_mem_gen/gnbram.gnativebmg.native_blk_mem_gen/valid.cstr/ramloop[5].ram.r/prim_noinit.ram/DEVICE_7SERIES.NO_BMM_INFO.TRUE_DP.SIMPLE_PRIM36.ram/CLKARDCLK
Min Period        n/a     RAMB36E1/CLKARDCLK  n/a            2.576         20.000      17.424     RAMB36_X1Y0      Vram/U0/inst_blk_mem_gen/gnbram.gnativebmg.native_blk_mem_gen/valid.cstr/ramloop[6].ram.r/prim_noinit.ram/DEVICE_7SERIES.NO_BMM_INFO.TRUE_DP.SIMPLE_PRIM36.ram/CLKARDCLK
Min Period        n/a     RAMB36E1/CLKARDCLK  n/a            2.576         20.000      17.424     RAMB36_X1Y3      Vram/U0/inst_blk_mem_gen/gnbram.gnativebmg.native_blk_mem_gen/valid.cstr/ramloop[7].ram.r/prim_noinit.ram/DEVICE_7SERIES.NO_BMM_INFO.TRUE_DP.SIMPLE_PRIM36.ram/CLKARDCLK
Min Period        n/a     RAMB36E1/CLKARDCLK  n/a            2.576         20.000      17.424     RAMB36_X1Y1      Vram/U0/inst_blk_mem_gen/gnbram.gnativebmg.native_blk_mem_gen/valid.cstr/ramloop[8].ram.r/prim_noinit.ram/DEVICE_7SERIES.NO_BMM_INFO.TRUE_DP.SIMPLE_PRIM36.ram/CLKARDCLK
Max Period        n/a     MMCME2_ADV/CLKOUT0  n/a            213.360       20.000      193.360    MMCME2_ADV_X0Y0  clk_ip/inst/mmcm_adv_inst/CLKOUT0
Low Pulse Width   Slow    FDRE/C              n/a            0.500         10.000      9.500      SLICE_X64Y12     Vram/U0/inst_blk_mem_gen/gnbram.gnativebmg.native_blk_mem_gen/valid.cstr/has_mux_a.A/no_softecc_norm_sel2.has_mem_regs.WITHOUT_ECC_PIPE.ce_pri.sel_pipe_d1_reg[0]/C
Low Pulse Width   Fast    FDRE/C              n/a            0.500         10.000      9.500      SLICE_X64Y12     Vram/U0/inst_blk_mem_gen/gnbram.gnativebmg.native_blk_mem_gen/valid.cstr/has_mux_a.A/no_softecc_norm_sel2.has_mem_regs.WITHOUT_ECC_PIPE.ce_pri.sel_pipe_d1_reg[0]/C
Low Pulse Width   Slow    FDRE/C              n/a            0.500         10.000      9.500      SLICE_X64Y12     Vram/U0/inst_blk_mem_gen/gnbram.gnativebmg.native_blk_mem_gen/valid.cstr/has_mux_a.A/no_softecc_norm_sel2.has_mem_regs.WITHOUT_ECC_PIPE.ce_pri.sel_pipe_d1_reg[1]/C
Low Pulse Width   Fast    FDRE/C              n/a            0.500         10.000      9.500      SLICE_X64Y12     Vram/U0/inst_blk_mem_gen/gnbram.gnativebmg.native_blk_mem_gen/valid.cstr/has_mux_a.A/no_softecc_norm_sel2.has_mem_regs.WITHOUT_ECC_PIPE.ce_pri.sel_pipe_d1_reg[1]/C
Low Pulse Width   Slow    FDRE/C              n/a            0.500         10.000      9.500      SLICE_X64Y12     Vram/U0/inst_blk_mem_gen/gnbram.gnativebmg.native_blk_mem_gen/valid.cstr/has_mux_a.A/no_softecc_norm_sel2.has_mem_regs.WITHOUT_ECC_PIPE.ce_pri.sel_pipe_d1_reg[2]/C
Low Pulse Width   Fast    FDRE/C              n/a            0.500         10.000      9.500      SLICE_X64Y12     Vram/U0/inst_blk_mem_gen/gnbram.gnativebmg.native_blk_mem_gen/valid.cstr/has_mux_a.A/no_softecc_norm_sel2.has_mem_regs.WITHOUT_ECC_PIPE.ce_pri.sel_pipe_d1_reg[2]/C
Low Pulse Width   Slow    FDRE/C              n/a            0.500         10.000      9.500      SLICE_X68Y14     Vram/U0/inst_blk_mem_gen/gnbram.gnativebmg.native_blk_mem_gen/valid.cstr/has_mux_a.A/no_softecc_sel_reg.ce_pri.sel_pipe_reg[0]/C
Low Pulse Width   Fast    FDRE/C              n/a            0.500         10.000      9.500      SLICE_X68Y14     Vram/U0/inst_blk_mem_gen/gnbram.gnativebmg.native_blk_mem_gen/valid.cstr/has_mux_a.A/no_softecc_sel_reg.ce_pri.sel_pipe_reg[0]/C
Low Pulse Width   Slow    FDRE/C              n/a            0.500         10.000      9.500      SLICE_X68Y14     Vram/U0/inst_blk_mem_gen/gnbram.gnativebmg.native_blk_mem_gen/valid.cstr/has_mux_a.A/no_softecc_sel_reg.ce_pri.sel_pipe_reg[1]/C
Low Pulse Width   Fast    FDRE/C              n/a            0.500         10.000      9.500      SLICE_X68Y14     Vram/U0/inst_blk_mem_gen/gnbram.gnativebmg.native_blk_mem_gen/valid.cstr/has_mux_a.A/no_softecc_sel_reg.ce_pri.sel_pipe_reg[1]/C
High Pulse Width  Slow    FDRE/C              n/a            0.500         10.000      9.500      SLICE_X64Y12     Vram/U0/inst_blk_mem_gen/gnbram.gnativebmg.native_blk_mem_gen/valid.cstr/has_mux_a.A/no_softecc_norm_sel2.has_mem_regs.WITHOUT_ECC_PIPE.ce_pri.sel_pipe_d1_reg[0]/C
High Pulse Width  Fast    FDRE/C              n/a            0.500         10.000      9.500      SLICE_X64Y12     Vram/U0/inst_blk_mem_gen/gnbram.gnativebmg.native_blk_mem_gen/valid.cstr/has_mux_a.A/no_softecc_norm_sel2.has_mem_regs.WITHOUT_ECC_PIPE.ce_pri.sel_pipe_d1_reg[0]/C
High Pulse Width  Slow    FDRE/C              n/a            0.500         10.000      9.500      SLICE_X64Y12     Vram/U0/inst_blk_mem_gen/gnbram.gnativebmg.native_blk_mem_gen/valid.cstr/has_mux_a.A/no_softecc_norm_sel2.has_mem_regs.WITHOUT_ECC_PIPE.ce_pri.sel_pipe_d1_reg[1]/C
High Pulse Width  Fast    FDRE/C              n/a            0.500         10.000      9.500      SLICE_X64Y12     Vram/U0/inst_blk_mem_gen/gnbram.gnativebmg.native_blk_mem_gen/valid.cstr/has_mux_a.A/no_softecc_norm_sel2.has_mem_regs.WITHOUT_ECC_PIPE.ce_pri.sel_pipe_d1_reg[1]/C
High Pulse Width  Slow    FDRE/C              n/a            0.500         10.000      9.500      SLICE_X64Y12     Vram/U0/inst_blk_mem_gen/gnbram.gnativebmg.native_blk_mem_gen/valid.cstr/has_mux_a.A/no_softecc_norm_sel2.has_mem_regs.WITHOUT_ECC_PIPE.ce_pri.sel_pipe_d1_reg[2]/C
High Pulse Width  Fast    FDRE/C              n/a            0.500         10.000      9.500      SLICE_X64Y12     Vram/U0/inst_blk_mem_gen/gnbram.gnativebmg.native_blk_mem_gen/valid.cstr/has_mux_a.A/no_softecc_norm_sel2.has_mem_regs.WITHOUT_ECC_PIPE.ce_pri.sel_pipe_d1_reg[2]/C
High Pulse Width  Slow    FDRE/C              n/a            0.500         10.000      9.500      SLICE_X68Y14     Vram/U0/inst_blk_mem_gen/gnbram.gnativebmg.native_blk_mem_gen/valid.cstr/has_mux_a.A/no_softecc_sel_reg.ce_pri.sel_pipe_reg[0]/C
High Pulse Width  Fast    FDRE/C              n/a            0.500         10.000      9.500      SLICE_X68Y14     Vram/U0/inst_blk_mem_gen/gnbram.gnativebmg.native_blk_mem_gen/valid.cstr/has_mux_a.A/no_softecc_sel_reg.ce_pri.sel_pipe_reg[0]/C
High Pulse Width  Slow    FDRE/C              n/a            0.500         10.000      9.500      SLICE_X68Y14     Vram/U0/inst_blk_mem_gen/gnbram.gnativebmg.native_blk_mem_gen/valid.cstr/has_mux_a.A/no_softecc_sel_reg.ce_pri.sel_pipe_reg[1]/C
High Pulse Width  Fast    FDRE/C              n/a            0.500         10.000      9.500      SLICE_X68Y14     Vram/U0/inst_blk_mem_gen/gnbram.gnativebmg.native_blk_mem_gen/valid.cstr/has_mux_a.A/no_softecc_sel_reg.ce_pri.sel_pipe_reg[1]/C



---------------------------------------------------------------------------------------------------
From Clock:  clkfbout_pclk
  To Clock:  clkfbout_pclk

Setup :           NA  Failing Endpoints,  Worst Slack           NA  ,  Total Violation           NA
Hold  :           NA  Failing Endpoints,  Worst Slack           NA  ,  Total Violation           NA
PW    :            0  Failing Endpoints,  Worst Slack        7.845ns,  Total Violation        0.000ns
---------------------------------------------------------------------------------------------------


Pulse Width Checks
--------------------------------------------------------------------------------------
Clock Name:         clkfbout_pclk
Waveform(ns):       { 0.000 5.000 }
Period(ns):         10.000
Sources:            { clk_ip/inst/mmcm_adv_inst/CLKFBOUT }

Check Type  Corner  Lib Pin              Reference Pin  Required(ns)  Actual(ns)  Slack(ns)  Location         Pin
Min Period  n/a     BUFG/I               n/a            2.155         10.000      7.845      BUFGCTRL_X0Y1    clk_ip/inst/clkf_buf/I
Min Period  n/a     MMCME2_ADV/CLKFBOUT  n/a            1.249         10.000      8.751      MMCME2_ADV_X0Y0  clk_ip/inst/mmcm_adv_inst/CLKFBOUT
Min Period  n/a     MMCME2_ADV/CLKFBIN   n/a            1.249         10.000      8.751      MMCME2_ADV_X0Y0  clk_ip/inst/mmcm_adv_inst/CLKFBIN
Max Period  n/a     MMCME2_ADV/CLKFBIN   n/a            100.000       10.000      90.000     MMCME2_ADV_X0Y0  clk_ip/inst/mmcm_adv_inst/CLKFBIN
Max Period  n/a     MMCME2_ADV/CLKFBOUT  n/a            213.360       10.000      203.360    MMCME2_ADV_X0Y0  clk_ip/inst/mmcm_adv_inst/CLKFBOUT



---------------------------------------------------------------------------------------------------
From Clock:  sys_clk_pin
  To Clock:  sys_clk_pin

Setup :           30  Failing Endpoints,  Worst Slack       -0.496ns,  Total Violation       -4.239ns
Hold  :            0  Failing Endpoints,  Worst Slack        0.140ns,  Total Violation        0.000ns
PW    :            0  Failing Endpoints,  Worst Slack        4.500ns,  Total Violation        0.000ns
---------------------------------------------------------------------------------------------------


Max Delay Paths
--------------------------------------------------------------------------------------
Slack (VIOLATED) :        -0.496ns  (required time - arrival time)
  Source:                 game_logic/score_reg[3]/C
                            (rising edge-triggered cell FDCE clocked by sys_clk_pin  {rise@0.000ns fall@5.000ns period=10.000ns})
  Destination:            rend/data_in_reg[10]/S
                            (rising edge-triggered cell FDSE clocked by sys_clk_pin  {rise@0.000ns fall@5.000ns period=10.000ns})
  Path Group:             sys_clk_pin
  Path Type:              Setup (Max at Slow Process Corner)
  Requirement:            10.000ns  (sys_clk_pin rise@10.000ns - sys_clk_pin rise@0.000ns)
  Data Path Delay:        9.988ns  (logic 4.348ns (43.534%)  route 5.640ns (56.466%))
  Logic Levels:           15  (CARRY4=5 LUT2=1 LUT4=2 LUT6=5 MUXF7=1 MUXF8=1)
  Clock Path Skew:        -0.044ns (DCD - SCD + CPR)
    Destination Clock Delay (DCD):    5.081ns = ( 15.081 - 10.000 ) 
    Source Clock Delay      (SCD):    5.393ns
    Clock Pessimism Removal (CPR):    0.267ns
  Clock Uncertainty:      0.035ns  ((TSJ^2 + TIJ^2)^1/2 + DJ) / 2 + PE
    Total System Jitter     (TSJ):    0.071ns
    Total Input Jitter      (TIJ):    0.000ns
    Discrete Jitter          (DJ):    0.000ns
    Phase Error              (PE):    0.000ns

    Location             Delay type                Incr(ns)  Path(ns)    Netlist Resource(s)
  -------------------------------------------------------------------    -------------------
                         (clock sys_clk_pin rise edge)
                                                      0.000     0.000 r  
    E3                                                0.000     0.000 r  clk (IN)
                         net (fo=0)                   0.000     0.000    clk
    E3                   IBUF (Prop_ibuf_I_O)         1.482     1.482 r  clk_IBUF_inst/O
                         net (fo=1, routed)           2.025     3.506    clk_IBUF
    BUFGCTRL_X0Y16       BUFG (Prop_bufg_I_O)         0.096     3.602 r  clk_IBUF_BUFG_inst/O
                         net (fo=404, routed)         1.790     5.393    game_logic/clk
    SLICE_X61Y29         FDCE                                         r  game_logic/score_reg[3]/C
  -------------------------------------------------------------------    -------------------
    SLICE_X61Y29         FDCE (Prop_fdce_C_Q)         0.456     5.849 r  game_logic/score_reg[3]/Q
                         net (fo=19, routed)          0.658     6.506    game_logic/score_reg[10]_0[2]
    SLICE_X59Y27         LUT2 (Prop_lut2_I0_O)        0.124     6.630 r  game_logic/i__carry_i_2__8/O
                         net (fo=1, routed)           0.000     6.630    rend/data_in4_inferred__1/i__carry__0_0[1]
    SLICE_X59Y27         CARRY4 (Prop_carry4_S[2]_CO[3])
                                                      0.398     7.028 r  rend/data_in4_inferred__1/i__carry/CO[3]
                         net (fo=1, routed)           0.000     7.028    rend/data_in4_inferred__1/i__carry_n_0
    SLICE_X59Y28         CARRY4 (Prop_carry4_CI_CO[3])
                                                      0.114     7.142 r  rend/data_in4_inferred__1/i__carry__0/CO[3]
                         net (fo=1, routed)           0.000     7.142    rend/data_in4_inferred__1/i__carry__0_n_0
    SLICE_X59Y29         CARRY4 (Prop_carry4_CI_O[3])
                                                      0.313     7.455 r  rend/data_in4_inferred__1/i__carry__1/O[3]
                         net (fo=11, routed)          0.854     8.309    game_logic/O[3]
    SLICE_X58Y30         LUT4 (Prop_lut4_I1_O)        0.306     8.615 r  game_logic/i___25_carry_i_6/O
                         net (fo=1, routed)           0.000     8.615    rend/i___40_carry_i_5_0[1]
    SLICE_X58Y30         CARRY4 (Prop_carry4_S[1]_O[3])
                                                      0.643     9.258 r  rend/data_in4_inferred__1/i___25_carry/O[3]
                         net (fo=3, routed)           0.608     9.866    game_logic/data_in4_inferred__1/i___40_carry__0[3]
    SLICE_X58Y29         LUT4 (Prop_lut4_I2_O)        0.307    10.173 r  game_logic/i___40_carry__0_i_7/O
                         net (fo=1, routed)           0.000    10.173    rend/data_in[11]_i_125_0[1]
    SLICE_X58Y29         CARRY4 (Prop_carry4_S[1]_CO[3])
                                                      0.533    10.706 r  rend/data_in4_inferred__1/i___40_carry__0/CO[3]
                         net (fo=4, routed)           0.826    11.532    game_logic/data_in[11]_i_59_1[0]
    SLICE_X60Y30         LUT6 (Prop_lut6_I4_O)        0.124    11.656 r  game_logic/data_in[11]_i_58_comp/O
                         net (fo=21, routed)          1.088    12.744    game_logic/data_in[11]_i_58_n_0
    SLICE_X54Y30         LUT6 (Prop_lut6_I2_O)        0.124    12.868 r  game_logic/data_in[11]_i_160/O
                         net (fo=1, routed)           0.000    12.868    game_logic/data_in[11]_i_160_n_0
    SLICE_X54Y30         MUXF7 (Prop_muxf7_I0_O)      0.241    13.109 r  game_logic/data_in_reg[11]_i_121/O
                         net (fo=1, routed)           0.000    13.109    game_logic/data_in_reg[11]_i_121_n_0
    SLICE_X54Y30         MUXF8 (Prop_muxf8_I0_O)      0.098    13.207 r  game_logic/data_in_reg[11]_i_56/O
                         net (fo=1, routed)           0.808    14.014    game_logic/data_in_reg[11]_i_56_n_0
    SLICE_X56Y29         LUT6 (Prop_lut6_I5_O)        0.319    14.333 r  game_logic/data_in[11]_i_23/O
                         net (fo=2, routed)           0.299    14.632    game_logic/data_in[11]_i_23_n_0
    SLICE_X56Y29         LUT6 (Prop_lut6_I0_O)        0.124    14.756 r  game_logic/data_in[11]_i_7/O
                         net (fo=1, routed)           0.161    14.917    game_logic/data_in[11]_i_7_n_0
    SLICE_X56Y29         LUT6 (Prop_lut6_I5_O)        0.124    15.041 r  game_logic/data_in[11]_i_1/O
                         net (fo=4, routed)           0.339    15.380    rend/data_in_reg[8]_2
    SLICE_X57Y30         FDSE                                         r  rend/data_in_reg[10]/S
  -------------------------------------------------------------------    -------------------

                         (clock sys_clk_pin rise edge)
                                                     10.000    10.000 r  
    E3                                                0.000    10.000 r  clk (IN)
                         net (fo=0)                   0.000    10.000    clk
    E3                   IBUF (Prop_ibuf_I_O)         1.411    11.411 r  clk_IBUF_inst/O
                         net (fo=1, routed)           1.920    13.331    clk_IBUF
    BUFGCTRL_X0Y16       BUFG (Prop_bufg_I_O)         0.091    13.422 r  clk_IBUF_BUFG_inst/O
                         net (fo=404, routed)         1.659    15.081    rend/clk
    SLICE_X57Y30         FDSE                                         r  rend/data_in_reg[10]/C
                         clock pessimism              0.267    15.349    
                         clock uncertainty           -0.035    15.313    
    SLICE_X57Y30         FDSE (Setup_fdse_C_S)       -0.429    14.884    rend/data_in_reg[10]
  -------------------------------------------------------------------
                         required time                         14.884    
                         arrival time                         -15.380    
  -------------------------------------------------------------------
                         slack                                 -0.496    

Slack (VIOLATED) :        -0.496ns  (required time - arrival time)
  Source:                 game_logic/score_reg[3]/C
                            (rising edge-triggered cell FDCE clocked by sys_clk_pin  {rise@0.000ns fall@5.000ns period=10.000ns})
  Destination:            rend/data_in_reg[11]/S
                            (rising edge-triggered cell FDSE clocked by sys_clk_pin  {rise@0.000ns fall@5.000ns period=10.000ns})
  Path Group:             sys_clk_pin
  Path Type:              Setup (Max at Slow Process Corner)
  Requirement:            10.000ns  (sys_clk_pin rise@10.000ns - sys_clk_pin rise@0.000ns)
  Data Path Delay:        9.988ns  (logic 4.348ns (43.534%)  route 5.640ns (56.466%))
  Logic Levels:           15  (CARRY4=5 LUT2=1 LUT4=2 LUT6=5 MUXF7=1 MUXF8=1)
  Clock Path Skew:        -0.044ns (DCD - SCD + CPR)
    Destination Clock Delay (DCD):    5.081ns = ( 15.081 - 10.000 ) 
    Source Clock Delay      (SCD):    5.393ns
    Clock Pessimism Removal (CPR):    0.267ns
  Clock Uncertainty:      0.035ns  ((TSJ^2 + TIJ^2)^1/2 + DJ) / 2 + PE
    Total System Jitter     (TSJ):    0.071ns
    Total Input Jitter      (TIJ):    0.000ns
    Discrete Jitter          (DJ):    0.000ns
    Phase Error              (PE):    0.000ns

    Location             Delay type                Incr(ns)  Path(ns)    Netlist Resource(s)
  -------------------------------------------------------------------    -------------------
                         (clock sys_clk_pin rise edge)
                                                      0.000     0.000 r  
    E3                                                0.000     0.000 r  clk (IN)
                         net (fo=0)                   0.000     0.000    clk
    E3                   IBUF (Prop_ibuf_I_O)         1.482     1.482 r  clk_IBUF_inst/O
                         net (fo=1, routed)           2.025     3.506    clk_IBUF
    BUFGCTRL_X0Y16       BUFG (Prop_bufg_I_O)         0.096     3.602 r  clk_IBUF_BUFG_inst/O
                         net (fo=404, routed)         1.790     5.393    game_logic/clk
    SLICE_X61Y29         FDCE                                         r  game_logic/score_reg[3]/C
  -------------------------------------------------------------------    -------------------
    SLICE_X61Y29         FDCE (Prop_fdce_C_Q)         0.456     5.849 r  game_logic/score_reg[3]/Q
                         net (fo=19, routed)          0.658     6.506    game_logic/score_reg[10]_0[2]
    SLICE_X59Y27         LUT2 (Prop_lut2_I0_O)        0.124     6.630 r  game_logic/i__carry_i_2__8/O
                         net (fo=1, routed)           0.000     6.630    rend/data_in4_inferred__1/i__carry__0_0[1]
    SLICE_X59Y27         CARRY4 (Prop_carry4_S[2]_CO[3])
                                                      0.398     7.028 r  rend/data_in4_inferred__1/i__carry/CO[3]
                         net (fo=1, routed)           0.000     7.028    rend/data_in4_inferred__1/i__carry_n_0
    SLICE_X59Y28         CARRY4 (Prop_carry4_CI_CO[3])
                                                      0.114     7.142 r  rend/data_in4_inferred__1/i__carry__0/CO[3]
                         net (fo=1, routed)           0.000     7.142    rend/data_in4_inferred__1/i__carry__0_n_0
    SLICE_X59Y29         CARRY4 (Prop_carry4_CI_O[3])
                                                      0.313     7.455 r  rend/data_in4_inferred__1/i__carry__1/O[3]
                         net (fo=11, routed)          0.854     8.309    game_logic/O[3]
    SLICE_X58Y30         LUT4 (Prop_lut4_I1_O)        0.306     8.615 r  game_logic/i___25_carry_i_6/O
                         net (fo=1, routed)           0.000     8.615    rend/i___40_carry_i_5_0[1]
    SLICE_X58Y30         CARRY4 (Prop_carry4_S[1]_O[3])
                                                      0.643     9.258 r  rend/data_in4_inferred__1/i___25_carry/O[3]
                         net (fo=3, routed)           0.608     9.866    game_logic/data_in4_inferred__1/i___40_carry__0[3]
    SLICE_X58Y29         LUT4 (Prop_lut4_I2_O)        0.307    10.173 r  game_logic/i___40_carry__0_i_7/O
                         net (fo=1, routed)           0.000    10.173    rend/data_in[11]_i_125_0[1]
    SLICE_X58Y29         CARRY4 (Prop_carry4_S[1]_CO[3])
                                                      0.533    10.706 r  rend/data_in4_inferred__1/i___40_carry__0/CO[3]
                         net (fo=4, routed)           0.826    11.532    game_logic/data_in[11]_i_59_1[0]
    SLICE_X60Y30         LUT6 (Prop_lut6_I4_O)        0.124    11.656 r  game_logic/data_in[11]_i_58_comp/O
                         net (fo=21, routed)          1.088    12.744    game_logic/data_in[11]_i_58_n_0
    SLICE_X54Y30         LUT6 (Prop_lut6_I2_O)        0.124    12.868 r  game_logic/data_in[11]_i_160/O
                         net (fo=1, routed)           0.000    12.868    game_logic/data_in[11]_i_160_n_0
    SLICE_X54Y30         MUXF7 (Prop_muxf7_I0_O)      0.241    13.109 r  game_logic/data_in_reg[11]_i_121/O
                         net (fo=1, routed)           0.000    13.109    game_logic/data_in_reg[11]_i_121_n_0
    SLICE_X54Y30         MUXF8 (Prop_muxf8_I0_O)      0.098    13.207 r  game_logic/data_in_reg[11]_i_56/O
                         net (fo=1, routed)           0.808    14.014    game_logic/data_in_reg[11]_i_56_n_0
    SLICE_X56Y29         LUT6 (Prop_lut6_I5_O)        0.319    14.333 r  game_logic/data_in[11]_i_23/O
                         net (fo=2, routed)           0.299    14.632    game_logic/data_in[11]_i_23_n_0
    SLICE_X56Y29         LUT6 (Prop_lut6_I0_O)        0.124    14.756 r  game_logic/data_in[11]_i_7/O
                         net (fo=1, routed)           0.161    14.917    game_logic/data_in[11]_i_7_n_0
    SLICE_X56Y29         LUT6 (Prop_lut6_I5_O)        0.124    15.041 r  game_logic/data_in[11]_i_1/O
                         net (fo=4, routed)           0.339    15.380    rend/data_in_reg[8]_2
    SLICE_X57Y30         FDSE                                         r  rend/data_in_reg[11]/S
  -------------------------------------------------------------------    -------------------

                         (clock sys_clk_pin rise edge)
                                                     10.000    10.000 r  
    E3                                                0.000    10.000 r  clk (IN)
                         net (fo=0)                   0.000    10.000    clk
    E3                   IBUF (Prop_ibuf_I_O)         1.411    11.411 r  clk_IBUF_inst/O
                         net (fo=1, routed)           1.920    13.331    clk_IBUF
    BUFGCTRL_X0Y16       BUFG (Prop_bufg_I_O)         0.091    13.422 r  clk_IBUF_BUFG_inst/O
                         net (fo=404, routed)         1.659    15.081    rend/clk
    SLICE_X57Y30         FDSE                                         r  rend/data_in_reg[11]/C
                         clock pessimism              0.267    15.349    
                         clock uncertainty           -0.035    15.313    
    SLICE_X57Y30         FDSE (Setup_fdse_C_S)       -0.429    14.884    rend/data_in_reg[11]
  -------------------------------------------------------------------
                         required time                         14.884    
                         arrival time                         -15.380    
  -------------------------------------------------------------------
                         slack                                 -0.496    

Slack (VIOLATED) :        -0.496ns  (required time - arrival time)
  Source:                 game_logic/score_reg[3]/C
                            (rising edge-triggered cell FDCE clocked by sys_clk_pin  {rise@0.000ns fall@5.000ns period=10.000ns})
  Destination:            rend/data_in_reg[8]/S
                            (rising edge-triggered cell FDSE clocked by sys_clk_pin  {rise@0.000ns fall@5.000ns period=10.000ns})
  Path Group:             sys_clk_pin
  Path Type:              Setup (Max at Slow Process Corner)
  Requirement:            10.000ns  (sys_clk_pin rise@10.000ns - sys_clk_pin rise@0.000ns)
  Data Path Delay:        9.988ns  (logic 4.348ns (43.534%)  route 5.640ns (56.466%))
  Logic Levels:           15  (CARRY4=5 LUT2=1 LUT4=2 LUT6=5 MUXF7=1 MUXF8=1)
  Clock Path Skew:        -0.044ns (DCD - SCD + CPR)
    Destination Clock Delay (DCD):    5.081ns = ( 15.081 - 10.000 ) 
    Source Clock Delay      (SCD):    5.393ns
    Clock Pessimism Removal (CPR):    0.267ns
  Clock Uncertainty:      0.035ns  ((TSJ^2 + TIJ^2)^1/2 + DJ) / 2 + PE
    Total System Jitter     (TSJ):    0.071ns
    Total Input Jitter      (TIJ):    0.000ns
    Discrete Jitter          (DJ):    0.000ns
    Phase Error              (PE):    0.000ns

    Location             Delay type                Incr(ns)  Path(ns)    Netlist Resource(s)
  -------------------------------------------------------------------    -------------------
                         (clock sys_clk_pin rise edge)
                                                      0.000     0.000 r  
    E3                                                0.000     0.000 r  clk (IN)
                         net (fo=0)                   0.000     0.000    clk
    E3                   IBUF (Prop_ibuf_I_O)         1.482     1.482 r  clk_IBUF_inst/O
                         net (fo=1, routed)           2.025     3.506    clk_IBUF
    BUFGCTRL_X0Y16       BUFG (Prop_bufg_I_O)         0.096     3.602 r  clk_IBUF_BUFG_inst/O
                         net (fo=404, routed)         1.790     5.393    game_logic/clk
    SLICE_X61Y29         FDCE                                         r  game_logic/score_reg[3]/C
  -------------------------------------------------------------------    -------------------
    SLICE_X61Y29         FDCE (Prop_fdce_C_Q)         0.456     5.849 r  game_logic/score_reg[3]/Q
                         net (fo=19, routed)          0.658     6.506    game_logic/score_reg[10]_0[2]
    SLICE_X59Y27         LUT2 (Prop_lut2_I0_O)        0.124     6.630 r  game_logic/i__carry_i_2__8/O
                         net (fo=1, routed)           0.000     6.630    rend/data_in4_inferred__1/i__carry__0_0[1]
    SLICE_X59Y27         CARRY4 (Prop_carry4_S[2]_CO[3])
                                                      0.398     7.028 r  rend/data_in4_inferred__1/i__carry/CO[3]
                         net (fo=1, routed)           0.000     7.028    rend/data_in4_inferred__1/i__carry_n_0
    SLICE_X59Y28         CARRY4 (Prop_carry4_CI_CO[3])
                                                      0.114     7.142 r  rend/data_in4_inferred__1/i__carry__0/CO[3]
                         net (fo=1, routed)           0.000     7.142    rend/data_in4_inferred__1/i__carry__0_n_0
    SLICE_X59Y29         CARRY4 (Prop_carry4_CI_O[3])
                                                      0.313     7.455 r  rend/data_in4_inferred__1/i__carry__1/O[3]
                         net (fo=11, routed)          0.854     8.309    game_logic/O[3]
    SLICE_X58Y30         LUT4 (Prop_lut4_I1_O)        0.306     8.615 r  game_logic/i___25_carry_i_6/O
                         net (fo=1, routed)           0.000     8.615    rend/i___40_carry_i_5_0[1]
    SLICE_X58Y30         CARRY4 (Prop_carry4_S[1]_O[3])
                                                      0.643     9.258 r  rend/data_in4_inferred__1/i___25_carry/O[3]
                         net (fo=3, routed)           0.608     9.866    game_logic/data_in4_inferred__1/i___40_carry__0[3]
    SLICE_X58Y29         LUT4 (Prop_lut4_I2_O)        0.307    10.173 r  game_logic/i___40_carry__0_i_7/O
                         net (fo=1, routed)           0.000    10.173    rend/data_in[11]_i_125_0[1]
    SLICE_X58Y29         CARRY4 (Prop_carry4_S[1]_CO[3])
                                                      0.533    10.706 r  rend/data_in4_inferred__1/i___40_carry__0/CO[3]
                         net (fo=4, routed)           0.826    11.532    game_logic/data_in[11]_i_59_1[0]
    SLICE_X60Y30         LUT6 (Prop_lut6_I4_O)        0.124    11.656 r  game_logic/data_in[11]_i_58_comp/O
                         net (fo=21, routed)          1.088    12.744    game_logic/data_in[11]_i_58_n_0
    SLICE_X54Y30         LUT6 (Prop_lut6_I2_O)        0.124    12.868 r  game_logic/data_in[11]_i_160/O
                         net (fo=1, routed)           0.000    12.868    game_logic/data_in[11]_i_160_n_0
    SLICE_X54Y30         MUXF7 (Prop_muxf7_I0_O)      0.241    13.109 r  game_logic/data_in_reg[11]_i_121/O
                         net (fo=1, routed)           0.000    13.109    game_logic/data_in_reg[11]_i_121_n_0
    SLICE_X54Y30         MUXF8 (Prop_muxf8_I0_O)      0.098    13.207 r  game_logic/data_in_reg[11]_i_56/O
                         net (fo=1, routed)           0.808    14.014    game_logic/data_in_reg[11]_i_56_n_0
    SLICE_X56Y29         LUT6 (Prop_lut6_I5_O)        0.319    14.333 r  game_logic/data_in[11]_i_23/O
                         net (fo=2, routed)           0.299    14.632    game_logic/data_in[11]_i_23_n_0
    SLICE_X56Y29         LUT6 (Prop_lut6_I0_O)        0.124    14.756 r  game_logic/data_in[11]_i_7/O
                         net (fo=1, routed)           0.161    14.917    game_logic/data_in[11]_i_7_n_0
    SLICE_X56Y29         LUT6 (Prop_lut6_I5_O)        0.124    15.041 r  game_logic/data_in[11]_i_1/O
                         net (fo=4, routed)           0.339    15.380    rend/data_in_reg[8]_2
    SLICE_X57Y30         FDSE                                         r  rend/data_in_reg[8]/S
  -------------------------------------------------------------------    -------------------

                         (clock sys_clk_pin rise edge)
                                                     10.000    10.000 r  
    E3                                                0.000    10.000 r  clk (IN)
                         net (fo=0)                   0.000    10.000    clk
    E3                   IBUF (Prop_ibuf_I_O)         1.411    11.411 r  clk_IBUF_inst/O
                         net (fo=1, routed)           1.920    13.331    clk_IBUF
    BUFGCTRL_X0Y16       BUFG (Prop_bufg_I_O)         0.091    13.422 r  clk_IBUF_BUFG_inst/O
                         net (fo=404, routed)         1.659    15.081    rend/clk
    SLICE_X57Y30         FDSE                                         r  rend/data_in_reg[8]/C
                         clock pessimism              0.267    15.349    
                         clock uncertainty           -0.035    15.313    
    SLICE_X57Y30         FDSE (Setup_fdse_C_S)       -0.429    14.884    rend/data_in_reg[8]
  -------------------------------------------------------------------
                         required time                         14.884    
                         arrival time                         -15.380    
  -------------------------------------------------------------------
                         slack                                 -0.496    

Slack (VIOLATED) :        -0.496ns  (required time - arrival time)
  Source:                 game_logic/score_reg[3]/C
                            (rising edge-triggered cell FDCE clocked by sys_clk_pin  {rise@0.000ns fall@5.000ns period=10.000ns})
  Destination:            rend/data_in_reg[9]/S
                            (rising edge-triggered cell FDSE clocked by sys_clk_pin  {rise@0.000ns fall@5.000ns period=10.000ns})
  Path Group:             sys_clk_pin
  Path Type:              Setup (Max at Slow Process Corner)
  Requirement:            10.000ns  (sys_clk_pin rise@10.000ns - sys_clk_pin rise@0.000ns)
  Data Path Delay:        9.988ns  (logic 4.348ns (43.534%)  route 5.640ns (56.466%))
  Logic Levels:           15  (CARRY4=5 LUT2=1 LUT4=2 LUT6=5 MUXF7=1 MUXF8=1)
  Clock Path Skew:        -0.044ns (DCD - SCD + CPR)
    Destination Clock Delay (DCD):    5.081ns = ( 15.081 - 10.000 ) 
    Source Clock Delay      (SCD):    5.393ns
    Clock Pessimism Removal (CPR):    0.267ns
  Clock Uncertainty:      0.035ns  ((TSJ^2 + TIJ^2)^1/2 + DJ) / 2 + PE
    Total System Jitter     (TSJ):    0.071ns
    Total Input Jitter      (TIJ):    0.000ns
    Discrete Jitter          (DJ):    0.000ns
    Phase Error              (PE):    0.000ns

    Location             Delay type                Incr(ns)  Path(ns)    Netlist Resource(s)
  -------------------------------------------------------------------    -------------------
                         (clock sys_clk_pin rise edge)
                                                      0.000     0.000 r  
    E3                                                0.000     0.000 r  clk (IN)
                         net (fo=0)                   0.000     0.000    clk
    E3                   IBUF (Prop_ibuf_I_O)         1.482     1.482 r  clk_IBUF_inst/O
                         net (fo=1, routed)           2.025     3.506    clk_IBUF
    BUFGCTRL_X0Y16       BUFG (Prop_bufg_I_O)         0.096     3.602 r  clk_IBUF_BUFG_inst/O
                         net (fo=404, routed)         1.790     5.393    game_logic/clk
    SLICE_X61Y29         FDCE                                         r  game_logic/score_reg[3]/C
  -------------------------------------------------------------------    -------------------
    SLICE_X61Y29         FDCE (Prop_fdce_C_Q)         0.456     5.849 r  game_logic/score_reg[3]/Q
                         net (fo=19, routed)          0.658     6.506    game_logic/score_reg[10]_0[2]
    SLICE_X59Y27         LUT2 (Prop_lut2_I0_O)        0.124     6.630 r  game_logic/i__carry_i_2__8/O
                         net (fo=1, routed)           0.000     6.630    rend/data_in4_inferred__1/i__carry__0_0[1]
    SLICE_X59Y27         CARRY4 (Prop_carry4_S[2]_CO[3])
                                                      0.398     7.028 r  rend/data_in4_inferred__1/i__carry/CO[3]
                         net (fo=1, routed)           0.000     7.028    rend/data_in4_inferred__1/i__carry_n_0
    SLICE_X59Y28         CARRY4 (Prop_carry4_CI_CO[3])
                                                      0.114     7.142 r  rend/data_in4_inferred__1/i__carry__0/CO[3]
                         net (fo=1, routed)           0.000     7.142    rend/data_in4_inferred__1/i__carry__0_n_0
    SLICE_X59Y29         CARRY4 (Prop_carry4_CI_O[3])
                                                      0.313     7.455 r  rend/data_in4_inferred__1/i__carry__1/O[3]
                         net (fo=11, routed)          0.854     8.309    game_logic/O[3]
    SLICE_X58Y30         LUT4 (Prop_lut4_I1_O)        0.306     8.615 r  game_logic/i___25_carry_i_6/O
                         net (fo=1, routed)           0.000     8.615    rend/i___40_carry_i_5_0[1]
    SLICE_X58Y30         CARRY4 (Prop_carry4_S[1]_O[3])
                                                      0.643     9.258 r  rend/data_in4_inferred__1/i___25_carry/O[3]
                         net (fo=3, routed)           0.608     9.866    game_logic/data_in4_inferred__1/i___40_carry__0[3]
    SLICE_X58Y29         LUT4 (Prop_lut4_I2_O)        0.307    10.173 r  game_logic/i___40_carry__0_i_7/O
                         net (fo=1, routed)           0.000    10.173    rend/data_in[11]_i_125_0[1]
    SLICE_X58Y29         CARRY4 (Prop_carry4_S[1]_CO[3])
                                                      0.533    10.706 r  rend/data_in4_inferred__1/i___40_carry__0/CO[3]
                         net (fo=4, routed)           0.826    11.532    game_logic/data_in[11]_i_59_1[0]
    SLICE_X60Y30         LUT6 (Prop_lut6_I4_O)        0.124    11.656 r  game_logic/data_in[11]_i_58_comp/O
                         net (fo=21, routed)          1.088    12.744    game_logic/data_in[11]_i_58_n_0
    SLICE_X54Y30         LUT6 (Prop_lut6_I2_O)        0.124    12.868 r  game_logic/data_in[11]_i_160/O
                         net (fo=1, routed)           0.000    12.868    game_logic/data_in[11]_i_160_n_0
    SLICE_X54Y30         MUXF7 (Prop_muxf7_I0_O)      0.241    13.109 r  game_logic/data_in_reg[11]_i_121/O
                         net (fo=1, routed)           0.000    13.109    game_logic/data_in_reg[11]_i_121_n_0
    SLICE_X54Y30         MUXF8 (Prop_muxf8_I0_O)      0.098    13.207 r  game_logic/data_in_reg[11]_i_56/O
                         net (fo=1, routed)           0.808    14.014    game_logic/data_in_reg[11]_i_56_n_0
    SLICE_X56Y29         LUT6 (Prop_lut6_I5_O)        0.319    14.333 r  game_logic/data_in[11]_i_23/O
                         net (fo=2, routed)           0.299    14.632    game_logic/data_in[11]_i_23_n_0
    SLICE_X56Y29         LUT6 (Prop_lut6_I0_O)        0.124    14.756 r  game_logic/data_in[11]_i_7/O
                         net (fo=1, routed)           0.161    14.917    game_logic/data_in[11]_i_7_n_0
    SLICE_X56Y29         LUT6 (Prop_lut6_I5_O)        0.124    15.041 r  game_logic/data_in[11]_i_1/O
                         net (fo=4, routed)           0.339    15.380    rend/data_in_reg[8]_2
    SLICE_X57Y30         FDSE                                         r  rend/data_in_reg[9]/S
  -------------------------------------------------------------------    -------------------

                         (clock sys_clk_pin rise edge)
                                                     10.000    10.000 r  
    E3                                                0.000    10.000 r  clk (IN)
                         net (fo=0)                   0.000    10.000    clk
    E3                   IBUF (Prop_ibuf_I_O)         1.411    11.411 r  clk_IBUF_inst/O
                         net (fo=1, routed)           1.920    13.331    clk_IBUF
    BUFGCTRL_X0Y16       BUFG (Prop_bufg_I_O)         0.091    13.422 r  clk_IBUF_BUFG_inst/O
                         net (fo=404, routed)         1.659    15.081    rend/clk
    SLICE_X57Y30         FDSE                                         r  rend/data_in_reg[9]/C
                         clock pessimism              0.267    15.349    
                         clock uncertainty           -0.035    15.313    
    SLICE_X57Y30         FDSE (Setup_fdse_C_S)       -0.429    14.884    rend/data_in_reg[9]
  -------------------------------------------------------------------
                         required time                         14.884    
                         arrival time                         -15.380    
  -------------------------------------------------------------------
                         slack                                 -0.496    

Slack (VIOLATED) :        -0.320ns  (required time - arrival time)
  Source:                 game_logic/cur_x_reg[1]/C
                            (rising edge-triggered cell FDCE clocked by sys_clk_pin  {rise@0.000ns fall@5.000ns period=10.000ns})
  Destination:            game_logic/board_reg[103]/D
                            (rising edge-triggered cell FDCE clocked by sys_clk_pin  {rise@0.000ns fall@5.000ns period=10.000ns})
  Path Group:             sys_clk_pin
  Path Type:              Setup (Max at Slow Process Corner)
  Requirement:            10.000ns  (sys_clk_pin rise@10.000ns - sys_clk_pin rise@0.000ns)
  Data Path Delay:        10.367ns  (logic 2.312ns (22.302%)  route 8.055ns (77.698%))
  Logic Levels:           12  (CARRY4=4 LUT2=1 LUT4=1 LUT6=6)
  Clock Path Skew:        0.005ns (DCD - SCD + CPR)
    Destination Clock Delay (DCD):    5.144ns = ( 15.144 - 10.000 ) 
    Source Clock Delay      (SCD):    5.407ns
    Clock Pessimism Removal (CPR):    0.267ns
  Clock Uncertainty:      0.035ns  ((TSJ^2 + TIJ^2)^1/2 + DJ) / 2 + PE
    Total System Jitter     (TSJ):    0.071ns
    Total Input Jitter      (TIJ):    0.000ns
    Discrete Jitter          (DJ):    0.000ns
    Phase Error              (PE):    0.000ns

    Location             Delay type                Incr(ns)  Path(ns)    Netlist Resource(s)
  -------------------------------------------------------------------    -------------------
                         (clock sys_clk_pin rise edge)
                                                      0.000     0.000 r  
    E3                                                0.000     0.000 r  clk (IN)
                         net (fo=0)                   0.000     0.000    clk
    E3                   IBUF (Prop_ibuf_I_O)         1.482     1.482 r  clk_IBUF_inst/O
                         net (fo=1, routed)           2.025     3.506    clk_IBUF
    BUFGCTRL_X0Y16       BUFG (Prop_bufg_I_O)         0.096     3.602 r  clk_IBUF_BUFG_inst/O
                         net (fo=404, routed)         1.804     5.407    game_logic/clk
    SLICE_X67Y40         FDCE                                         r  game_logic/cur_x_reg[1]/C
  -------------------------------------------------------------------    -------------------
    SLICE_X67Y40         FDCE (Prop_fdce_C_Q)         0.456     5.863 r  game_logic/cur_x_reg[1]/Q
                         net (fo=153, routed)         1.215     7.078    game_logic/cur_x[1]
    SLICE_X58Y40         LUT2 (Prop_lut2_I0_O)        0.124     7.202 r  game_logic/board[117]_i_58/O
                         net (fo=1, routed)           0.000     7.202    game_logic/board[117]_i_58_n_0
    SLICE_X58Y40         CARRY4 (Prop_carry4_S[0]_CO[3])
                                                      0.513     7.715 r  game_logic/board_reg[117]_i_48/CO[3]
                         net (fo=1, routed)           0.000     7.715    game_logic/board_reg[117]_i_48_n_0
    SLICE_X58Y41         CARRY4 (Prop_carry4_CI_CO[3])
                                                      0.117     7.832 r  game_logic/board_reg[117]_i_43/CO[3]
                         net (fo=1, routed)           0.000     7.832    game_logic/board_reg[117]_i_43_n_0
    SLICE_X58Y42         CARRY4 (Prop_carry4_CI_CO[3])
                                                      0.117     7.949 r  game_logic/board_reg[117]_i_38/CO[3]
                         net (fo=1, routed)           0.000     7.949    game_logic/board_reg[117]_i_38_n_0
    SLICE_X58Y43         CARRY4 (Prop_carry4_CI_CO[3])
                                                      0.117     8.066 f  game_logic/board_reg[117]_i_33/CO[3]
                         net (fo=7, routed)           1.359     9.425    game_logic/board422_in
    SLICE_X60Y47         LUT4 (Prop_lut4_I0_O)        0.124     9.549 f  game_logic/board[146]_i_30/O
                         net (fo=15, routed)          1.422    10.971    game_logic/board[146]_i_30_n_0
    SLICE_X67Y54         LUT6 (Prop_lut6_I5_O)        0.124    11.095 r  game_logic/board[111]_i_16/O
                         net (fo=12, routed)          1.336    12.431    game_logic/board[111]_i_16_n_0
    SLICE_X76Y58         LUT6 (Prop_lut6_I1_O)        0.124    12.555 f  game_logic/board[103]_i_10/O
                         net (fo=1, routed)           0.591    13.147    game_logic/board[103]_i_10_n_0
    SLICE_X76Y57         LUT6 (Prop_lut6_I5_O)        0.124    13.271 f  game_logic/board[103]_i_8/O
                         net (fo=1, routed)           0.492    13.763    game_logic/board[103]_i_8_n_0
    SLICE_X76Y56         LUT6 (Prop_lut6_I5_O)        0.124    13.887 f  game_logic/board[103]_i_4/O
                         net (fo=1, routed)           0.811    14.698    game_logic/board[103]_i_4_n_0
    SLICE_X76Y47         LUT6 (Prop_lut6_I0_O)        0.124    14.822 r  game_logic/board[103]_i_3/O
                         net (fo=1, routed)           0.827    15.649    game_logic/board[103]_i_3_n_0
    SLICE_X76Y37         LUT6 (Prop_lut6_I3_O)        0.124    15.773 r  game_logic/board[103]_i_1/O
                         net (fo=1, routed)           0.000    15.773    game_logic/board[103]_i_1_n_0
    SLICE_X76Y37         FDCE                                         r  game_logic/board_reg[103]/D
  -------------------------------------------------------------------    -------------------

                         (clock sys_clk_pin rise edge)
                                                     10.000    10.000 r  
    E3                                                0.000    10.000 r  clk (IN)
                         net (fo=0)                   0.000    10.000    clk
    E3                   IBUF (Prop_ibuf_I_O)         1.411    11.411 r  clk_IBUF_inst/O
                         net (fo=1, routed)           1.920    13.331    clk_IBUF
    BUFGCTRL_X0Y16       BUFG (Prop_bufg_I_O)         0.091    13.422 r  clk_IBUF_BUFG_inst/O
                         net (fo=404, routed)         1.722    15.144    game_logic/clk
    SLICE_X76Y37         FDCE                                         r  game_logic/board_reg[103]/C
                         clock pessimism              0.267    15.412    
                         clock uncertainty           -0.035    15.376    
    SLICE_X76Y37         FDCE (Setup_fdce_C_D)        0.077    15.453    game_logic/board_reg[103]
  -------------------------------------------------------------------
                         required time                         15.453    
                         arrival time                         -15.773    
  -------------------------------------------------------------------
                         slack                                 -0.320    

Slack (VIOLATED) :        -0.189ns  (required time - arrival time)
  Source:                 game_logic/cur_x_reg[1]/C
                            (rising edge-triggered cell FDCE clocked by sys_clk_pin  {rise@0.000ns fall@5.000ns period=10.000ns})
  Destination:            rend/data_in_reg[7]/D
                            (rising edge-triggered cell FDSE clocked by sys_clk_pin  {rise@0.000ns fall@5.000ns period=10.000ns})
  Path Group:             sys_clk_pin
  Path Type:              Setup (Max at Slow Process Corner)
  Requirement:            10.000ns  (sys_clk_pin rise@10.000ns - sys_clk_pin rise@0.000ns)
  Data Path Delay:        10.123ns  (logic 3.912ns (38.643%)  route 6.211ns (61.357%))
  Logic Levels:           13  (CARRY4=3 LUT3=1 LUT4=3 LUT5=2 LUT6=3 MUXF7=1)
  Clock Path Skew:        -0.059ns (DCD - SCD + CPR)
    Destination Clock Delay (DCD):    5.080ns = ( 15.080 - 10.000 ) 
    Source Clock Delay      (SCD):    5.407ns
    Clock Pessimism Removal (CPR):    0.267ns
  Clock Uncertainty:      0.035ns  ((TSJ^2 + TIJ^2)^1/2 + DJ) / 2 + PE
    Total System Jitter     (TSJ):    0.071ns
    Total Input Jitter      (TIJ):    0.000ns
    Discrete Jitter          (DJ):    0.000ns
    Phase Error              (PE):    0.000ns

    Location             Delay type                Incr(ns)  Path(ns)    Netlist Resource(s)
  -------------------------------------------------------------------    -------------------
                         (clock sys_clk_pin rise edge)
                                                      0.000     0.000 r  
    E3                                                0.000     0.000 r  clk (IN)
                         net (fo=0)                   0.000     0.000    clk
    E3                   IBUF (Prop_ibuf_I_O)         1.482     1.482 r  clk_IBUF_inst/O
                         net (fo=1, routed)           2.025     3.506    clk_IBUF
    BUFGCTRL_X0Y16       BUFG (Prop_bufg_I_O)         0.096     3.602 r  clk_IBUF_BUFG_inst/O
                         net (fo=404, routed)         1.804     5.407    game_logic/clk
    SLICE_X67Y40         FDCE                                         r  game_logic/cur_x_reg[1]/C
  -------------------------------------------------------------------    -------------------
    SLICE_X67Y40         FDCE (Prop_fdce_C_Q)         0.456     5.863 r  game_logic/cur_x_reg[1]/Q
                         net (fo=153, routed)         1.071     6.933    game_logic/cur_x[1]
    SLICE_X65Y41         LUT4 (Prop_lut4_I0_O)        0.154     7.087 r  game_logic/cur_x[3]_i_3/O
                         net (fo=20, routed)          0.993     8.081    game_logic/cur_x[3]_i_3_n_0
    SLICE_X61Y34         LUT5 (Prop_lut5_I4_O)        0.327     8.408 r  game_logic/i__carry_i_12/O
                         net (fo=1, routed)           0.000     8.408    game_logic/x[7]
    SLICE_X61Y34         CARRY4 (Prop_carry4_S[3]_CO[3])
                                                      0.401     8.809 r  game_logic/i__carry_i_9/CO[3]
                         net (fo=1, routed)           0.000     8.809    game_logic/i__carry_i_9_n_0
    SLICE_X61Y35         CARRY4 (Prop_carry4_CI_O[3])
                                                      0.313     9.122 r  game_logic/i__carry__0_i_7/O[3]
                         net (fo=2, routed)           0.729     9.850    game_logic/cur_x_reg[2]_0[3]
    SLICE_X58Y37         LUT4 (Prop_lut4_I0_O)        0.306    10.156 r  game_logic/i__carry__0_i_5__0/O
                         net (fo=1, routed)           0.000    10.156    rend/data_in[11]_i_25_2[1]
    SLICE_X58Y37         CARRY4 (Prop_carry4_S[1]_CO[2])
                                                      0.574    10.730 r  rend/relative_addr3_inferred__1/i__carry__0/CO[2]
                         net (fo=5, routed)           0.433    11.163    rend/relative_addr3
    SLICE_X59Y35         LUT4 (Prop_lut4_I2_O)        0.310    11.473 f  rend/data_block_reg[11]_i_8/O
                         net (fo=2, routed)           0.302    11.776    rend/data_block_reg[11]_i_8_n_0
    SLICE_X59Y33         LUT5 (Prop_lut5_I2_O)        0.124    11.900 r  rend/data_block_reg[11]_i_9/O
                         net (fo=2, routed)           0.529    12.429    rend/data_block_reg[11]_i_9_n_0
    SLICE_X59Y32         MUXF7 (Prop_muxf7_S_O)       0.276    12.705 r  rend/data_block_reg[11]_i_5/O
                         net (fo=1, routed)           0.475    13.180    rend/data_block_reg[11]_i_5_n_0
    SLICE_X58Y32         LUT3 (Prop_lut3_I1_O)        0.299    13.479 r  rend/data_block_reg[11]_i_3/O
                         net (fo=2, routed)           0.306    13.785    rend/data_block_reg[11]_i_6_0
    SLICE_X59Y33         LUT6 (Prop_lut6_I0_O)        0.124    13.909 r  rend/data_in[11]_i_25/O
                         net (fo=12, routed)          0.650    14.559    rend/data_in[11]_i_25_n_0
    SLICE_X55Y32         LUT6 (Prop_lut6_I4_O)        0.124    14.683 r  rend/data_in[7]_i_7/O
                         net (fo=1, routed)           0.723    15.406    rend/data_in[7]_i_7_n_0
    SLICE_X55Y30         LUT6 (Prop_lut6_I0_O)        0.124    15.530 r  rend/data_in[7]_i_2/O
                         net (fo=1, routed)           0.000    15.530    rend/data_in[7]_i_2_n_0
    SLICE_X55Y30         FDSE                                         r  rend/data_in_reg[7]/D
  -------------------------------------------------------------------    -------------------

                         (clock sys_clk_pin rise edge)
                                                     10.000    10.000 r  
    E3                                                0.000    10.000 r  clk (IN)
                         net (fo=0)                   0.000    10.000    clk
    E3                   IBUF (Prop_ibuf_I_O)         1.411    11.411 r  clk_IBUF_inst/O
                         net (fo=1, routed)           1.920    13.331    clk_IBUF
    BUFGCTRL_X0Y16       BUFG (Prop_bufg_I_O)         0.091    13.422 r  clk_IBUF_BUFG_inst/O
                         net (fo=404, routed)         1.658    15.080    rend/clk
    SLICE_X55Y30         FDSE                                         r  rend/data_in_reg[7]/C
                         clock pessimism              0.267    15.348    
                         clock uncertainty           -0.035    15.312    
    SLICE_X55Y30         FDSE (Setup_fdse_C_D)        0.029    15.341    rend/data_in_reg[7]
  -------------------------------------------------------------------
                         required time                         15.341    
                         arrival time                         -15.530    
  -------------------------------------------------------------------
                         slack                                 -0.189    

Slack (VIOLATED) :        -0.184ns  (required time - arrival time)
  Source:                 game_logic/score_reg[3]/C
                            (rising edge-triggered cell FDCE clocked by sys_clk_pin  {rise@0.000ns fall@5.000ns period=10.000ns})
  Destination:            rend/data_in_reg[5]/D
                            (rising edge-triggered cell FDSE clocked by sys_clk_pin  {rise@0.000ns fall@5.000ns period=10.000ns})
  Path Group:             sys_clk_pin
  Path Type:              Setup (Max at Slow Process Corner)
  Requirement:            10.000ns  (sys_clk_pin rise@10.000ns - sys_clk_pin rise@0.000ns)
  Data Path Delay:        10.135ns  (logic 4.348ns (42.902%)  route 5.787ns (57.098%))
  Logic Levels:           15  (CARRY4=5 LUT2=1 LUT4=2 LUT6=5 MUXF7=1 MUXF8=1)
  Clock Path Skew:        -0.045ns (DCD - SCD + CPR)
    Destination Clock Delay (DCD):    5.080ns = ( 15.080 - 10.000 ) 
    Source Clock Delay      (SCD):    5.393ns
    Clock Pessimism Removal (CPR):    0.267ns
  Clock Uncertainty:      0.035ns  ((TSJ^2 + TIJ^2)^1/2 + DJ) / 2 + PE
    Total System Jitter     (TSJ):    0.071ns
    Total Input Jitter      (TIJ):    0.000ns
    Discrete Jitter          (DJ):    0.000ns
    Phase Error              (PE):    0.000ns

    Location             Delay type                Incr(ns)  Path(ns)    Netlist Resource(s)
  -------------------------------------------------------------------    -------------------
                         (clock sys_clk_pin rise edge)
                                                      0.000     0.000 r  
    E3                                                0.000     0.000 r  clk (IN)
                         net (fo=0)                   0.000     0.000    clk
    E3                   IBUF (Prop_ibuf_I_O)         1.482     1.482 r  clk_IBUF_inst/O
                         net (fo=1, routed)           2.025     3.506    clk_IBUF
    BUFGCTRL_X0Y16       BUFG (Prop_bufg_I_O)         0.096     3.602 r  clk_IBUF_BUFG_inst/O
                         net (fo=404, routed)         1.790     5.393    game_logic/clk
    SLICE_X61Y29         FDCE                                         r  game_logic/score_reg[3]/C
  -------------------------------------------------------------------    -------------------
    SLICE_X61Y29         FDCE (Prop_fdce_C_Q)         0.456     5.849 r  game_logic/score_reg[3]/Q
                         net (fo=19, routed)          0.658     6.506    game_logic/score_reg[10]_0[2]
    SLICE_X59Y27         LUT2 (Prop_lut2_I0_O)        0.124     6.630 r  game_logic/i__carry_i_2__8/O
                         net (fo=1, routed)           0.000     6.630    rend/data_in4_inferred__1/i__carry__0_0[1]
    SLICE_X59Y27         CARRY4 (Prop_carry4_S[2]_CO[3])
                                                      0.398     7.028 r  rend/data_in4_inferred__1/i__carry/CO[3]
                         net (fo=1, routed)           0.000     7.028    rend/data_in4_inferred__1/i__carry_n_0
    SLICE_X59Y28         CARRY4 (Prop_carry4_CI_CO[3])
                                                      0.114     7.142 r  rend/data_in4_inferred__1/i__carry__0/CO[3]
                         net (fo=1, routed)           0.000     7.142    rend/data_in4_inferred__1/i__carry__0_n_0
    SLICE_X59Y29         CARRY4 (Prop_carry4_CI_O[3])
                                                      0.313     7.455 r  rend/data_in4_inferred__1/i__carry__1/O[3]
                         net (fo=11, routed)          0.854     8.309    game_logic/O[3]
    SLICE_X58Y30         LUT4 (Prop_lut4_I1_O)        0.306     8.615 r  game_logic/i___25_carry_i_6/O
                         net (fo=1, routed)           0.000     8.615    rend/i___40_carry_i_5_0[1]
    SLICE_X58Y30         CARRY4 (Prop_carry4_S[1]_O[3])
                                                      0.643     9.258 r  rend/data_in4_inferred__1/i___25_carry/O[3]
                         net (fo=3, routed)           0.608     9.866    game_logic/data_in4_inferred__1/i___40_carry__0[3]
    SLICE_X58Y29         LUT4 (Prop_lut4_I2_O)        0.307    10.173 r  game_logic/i___40_carry__0_i_7/O
                         net (fo=1, routed)           0.000    10.173    rend/data_in[11]_i_125_0[1]
    SLICE_X58Y29         CARRY4 (Prop_carry4_S[1]_CO[3])
                                                      0.533    10.706 r  rend/data_in4_inferred__1/i___40_carry__0/CO[3]
                         net (fo=4, routed)           0.826    11.532    game_logic/data_in[11]_i_59_1[0]
    SLICE_X60Y30         LUT6 (Prop_lut6_I4_O)        0.124    11.656 r  game_logic/data_in[11]_i_58_comp/O
                         net (fo=21, routed)          1.088    12.744    game_logic/data_in[11]_i_58_n_0
    SLICE_X54Y30         LUT6 (Prop_lut6_I2_O)        0.124    12.868 f  game_logic/data_in[11]_i_160/O
                         net (fo=1, routed)           0.000    12.868    game_logic/data_in[11]_i_160_n_0
    SLICE_X54Y30         MUXF7 (Prop_muxf7_I0_O)      0.241    13.109 f  game_logic/data_in_reg[11]_i_121/O
                         net (fo=1, routed)           0.000    13.109    game_logic/data_in_reg[11]_i_121_n_0
    SLICE_X54Y30         MUXF8 (Prop_muxf8_I0_O)      0.098    13.207 f  game_logic/data_in_reg[11]_i_56/O
                         net (fo=1, routed)           0.808    14.014    game_logic/data_in_reg[11]_i_56_n_0
    SLICE_X56Y29         LUT6 (Prop_lut6_I5_O)        0.319    14.333 f  game_logic/data_in[11]_i_23/O
                         net (fo=2, routed)           0.310    14.644    game_logic/data_in[11]_i_23_n_0
    SLICE_X55Y29         LUT6 (Prop_lut6_I4_O)        0.124    14.768 f  game_logic/data_in[7]_i_9/O
                         net (fo=8, routed)           0.636    15.403    rend/data_in_reg[0]_0
    SLICE_X52Y30         LUT6 (Prop_lut6_I4_O)        0.124    15.527 r  rend/data_in[5]_i_1/O
                         net (fo=1, routed)           0.000    15.527    rend/data_in[5]_i_1_n_0
    SLICE_X52Y30         FDSE                                         r  rend/data_in_reg[5]/D
  -------------------------------------------------------------------    -------------------

                         (clock sys_clk_pin rise edge)
                                                     10.000    10.000 r  
    E3                                                0.000    10.000 r  clk (IN)
                         net (fo=0)                   0.000    10.000    clk
    E3                   IBUF (Prop_ibuf_I_O)         1.411    11.411 r  clk_IBUF_inst/O
                         net (fo=1, routed)           1.920    13.331    clk_IBUF
    BUFGCTRL_X0Y16       BUFG (Prop_bufg_I_O)         0.091    13.422 r  clk_IBUF_BUFG_inst/O
                         net (fo=404, routed)         1.658    15.080    rend/clk
    SLICE_X52Y30         FDSE                                         r  rend/data_in_reg[5]/C
                         clock pessimism              0.267    15.348    
                         clock uncertainty           -0.035    15.312    
    SLICE_X52Y30         FDSE (Setup_fdse_C_D)        0.031    15.343    rend/data_in_reg[5]
  -------------------------------------------------------------------
                         required time                         15.343    
                         arrival time                         -15.527    
  -------------------------------------------------------------------
                         slack                                 -0.184    

Slack (VIOLATED) :        -0.161ns  (required time - arrival time)
  Source:                 game_logic/cur_x_reg[1]/C
                            (rising edge-triggered cell FDCE clocked by sys_clk_pin  {rise@0.000ns fall@5.000ns period=10.000ns})
  Destination:            game_logic/cur_y_reg[1]_rep__1/CE
                            (rising edge-triggered cell FDCE clocked by sys_clk_pin  {rise@0.000ns fall@5.000ns period=10.000ns})
  Path Group:             sys_clk_pin
  Path Type:              Setup (Max at Slow Process Corner)
  Requirement:            10.000ns  (sys_clk_pin rise@10.000ns - sys_clk_pin rise@0.000ns)
  Data Path Delay:        9.894ns  (logic 2.891ns (29.219%)  route 7.003ns (70.781%))
  Logic Levels:           10  (CARRY4=2 LUT3=1 LUT4=1 LUT5=1 LUT6=4 MUXF8=1)
  Clock Path Skew:        -0.027ns (DCD - SCD + CPR)
    Destination Clock Delay (DCD):    5.095ns = ( 15.095 - 10.000 ) 
    Source Clock Delay      (SCD):    5.407ns
    Clock Pessimism Removal (CPR):    0.284ns
  Clock Uncertainty:      0.035ns  ((TSJ^2 + TIJ^2)^1/2 + DJ) / 2 + PE
    Total System Jitter     (TSJ):    0.071ns
    Total Input Jitter      (TIJ):    0.000ns
    Discrete Jitter          (DJ):    0.000ns
    Phase Error              (PE):    0.000ns

    Location             Delay type                Incr(ns)  Path(ns)    Netlist Resource(s)
  -------------------------------------------------------------------    -------------------
                         (clock sys_clk_pin rise edge)
                                                      0.000     0.000 r  
    E3                                                0.000     0.000 r  clk (IN)
                         net (fo=0)                   0.000     0.000    clk
    E3                   IBUF (Prop_ibuf_I_O)         1.482     1.482 r  clk_IBUF_inst/O
                         net (fo=1, routed)           2.025     3.506    clk_IBUF
    BUFGCTRL_X0Y16       BUFG (Prop_bufg_I_O)         0.096     3.602 r  clk_IBUF_BUFG_inst/O
                         net (fo=404, routed)         1.804     5.407    game_logic/clk
    SLICE_X67Y40         FDCE                                         r  game_logic/cur_x_reg[1]/C
  -------------------------------------------------------------------    -------------------
    SLICE_X67Y40         FDCE (Prop_fdce_C_Q)         0.456     5.863 r  game_logic/cur_x_reg[1]/Q
                         net (fo=153, routed)         1.071     6.933    game_logic/cur_x[1]
    SLICE_X65Y41         LUT4 (Prop_lut4_I0_O)        0.154     7.087 r  game_logic/cur_x[3]_i_3/O
                         net (fo=20, routed)          0.569     7.657    game_logic/cur_x[3]_i_3_n_0
    SLICE_X65Y41         LUT3 (Prop_lut3_I2_O)        0.327     7.984 r  game_logic/cur_y[4]_i_164/O
                         net (fo=1, routed)           0.000     7.984    game_logic/cur_y[4]_i_164_n_0
    SLICE_X65Y41         CARRY4 (Prop_carry4_S[2]_O[2])
                                                      0.248     8.232 r  game_logic/cur_y_reg[4]_i_57/O[2]
                         net (fo=4, routed)           0.597     8.829    game_logic/cur_y_reg[4]_i_57_n_5
    SLICE_X67Y38         LUT6 (Prop_lut6_I5_O)        0.302     9.131 r  game_logic/cur_y[4]_i_151/O
                         net (fo=1, routed)           0.000     9.131    game_logic/cur_y[4]_i_151_n_0
    SLICE_X67Y38         CARRY4 (Prop_carry4_S[3]_O[3])
                                                      0.248     9.379 r  game_logic/cur_y_reg[4]_i_54/O[3]
                         net (fo=5, routed)           0.597     9.976    game_logic/cur_y_reg[4]_i_54_n_4
    SLICE_X66Y30         MUXF8 (Prop_muxf8_S_O)       0.465    10.441 r  game_logic/cur_y_reg[4]_i_61/O
                         net (fo=1, routed)           1.101    11.542    game_logic/cur_y_reg[4]_i_61_n_0
    SLICE_X67Y36         LUT6 (Prop_lut6_I0_O)        0.319    11.861 r  game_logic/cur_y[4]_i_21/O
                         net (fo=1, routed)           0.579    12.439    game_logic/cur_y[4]_i_21_n_0
    SLICE_X63Y34         LUT6 (Prop_lut6_I5_O)        0.124    12.563 r  game_logic/cur_y[4]_i_8/O
                         net (fo=3, routed)           0.976    13.539    game_logic/cur_y[4]_i_8_n_0
    SLICE_X67Y34         LUT6 (Prop_lut6_I1_O)        0.124    13.663 f  game_logic/cur_y[4]_i_4/O
                         net (fo=35, routed)          0.662    14.325    game_logic/cur_y[4]_i_4_n_0
    SLICE_X62Y33         LUT5 (Prop_lut5_I0_O)        0.124    14.449 r  game_logic/cur_y[4]_i_1/O
                         net (fo=15, routed)          0.852    15.301    game_logic/cur_y[4]_i_1_n_0
    SLICE_X65Y37         FDCE                                         r  game_logic/cur_y_reg[1]_rep__1/CE
  -------------------------------------------------------------------    -------------------

                         (clock sys_clk_pin rise edge)
                                                     10.000    10.000 r  
    E3                                                0.000    10.000 r  clk (IN)
                         net (fo=0)                   0.000    10.000    clk
    E3                   IBUF (Prop_ibuf_I_O)         1.411    11.411 r  clk_IBUF_inst/O
                         net (fo=1, routed)           1.920    13.331    clk_IBUF
    BUFGCTRL_X0Y16       BUFG (Prop_bufg_I_O)         0.091    13.422 r  clk_IBUF_BUFG_inst/O
                         net (fo=404, routed)         1.673    15.095    game_logic/clk
    SLICE_X65Y37         FDCE                                         r  game_logic/cur_y_reg[1]_rep__1/C
                         clock pessimism              0.284    15.380    
                         clock uncertainty           -0.035    15.344    
    SLICE_X65Y37         FDCE (Setup_fdce_C_CE)      -0.205    15.139    game_logic/cur_y_reg[1]_rep__1
  -------------------------------------------------------------------
                         required time                         15.139    
                         arrival time                         -15.301    
  -------------------------------------------------------------------
                         slack                                 -0.161    

Slack (VIOLATED) :        -0.145ns  (required time - arrival time)
  Source:                 game_logic/cur_x_reg[1]/C
                            (rising edge-triggered cell FDCE clocked by sys_clk_pin  {rise@0.000ns fall@5.000ns period=10.000ns})
  Destination:            game_logic/cur_y_reg[0]_rep__2/CE
                            (rising edge-triggered cell FDCE clocked by sys_clk_pin  {rise@0.000ns fall@5.000ns period=10.000ns})
  Path Group:             sys_clk_pin
  Path Type:              Setup (Max at Slow Process Corner)
  Requirement:            10.000ns  (sys_clk_pin rise@10.000ns - sys_clk_pin rise@0.000ns)
  Data Path Delay:        9.895ns  (logic 2.891ns (29.216%)  route 7.004ns (70.784%))
  Logic Levels:           10  (CARRY4=2 LUT3=1 LUT4=1 LUT5=1 LUT6=4 MUXF8=1)
  Clock Path Skew:        -0.045ns (DCD - SCD + CPR)
    Destination Clock Delay (DCD):    5.094ns = ( 15.094 - 10.000 ) 
    Source Clock Delay      (SCD):    5.407ns
    Clock Pessimism Removal (CPR):    0.267ns
  Clock Uncertainty:      0.035ns  ((TSJ^2 + TIJ^2)^1/2 + DJ) / 2 + PE
    Total System Jitter     (TSJ):    0.071ns
    Total Input Jitter      (TIJ):    0.000ns
    Discrete Jitter          (DJ):    0.000ns
    Phase Error              (PE):    0.000ns

    Location             Delay type                Incr(ns)  Path(ns)    Netlist Resource(s)
  -------------------------------------------------------------------    -------------------
                         (clock sys_clk_pin rise edge)
                                                      0.000     0.000 r  
    E3                                                0.000     0.000 r  clk (IN)
                         net (fo=0)                   0.000     0.000    clk
    E3                   IBUF (Prop_ibuf_I_O)         1.482     1.482 r  clk_IBUF_inst/O
                         net (fo=1, routed)           2.025     3.506    clk_IBUF
    BUFGCTRL_X0Y16       BUFG (Prop_bufg_I_O)         0.096     3.602 r  clk_IBUF_BUFG_inst/O
                         net (fo=404, routed)         1.804     5.407    game_logic/clk
    SLICE_X67Y40         FDCE                                         r  game_logic/cur_x_reg[1]/C
  -------------------------------------------------------------------    -------------------
    SLICE_X67Y40         FDCE (Prop_fdce_C_Q)         0.456     5.863 r  game_logic/cur_x_reg[1]/Q
                         net (fo=153, routed)         1.071     6.933    game_logic/cur_x[1]
    SLICE_X65Y41         LUT4 (Prop_lut4_I0_O)        0.154     7.087 r  game_logic/cur_x[3]_i_3/O
                         net (fo=20, routed)          0.569     7.657    game_logic/cur_x[3]_i_3_n_0
    SLICE_X65Y41         LUT3 (Prop_lut3_I2_O)        0.327     7.984 r  game_logic/cur_y[4]_i_164/O
                         net (fo=1, routed)           0.000     7.984    game_logic/cur_y[4]_i_164_n_0
    SLICE_X65Y41         CARRY4 (Prop_carry4_S[2]_O[2])
                                                      0.248     8.232 r  game_logic/cur_y_reg[4]_i_57/O[2]
                         net (fo=4, routed)           0.597     8.829    game_logic/cur_y_reg[4]_i_57_n_5
    SLICE_X67Y38         LUT6 (Prop_lut6_I5_O)        0.302     9.131 r  game_logic/cur_y[4]_i_151/O
                         net (fo=1, routed)           0.000     9.131    game_logic/cur_y[4]_i_151_n_0
    SLICE_X67Y38         CARRY4 (Prop_carry4_S[3]_O[3])
                                                      0.248     9.379 r  game_logic/cur_y_reg[4]_i_54/O[3]
                         net (fo=5, routed)           0.597     9.976    game_logic/cur_y_reg[4]_i_54_n_4
    SLICE_X66Y30         MUXF8 (Prop_muxf8_S_O)       0.465    10.441 r  game_logic/cur_y_reg[4]_i_61/O
                         net (fo=1, routed)           1.101    11.542    game_logic/cur_y_reg[4]_i_61_n_0
    SLICE_X67Y36         LUT6 (Prop_lut6_I0_O)        0.319    11.861 r  game_logic/cur_y[4]_i_21/O
                         net (fo=1, routed)           0.579    12.439    game_logic/cur_y[4]_i_21_n_0
    SLICE_X63Y34         LUT6 (Prop_lut6_I5_O)        0.124    12.563 r  game_logic/cur_y[4]_i_8/O
                         net (fo=3, routed)           0.976    13.539    game_logic/cur_y[4]_i_8_n_0
    SLICE_X67Y34         LUT6 (Prop_lut6_I1_O)        0.124    13.663 f  game_logic/cur_y[4]_i_4/O
                         net (fo=35, routed)          0.662    14.325    game_logic/cur_y[4]_i_4_n_0
    SLICE_X62Y33         LUT5 (Prop_lut5_I0_O)        0.124    14.449 r  game_logic/cur_y[4]_i_1/O
                         net (fo=15, routed)          0.853    15.302    game_logic/cur_y[4]_i_1_n_0
    SLICE_X60Y39         FDCE                                         r  game_logic/cur_y_reg[0]_rep__2/CE
  -------------------------------------------------------------------    -------------------

                         (clock sys_clk_pin rise edge)
                                                     10.000    10.000 r  
    E3                                                0.000    10.000 r  clk (IN)
                         net (fo=0)                   0.000    10.000    clk
    E3                   IBUF (Prop_ibuf_I_O)         1.411    11.411 r  clk_IBUF_inst/O
                         net (fo=1, routed)           1.920    13.331    clk_IBUF
    BUFGCTRL_X0Y16       BUFG (Prop_bufg_I_O)         0.091    13.422 r  clk_IBUF_BUFG_inst/O
                         net (fo=404, routed)         1.672    15.094    game_logic/clk
    SLICE_X60Y39         FDCE                                         r  game_logic/cur_y_reg[0]_rep__2/C
                         clock pessimism              0.267    15.362    
                         clock uncertainty           -0.035    15.326    
    SLICE_X60Y39         FDCE (Setup_fdce_C_CE)      -0.169    15.157    game_logic/cur_y_reg[0]_rep__2
  -------------------------------------------------------------------
                         required time                         15.157    
                         arrival time                         -15.302    
  -------------------------------------------------------------------
                         slack                                 -0.145    

Slack (VIOLATED) :        -0.123ns  (required time - arrival time)
  Source:                 game_logic/cur_x_reg[3]/C
                            (rising edge-triggered cell FDCE clocked by sys_clk_pin  {rise@0.000ns fall@5.000ns period=10.000ns})
  Destination:            game_logic/board_reg[40]/D
                            (rising edge-triggered cell FDCE clocked by sys_clk_pin  {rise@0.000ns fall@5.000ns period=10.000ns})
  Path Group:             sys_clk_pin
  Path Type:              Setup (Max at Slow Process Corner)
  Requirement:            10.000ns  (sys_clk_pin rise@10.000ns - sys_clk_pin rise@0.000ns)
  Data Path Delay:        10.176ns  (logic 3.004ns (29.520%)  route 7.172ns (70.480%))
  Logic Levels:           11  (CARRY4=3 LUT2=1 LUT4=1 LUT5=1 LUT6=5)
  Clock Path Skew:        0.008ns (DCD - SCD + CPR)
    Destination Clock Delay (DCD):    5.147ns = ( 15.147 - 10.000 ) 
    Source Clock Delay      (SCD):    5.407ns
    Clock Pessimism Removal (CPR):    0.267ns
  Clock Uncertainty:      0.035ns  ((TSJ^2 + TIJ^2)^1/2 + DJ) / 2 + PE
    Total System Jitter     (TSJ):    0.071ns
    Total Input Jitter      (TIJ):    0.000ns
    Discrete Jitter          (DJ):    0.000ns
    Phase Error              (PE):    0.000ns

    Location             Delay type                Incr(ns)  Path(ns)    Netlist Resource(s)
  -------------------------------------------------------------------    -------------------
                         (clock sys_clk_pin rise edge)
                                                      0.000     0.000 r  
    E3                                                0.000     0.000 r  clk (IN)
                         net (fo=0)                   0.000     0.000    clk
    E3                   IBUF (Prop_ibuf_I_O)         1.482     1.482 r  clk_IBUF_inst/O
                         net (fo=1, routed)           2.025     3.506    clk_IBUF
    BUFGCTRL_X0Y16       BUFG (Prop_bufg_I_O)         0.096     3.602 r  clk_IBUF_BUFG_inst/O
                         net (fo=404, routed)         1.804     5.407    game_logic/clk
    SLICE_X65Y40         FDCE                                         r  game_logic/cur_x_reg[3]/C
  -------------------------------------------------------------------    -------------------
    SLICE_X65Y40         FDCE (Prop_fdce_C_Q)         0.456     5.863 r  game_logic/cur_x_reg[3]/Q
                         net (fo=83, routed)          1.487     7.350    game_logic/cur_x[3]
    SLICE_X64Y45         LUT4 (Prop_lut4_I0_O)        0.124     7.474 r  game_logic/board[78]_i_27/O
                         net (fo=1, routed)           0.000     7.474    game_logic/board[78]_i_27_n_0
    SLICE_X64Y45         CARRY4 (Prop_carry4_S[3]_CO[3])
                                                      0.401     7.875 r  game_logic/board_reg[78]_i_16/CO[3]
                         net (fo=1, routed)           0.000     7.875    game_logic/board_reg[78]_i_16_n_0
    SLICE_X64Y46         CARRY4 (Prop_carry4_CI_O[0])
                                                      0.222     8.097 r  game_logic/board_reg[146]_i_40/O[0]
                         net (fo=4, routed)           0.526     8.623    game_logic/board_reg[146]_i_40_n_7
    SLICE_X63Y46         LUT2 (Prop_lut2_I0_O)        0.299     8.922 r  game_logic/board[145]_i_34/O
                         net (fo=1, routed)           0.000     8.922    game_logic/board[145]_i_34_n_0
    SLICE_X63Y46         CARRY4 (Prop_carry4_S[1]_O[2])
                                                      0.580     9.502 f  game_logic/board_reg[145]_i_22/O[2]
                         net (fo=21, routed)          1.321    10.823    game_logic/board_reg[145]_i_22_n_5
    SLICE_X63Y57         LUT6 (Prop_lut6_I0_O)        0.302    11.125 f  game_logic/board[47]_i_16/O
                         net (fo=14, routed)          1.066    12.191    game_logic/board[47]_i_16_n_0
    SLICE_X74Y59         LUT6 (Prop_lut6_I0_O)        0.124    12.315 r  game_logic/board[40]_i_9/O
                         net (fo=1, routed)           0.593    12.908    game_logic/board[40]_i_9_n_0
    SLICE_X74Y58         LUT6 (Prop_lut6_I3_O)        0.124    13.032 r  game_logic/board[40]_i_7/O
                         net (fo=1, routed)           0.623    13.656    game_logic/board[40]_i_7_n_0
    SLICE_X79Y53         LUT6 (Prop_lut6_I5_O)        0.124    13.780 r  game_logic/board[40]_i_5/O
                         net (fo=1, routed)           0.571    14.351    game_logic/board[40]_i_5_n_0
    SLICE_X80Y50         LUT5 (Prop_lut5_I4_O)        0.124    14.475 r  game_logic/board[40]_i_3/O
                         net (fo=1, routed)           0.984    15.459    game_logic/board[40]_i_3_n_0
    SLICE_X80Y39         LUT6 (Prop_lut6_I4_O)        0.124    15.583 r  game_logic/board[40]_i_1/O
                         net (fo=1, routed)           0.000    15.583    game_logic/board[40]_i_1_n_0
    SLICE_X80Y39         FDCE                                         r  game_logic/board_reg[40]/D
  -------------------------------------------------------------------    -------------------

                         (clock sys_clk_pin rise edge)
                                                     10.000    10.000 r  
    E3                                                0.000    10.000 r  clk (IN)
                         net (fo=0)                   0.000    10.000    clk
    E3                   IBUF (Prop_ibuf_I_O)         1.411    11.411 r  clk_IBUF_inst/O
                         net (fo=1, routed)           1.920    13.331    clk_IBUF
    BUFGCTRL_X0Y16       BUFG (Prop_bufg_I_O)         0.091    13.422 r  clk_IBUF_BUFG_inst/O
                         net (fo=404, routed)         1.725    15.147    game_logic/clk
    SLICE_X80Y39         FDCE                                         r  game_logic/board_reg[40]/C
                         clock pessimism              0.267    15.415    
                         clock uncertainty           -0.035    15.379    
    SLICE_X80Y39         FDCE (Setup_fdce_C_D)        0.081    15.460    game_logic/board_reg[40]
  -------------------------------------------------------------------
                         required time                         15.460    
                         arrival time                         -15.583    
  -------------------------------------------------------------------
                         slack                                 -0.123    





Min Delay Paths
--------------------------------------------------------------------------------------
Slack (MET) :             0.140ns  (arrival time - required time)
  Source:                 keyboard/ps2_d_filter_reg[0]/C
                            (rising edge-triggered cell FDPE clocked by sys_clk_pin  {rise@0.000ns fall@5.000ns period=10.000ns})
  Destination:            keyboard/ps2_d_f_reg/D
                            (rising edge-triggered cell FDPE clocked by sys_clk_pin  {rise@0.000ns fall@5.000ns period=10.000ns})
  Path Group:             sys_clk_pin
  Path Type:              Hold (Min at Fast Process Corner)
  Requirement:            0.000ns  (sys_clk_pin rise@0.000ns - sys_clk_pin rise@0.000ns)
  Data Path Delay:        0.273ns  (logic 0.186ns (68.106%)  route 0.087ns (31.894%))
  Logic Levels:           1  (LUT5=1)
  Clock Path Skew:        0.013ns (DCD - SCD - CPR)
    Destination Clock Delay (DCD):    1.987ns
    Source Clock Delay      (SCD):    1.473ns
    Clock Pessimism Removal (CPR):    0.500ns

    Location             Delay type                Incr(ns)  Path(ns)    Netlist Resource(s)
  -------------------------------------------------------------------    -------------------
                         (clock sys_clk_pin rise edge)
                                                      0.000     0.000 r  
    E3                                                0.000     0.000 r  clk (IN)
                         net (fo=0)                   0.000     0.000    clk
    E3                   IBUF (Prop_ibuf_I_O)         0.250     0.250 r  clk_IBUF_inst/O
                         net (fo=1, routed)           0.644     0.894    clk_IBUF
    BUFGCTRL_X0Y16       BUFG (Prop_bufg_I_O)         0.026     0.920 r  clk_IBUF_BUFG_inst/O
                         net (fo=404, routed)         0.554     1.473    keyboard/clk
    SLICE_X61Y73         FDPE                                         r  keyboard/ps2_d_filter_reg[0]/C
  -------------------------------------------------------------------    -------------------
    SLICE_X61Y73         FDPE (Prop_fdpe_C_Q)         0.141     1.614 r  keyboard/ps2_d_filter_reg[0]/Q
                         net (fo=1, routed)           0.087     1.701    keyboard/ps2_d_filter[0]
    SLICE_X60Y73         LUT5 (Prop_lut5_I3_O)        0.045     1.746 r  keyboard/ps2_d_f_i_1/O
                         net (fo=1, routed)           0.000     1.746    keyboard/ps2_d_f_i_1_n_0
    SLICE_X60Y73         FDPE                                         r  keyboard/ps2_d_f_reg/D
  -------------------------------------------------------------------    -------------------

                         (clock sys_clk_pin rise edge)
                                                      0.000     0.000 r  
    E3                                                0.000     0.000 r  clk (IN)
                         net (fo=0)                   0.000     0.000    clk
    E3                   IBUF (Prop_ibuf_I_O)         0.438     0.438 r  clk_IBUF_inst/O
                         net (fo=1, routed)           0.699     1.136    clk_IBUF
    BUFGCTRL_X0Y16       BUFG (Prop_bufg_I_O)         0.029     1.165 r  clk_IBUF_BUFG_inst/O
                         net (fo=404, routed)         0.822     1.987    keyboard/clk
    SLICE_X60Y73         FDPE                                         r  keyboard/ps2_d_f_reg/C
                         clock pessimism             -0.500     1.486    
    SLICE_X60Y73         FDPE (Hold_fdpe_C_D)         0.120     1.606    keyboard/ps2_d_f_reg
  -------------------------------------------------------------------
                         required time                         -1.606    
                         arrival time                           1.746    
  -------------------------------------------------------------------
                         slack                                  0.140    

Slack (MET) :             0.175ns  (arrival time - required time)
  Source:                 rend/data_in_reg[8]/C
                            (rising edge-triggered cell FDSE clocked by sys_clk_pin  {rise@0.000ns fall@5.000ns period=10.000ns})
  Destination:            Vram/U0/inst_blk_mem_gen/gnbram.gnativebmg.native_blk_mem_gen/valid.cstr/ramloop[10].ram.r/prim_noinit.ram/DEVICE_7SERIES.NO_BMM_INFO.TRUE_DP.SIMPLE_PRIM36.ram/DIBDI[5]
                            (rising edge-triggered cell RAMB36E1 clocked by sys_clk_pin  {rise@0.000ns fall@5.000ns period=10.000ns})
  Path Group:             sys_clk_pin
  Path Type:              Hold (Min at Fast Process Corner)
  Requirement:            0.000ns  (sys_clk_pin rise@0.000ns - sys_clk_pin rise@0.000ns)
  Data Path Delay:        0.549ns  (logic 0.141ns (25.663%)  route 0.408ns (74.337%))
  Logic Levels:           0  
  Clock Path Skew:        0.078ns (DCD - SCD - CPR)
    Destination Clock Delay (DCD):    2.104ns
    Source Clock Delay      (SCD):    1.543ns
    Clock Pessimism Removal (CPR):    0.483ns

    Location             Delay type                Incr(ns)  Path(ns)    Netlist Resource(s)
  -------------------------------------------------------------------    -------------------
                         (clock sys_clk_pin rise edge)
                                                      0.000     0.000 r  
    E3                                                0.000     0.000 r  clk (IN)
                         net (fo=0)                   0.000     0.000    clk
    E3                   IBUF (Prop_ibuf_I_O)         0.250     0.250 r  clk_IBUF_inst/O
                         net (fo=1, routed)           0.644     0.894    clk_IBUF
    BUFGCTRL_X0Y16       BUFG (Prop_bufg_I_O)         0.026     0.920 r  clk_IBUF_BUFG_inst/O
                         net (fo=404, routed)         0.623     1.543    rend/clk
    SLICE_X57Y30         FDSE                                         r  rend/data_in_reg[8]/C
  -------------------------------------------------------------------    -------------------
    SLICE_X57Y30         FDSE (Prop_fdse_C_Q)         0.141     1.684 r  rend/data_in_reg[8]/Q
                         net (fo=8, routed)           0.408     2.092    Vram/U0/inst_blk_mem_gen/gnbram.gnativebmg.native_blk_mem_gen/valid.cstr/ramloop[10].ram.r/prim_noinit.ram/dinb[5]
    RAMB36_X1Y4          RAMB36E1                                     r  Vram/U0/inst_blk_mem_gen/gnbram.gnativebmg.native_blk_mem_gen/valid.cstr/ramloop[10].ram.r/prim_noinit.ram/DEVICE_7SERIES.NO_BMM_INFO.TRUE_DP.SIMPLE_PRIM36.ram/DIBDI[5]
  -------------------------------------------------------------------    -------------------

                         (clock sys_clk_pin rise edge)
                                                      0.000     0.000 r  
    E3                                                0.000     0.000 r  clk (IN)
                         net (fo=0)                   0.000     0.000    clk
    E3                   IBUF (Prop_ibuf_I_O)         0.438     0.438 r  clk_IBUF_inst/O
                         net (fo=1, routed)           0.699     1.136    clk_IBUF
    BUFGCTRL_X0Y16       BUFG (Prop_bufg_I_O)         0.029     1.165 r  clk_IBUF_BUFG_inst/O
                         net (fo=404, routed)         0.939     2.104    Vram/U0/inst_blk_mem_gen/gnbram.gnativebmg.native_blk_mem_gen/valid.cstr/ramloop[10].ram.r/prim_noinit.ram/clkb
    RAMB36_X1Y4          RAMB36E1                                     r  Vram/U0/inst_blk_mem_gen/gnbram.gnativebmg.native_blk_mem_gen/valid.cstr/ramloop[10].ram.r/prim_noinit.ram/DEVICE_7SERIES.NO_BMM_INFO.TRUE_DP.SIMPLE_PRIM36.ram/CLKBWRCLK
                         clock pessimism             -0.483     1.621    
    RAMB36_X1Y4          RAMB36E1 (Hold_ramb36e1_CLKBWRCLK_DIBDI[5])
                                                      0.296     1.917    Vram/U0/inst_blk_mem_gen/gnbram.gnativebmg.native_blk_mem_gen/valid.cstr/ramloop[10].ram.r/prim_noinit.ram/DEVICE_7SERIES.NO_BMM_INFO.TRUE_DP.SIMPLE_PRIM36.ram
  -------------------------------------------------------------------
                         required time                         -1.917    
                         arrival time                           2.092    
  -------------------------------------------------------------------
                         slack                                  0.175    

Slack (MET) :             0.190ns  (arrival time - required time)
  Source:                 keyboard/ps2_c_filter_reg[0]/C
                            (rising edge-triggered cell FDPE clocked by sys_clk_pin  {rise@0.000ns fall@5.000ns period=10.000ns})
  Destination:            keyboard/ps2_c_f_reg/D
                            (rising edge-triggered cell FDPE clocked by sys_clk_pin  {rise@0.000ns fall@5.000ns period=10.000ns})
  Path Group:             sys_clk_pin
  Path Type:              Hold (Min at Fast Process Corner)
  Requirement:            0.000ns  (sys_clk_pin rise@0.000ns - sys_clk_pin rise@0.000ns)
  Data Path Delay:        0.281ns  (logic 0.227ns (80.665%)  route 0.054ns (19.335%))
  Logic Levels:           1  (LUT5=1)
  Clock Path Skew:        0.000ns (DCD - SCD - CPR)
    Destination Clock Delay (DCD):    1.989ns
    Source Clock Delay      (SCD):    1.475ns
    Clock Pessimism Removal (CPR):    0.513ns

    Location             Delay type                Incr(ns)  Path(ns)    Netlist Resource(s)
  -------------------------------------------------------------------    -------------------
                         (clock sys_clk_pin rise edge)
                                                      0.000     0.000 r  
    E3                                                0.000     0.000 r  clk (IN)
                         net (fo=0)                   0.000     0.000    clk
    E3                   IBUF (Prop_ibuf_I_O)         0.250     0.250 r  clk_IBUF_inst/O
                         net (fo=1, routed)           0.644     0.894    clk_IBUF
    BUFGCTRL_X0Y16       BUFG (Prop_bufg_I_O)         0.026     0.920 r  clk_IBUF_BUFG_inst/O
                         net (fo=404, routed)         0.556     1.475    keyboard/clk
    SLICE_X61Y72         FDPE                                         r  keyboard/ps2_c_filter_reg[0]/C
  -------------------------------------------------------------------    -------------------
    SLICE_X61Y72         FDPE (Prop_fdpe_C_Q)         0.128     1.603 r  keyboard/ps2_c_filter_reg[0]/Q
                         net (fo=1, routed)           0.054     1.658    keyboard/ps2_c_filter[0]
    SLICE_X61Y72         LUT5 (Prop_lut5_I3_O)        0.099     1.757 r  keyboard/ps2_c_f_i_1/O
                         net (fo=1, routed)           0.000     1.757    keyboard/ps2_c_f_i_1_n_0
    SLICE_X61Y72         FDPE                                         r  keyboard/ps2_c_f_reg/D
  -------------------------------------------------------------------    -------------------

                         (clock sys_clk_pin rise edge)
                                                      0.000     0.000 r  
    E3                                                0.000     0.000 r  clk (IN)
                         net (fo=0)                   0.000     0.000    clk
    E3                   IBUF (Prop_ibuf_I_O)         0.438     0.438 r  clk_IBUF_inst/O
                         net (fo=1, routed)           0.699     1.136    clk_IBUF
    BUFGCTRL_X0Y16       BUFG (Prop_bufg_I_O)         0.029     1.165 r  clk_IBUF_BUFG_inst/O
                         net (fo=404, routed)         0.824     1.989    keyboard/clk
    SLICE_X61Y72         FDPE                                         r  keyboard/ps2_c_f_reg/C
                         clock pessimism             -0.513     1.475    
    SLICE_X61Y72         FDPE (Hold_fdpe_C_D)         0.091     1.566    keyboard/ps2_c_f_reg
  -------------------------------------------------------------------
                         required time                         -1.566    
                         arrival time                           1.757    
  -------------------------------------------------------------------
                         slack                                  0.190    

Slack (MET) :             0.205ns  (arrival time - required time)
  Source:                 s1_reg/C
                            (rising edge-triggered cell FDCE clocked by sys_clk_pin  {rise@0.000ns fall@5.000ns period=10.000ns})
  Destination:            game_logic/bd0_reg/D
                            (rising edge-triggered cell FDCE clocked by sys_clk_pin  {rise@0.000ns fall@5.000ns period=10.000ns})
  Path Group:             sys_clk_pin
  Path Type:              Hold (Min at Fast Process Corner)
  Requirement:            0.000ns  (sys_clk_pin rise@0.000ns - sys_clk_pin rise@0.000ns)
  Data Path Delay:        0.288ns  (logic 0.164ns (56.923%)  route 0.124ns (43.077%))
  Logic Levels:           0  
  Clock Path Skew:        0.013ns (DCD - SCD - CPR)
    Destination Clock Delay (DCD):    1.993ns
    Source Clock Delay      (SCD):    1.478ns
    Clock Pessimism Removal (CPR):    0.501ns

    Location             Delay type                Incr(ns)  Path(ns)    Netlist Resource(s)
  -------------------------------------------------------------------    -------------------
                         (clock sys_clk_pin rise edge)
                                                      0.000     0.000 r  
    E3                                                0.000     0.000 r  clk (IN)
                         net (fo=0)                   0.000     0.000    clk
    E3                   IBUF (Prop_ibuf_I_O)         0.250     0.250 r  clk_IBUF_inst/O
                         net (fo=1, routed)           0.644     0.894    clk_IBUF
    BUFGCTRL_X0Y16       BUFG (Prop_bufg_I_O)         0.026     0.920 r  clk_IBUF_BUFG_inst/O
                         net (fo=404, routed)         0.559     1.478    clk_IBUF_BUFG
    SLICE_X58Y68         FDCE                                         r  s1_reg/C
  -------------------------------------------------------------------    -------------------
    SLICE_X58Y68         FDCE (Prop_fdce_C_Q)         0.164     1.642 r  s1_reg/Q
                         net (fo=2, routed)           0.124     1.766    game_logic/BTND
    SLICE_X59Y68         FDCE                                         r  game_logic/bd0_reg/D
  -------------------------------------------------------------------    -------------------

                         (clock sys_clk_pin rise edge)
                                                      0.000     0.000 r  
    E3                                                0.000     0.000 r  clk (IN)
                         net (fo=0)                   0.000     0.000    clk
    E3                   IBUF (Prop_ibuf_I_O)         0.438     0.438 r  clk_IBUF_inst/O
                         net (fo=1, routed)           0.699     1.136    clk_IBUF
    BUFGCTRL_X0Y16       BUFG (Prop_bufg_I_O)         0.029     1.165 r  clk_IBUF_BUFG_inst/O
                         net (fo=404, routed)         0.828     1.993    game_logic/clk
    SLICE_X59Y68         FDCE                                         r  game_logic/bd0_reg/C
                         clock pessimism             -0.501     1.491    
    SLICE_X59Y68         FDCE (Hold_fdce_C_D)         0.070     1.561    game_logic/bd0_reg
  -------------------------------------------------------------------
                         required time                         -1.561    
                         arrival time                           1.766    
  -------------------------------------------------------------------
                         slack                                  0.205    

Slack (MET) :             0.208ns  (arrival time - required time)
  Source:                 d1_reg/C
                            (rising edge-triggered cell FDCE clocked by sys_clk_pin  {rise@0.000ns fall@5.000ns period=10.000ns})
  Destination:            game_logic/br0_reg/D
                            (rising edge-triggered cell FDCE clocked by sys_clk_pin  {rise@0.000ns fall@5.000ns period=10.000ns})
  Path Group:             sys_clk_pin
  Path Type:              Hold (Min at Fast Process Corner)
  Requirement:            0.000ns  (sys_clk_pin rise@0.000ns - sys_clk_pin rise@0.000ns)
  Data Path Delay:        0.291ns  (logic 0.164ns (56.305%)  route 0.127ns (43.695%))
  Logic Levels:           0  
  Clock Path Skew:        0.013ns (DCD - SCD - CPR)
    Destination Clock Delay (DCD):    1.993ns
    Source Clock Delay      (SCD):    1.478ns
    Clock Pessimism Removal (CPR):    0.501ns

    Location             Delay type                Incr(ns)  Path(ns)    Netlist Resource(s)
  -------------------------------------------------------------------    -------------------
                         (clock sys_clk_pin rise edge)
                                                      0.000     0.000 r  
    E3                                                0.000     0.000 r  clk (IN)
                         net (fo=0)                   0.000     0.000    clk
    E3                   IBUF (Prop_ibuf_I_O)         0.250     0.250 r  clk_IBUF_inst/O
                         net (fo=1, routed)           0.644     0.894    clk_IBUF
    BUFGCTRL_X0Y16       BUFG (Prop_bufg_I_O)         0.026     0.920 r  clk_IBUF_BUFG_inst/O
                         net (fo=404, routed)         0.559     1.478    clk_IBUF_BUFG
    SLICE_X58Y68         FDCE                                         r  d1_reg/C
  -------------------------------------------------------------------    -------------------
    SLICE_X58Y68         FDCE (Prop_fdce_C_Q)         0.164     1.642 r  d1_reg/Q
                         net (fo=2, routed)           0.127     1.770    game_logic/BTNR
    SLICE_X59Y68         FDCE                                         r  game_logic/br0_reg/D
  -------------------------------------------------------------------    -------------------

                         (clock sys_clk_pin rise edge)
                                                      0.000     0.000 r  
    E3                                                0.000     0.000 r  clk (IN)
                         net (fo=0)                   0.000     0.000    clk
    E3                   IBUF (Prop_ibuf_I_O)         0.438     0.438 r  clk_IBUF_inst/O
                         net (fo=1, routed)           0.699     1.136    clk_IBUF
    BUFGCTRL_X0Y16       BUFG (Prop_bufg_I_O)         0.029     1.165 r  clk_IBUF_BUFG_inst/O
                         net (fo=404, routed)         0.828     1.993    game_logic/clk
    SLICE_X59Y68         FDCE                                         r  game_logic/br0_reg/C
                         clock pessimism             -0.501     1.491    
    SLICE_X59Y68         FDCE (Hold_fdce_C_D)         0.070     1.561    game_logic/br0_reg
  -------------------------------------------------------------------
                         required time                         -1.561    
                         arrival time                           1.770    
  -------------------------------------------------------------------
                         slack                                  0.208    

Slack (MET) :             0.212ns  (arrival time - required time)
  Source:                 a1_reg/C
                            (rising edge-triggered cell FDCE clocked by sys_clk_pin  {rise@0.000ns fall@5.000ns period=10.000ns})
  Destination:            game_logic/bl0_reg/D
                            (rising edge-triggered cell FDCE clocked by sys_clk_pin  {rise@0.000ns fall@5.000ns period=10.000ns})
  Path Group:             sys_clk_pin
  Path Type:              Hold (Min at Fast Process Corner)
  Requirement:            0.000ns  (sys_clk_pin rise@0.000ns - sys_clk_pin rise@0.000ns)
  Data Path Delay:        0.291ns  (logic 0.164ns (56.305%)  route 0.127ns (43.695%))
  Logic Levels:           0  
  Clock Path Skew:        0.013ns (DCD - SCD - CPR)
    Destination Clock Delay (DCD):    1.993ns
    Source Clock Delay      (SCD):    1.478ns
    Clock Pessimism Removal (CPR):    0.501ns

    Location             Delay type                Incr(ns)  Path(ns)    Netlist Resource(s)
  -------------------------------------------------------------------    -------------------
                         (clock sys_clk_pin rise edge)
                                                      0.000     0.000 r  
    E3                                                0.000     0.000 r  clk (IN)
                         net (fo=0)                   0.000     0.000    clk
    E3                   IBUF (Prop_ibuf_I_O)         0.250     0.250 r  clk_IBUF_inst/O
                         net (fo=1, routed)           0.644     0.894    clk_IBUF
    BUFGCTRL_X0Y16       BUFG (Prop_bufg_I_O)         0.026     0.920 r  clk_IBUF_BUFG_inst/O
                         net (fo=404, routed)         0.559     1.478    clk_IBUF_BUFG
    SLICE_X58Y68         FDCE                                         r  a1_reg/C
  -------------------------------------------------------------------    -------------------
    SLICE_X58Y68         FDCE (Prop_fdce_C_Q)         0.164     1.642 r  a1_reg/Q
                         net (fo=2, routed)           0.127     1.770    game_logic/BTNL
    SLICE_X59Y68         FDCE                                         r  game_logic/bl0_reg/D
  -------------------------------------------------------------------    -------------------

                         (clock sys_clk_pin rise edge)
                                                      0.000     0.000 r  
    E3                                                0.000     0.000 r  clk (IN)
                         net (fo=0)                   0.000     0.000    clk
    E3                   IBUF (Prop_ibuf_I_O)         0.438     0.438 r  clk_IBUF_inst/O
                         net (fo=1, routed)           0.699     1.136    clk_IBUF
    BUFGCTRL_X0Y16       BUFG (Prop_bufg_I_O)         0.029     1.165 r  clk_IBUF_BUFG_inst/O
                         net (fo=404, routed)         0.828     1.993    game_logic/clk
    SLICE_X59Y68         FDCE                                         r  game_logic/bl0_reg/C
                         clock pessimism             -0.501     1.491    
    SLICE_X59Y68         FDCE (Hold_fdce_C_D)         0.066     1.557    game_logic/bl0_reg
  -------------------------------------------------------------------
                         required time                         -1.557    
                         arrival time                           1.770    
  -------------------------------------------------------------------
                         slack                                  0.212    

Slack (MET) :             0.217ns  (arrival time - required time)
  Source:                 game_logic/lines_to_clear_reg[9]_P/C
                            (rising edge-triggered cell FDRE clocked by sys_clk_pin  {rise@0.000ns fall@5.000ns period=10.000ns})
  Destination:            game_logic/lines_to_clear_reg[9]_P/D
                            (rising edge-triggered cell FDRE clocked by sys_clk_pin  {rise@0.000ns fall@5.000ns period=10.000ns})
  Path Group:             sys_clk_pin
  Path Type:              Hold (Min at Fast Process Corner)
  Requirement:            0.000ns  (sys_clk_pin rise@0.000ns - sys_clk_pin rise@0.000ns)
  Data Path Delay:        0.309ns  (logic 0.186ns (60.277%)  route 0.123ns (39.723%))
  Logic Levels:           1  (LUT6=1)
  Clock Path Skew:        0.000ns (DCD - SCD - CPR)
    Destination Clock Delay (DCD):    2.088ns
    Source Clock Delay      (SCD):    1.569ns
    Clock Pessimism Removal (CPR):    0.519ns

    Location             Delay type                Incr(ns)  Path(ns)    Netlist Resource(s)
  -------------------------------------------------------------------    -------------------
                         (clock sys_clk_pin rise edge)
                                                      0.000     0.000 r  
    E3                                                0.000     0.000 r  clk (IN)
                         net (fo=0)                   0.000     0.000    clk
    E3                   IBUF (Prop_ibuf_I_O)         0.250     0.250 r  clk_IBUF_inst/O
                         net (fo=1, routed)           0.644     0.894    clk_IBUF
    BUFGCTRL_X0Y16       BUFG (Prop_bufg_I_O)         0.026     0.920 r  clk_IBUF_BUFG_inst/O
                         net (fo=404, routed)         0.649     1.569    game_logic/clk
    SLICE_X79Y32         FDRE                                         r  game_logic/lines_to_clear_reg[9]_P/C
  -------------------------------------------------------------------    -------------------
    SLICE_X79Y32         FDRE (Prop_fdre_C_Q)         0.141     1.710 r  game_logic/lines_to_clear_reg[9]_P/Q
                         net (fo=2, routed)           0.123     1.833    game_logic/lines_to_clear_reg[9]_P_n_0
    SLICE_X79Y32         LUT6 (Prop_lut6_I5_O)        0.045     1.878 r  game_logic/lines_to_clear[9]_P_i_1/O
                         net (fo=1, routed)           0.000     1.878    game_logic/lines_to_clear[9]_P_i_1_n_0
    SLICE_X79Y32         FDRE                                         r  game_logic/lines_to_clear_reg[9]_P/D
  -------------------------------------------------------------------    -------------------

                         (clock sys_clk_pin rise edge)
                                                      0.000     0.000 r  
    E3                                                0.000     0.000 r  clk (IN)
                         net (fo=0)                   0.000     0.000    clk
    E3                   IBUF (Prop_ibuf_I_O)         0.438     0.438 r  clk_IBUF_inst/O
                         net (fo=1, routed)           0.699     1.136    clk_IBUF
    BUFGCTRL_X0Y16       BUFG (Prop_bufg_I_O)         0.029     1.165 r  clk_IBUF_BUFG_inst/O
                         net (fo=404, routed)         0.923     2.088    game_logic/clk
    SLICE_X79Y32         FDRE                                         r  game_logic/lines_to_clear_reg[9]_P/C
                         clock pessimism             -0.519     1.569    
    SLICE_X79Y32         FDRE (Hold_fdre_C_D)         0.092     1.661    game_logic/lines_to_clear_reg[9]_P
  -------------------------------------------------------------------
                         required time                         -1.661    
                         arrival time                           1.878    
  -------------------------------------------------------------------
                         slack                                  0.217    

Slack (MET) :             0.217ns  (arrival time - required time)
  Source:                 game_logic/bd1_reg/C
                            (rising edge-triggered cell FDCE clocked by sys_clk_pin  {rise@0.000ns fall@5.000ns period=10.000ns})
  Destination:            game_logic/game_started_reg/D
                            (rising edge-triggered cell FDCE clocked by sys_clk_pin  {rise@0.000ns fall@5.000ns period=10.000ns})
  Path Group:             sys_clk_pin
  Path Type:              Hold (Min at Fast Process Corner)
  Requirement:            0.000ns  (sys_clk_pin rise@0.000ns - sys_clk_pin rise@0.000ns)
  Data Path Delay:        0.309ns  (logic 0.227ns (73.409%)  route 0.082ns (26.591%))
  Logic Levels:           1  (LUT6=1)
  Clock Path Skew:        0.000ns (DCD - SCD - CPR)
    Destination Clock Delay (DCD):    2.064ns
    Source Clock Delay      (SCD):    1.546ns
    Clock Pessimism Removal (CPR):    0.518ns

    Location             Delay type                Incr(ns)  Path(ns)    Netlist Resource(s)
  -------------------------------------------------------------------    -------------------
                         (clock sys_clk_pin rise edge)
                                                      0.000     0.000 r  
    E3                                                0.000     0.000 r  clk (IN)
                         net (fo=0)                   0.000     0.000    clk
    E3                   IBUF (Prop_ibuf_I_O)         0.250     0.250 r  clk_IBUF_inst/O
                         net (fo=1, routed)           0.644     0.894    clk_IBUF
    BUFGCTRL_X0Y16       BUFG (Prop_bufg_I_O)         0.026     0.920 r  clk_IBUF_BUFG_inst/O
                         net (fo=404, routed)         0.626     1.546    game_logic/clk
    SLICE_X63Y30         FDCE                                         r  game_logic/bd1_reg/C
  -------------------------------------------------------------------    -------------------
    SLICE_X63Y30         FDCE (Prop_fdce_C_Q)         0.128     1.674 f  game_logic/bd1_reg/Q
                         net (fo=3, routed)           0.082     1.756    game_logic/bd1
    SLICE_X63Y30         LUT6 (Prop_lut6_I3_O)        0.099     1.855 r  game_logic/game_started_i_1/O
                         net (fo=1, routed)           0.000     1.855    game_logic/game_started_i_1_n_0
    SLICE_X63Y30         FDCE                                         r  game_logic/game_started_reg/D
  -------------------------------------------------------------------    -------------------

                         (clock sys_clk_pin rise edge)
                                                      0.000     0.000 r  
    E3                                                0.000     0.000 r  clk (IN)
                         net (fo=0)                   0.000     0.000    clk
    E3                   IBUF (Prop_ibuf_I_O)         0.438     0.438 r  clk_IBUF_inst/O
                         net (fo=1, routed)           0.699     1.136    clk_IBUF
    BUFGCTRL_X0Y16       BUFG (Prop_bufg_I_O)         0.029     1.165 r  clk_IBUF_BUFG_inst/O
                         net (fo=404, routed)         0.899     2.064    game_logic/clk
    SLICE_X63Y30         FDCE                                         r  game_logic/game_started_reg/C
                         clock pessimism             -0.518     1.546    
    SLICE_X63Y30         FDCE (Hold_fdce_C_D)         0.092     1.638    game_logic/game_started_reg
  -------------------------------------------------------------------
                         required time                         -1.638    
                         arrival time                           1.855    
  -------------------------------------------------------------------
                         slack                                  0.217    

Slack (MET) :             0.219ns  (arrival time - required time)
  Source:                 game_logic/bd1_reg/C
                            (rising edge-triggered cell FDCE clocked by sys_clk_pin  {rise@0.000ns fall@5.000ns period=10.000ns})
  Destination:            game_logic/game_over_reg/D
                            (rising edge-triggered cell FDCE clocked by sys_clk_pin  {rise@0.000ns fall@5.000ns period=10.000ns})
  Path Group:             sys_clk_pin
  Path Type:              Hold (Min at Fast Process Corner)
  Requirement:            0.000ns  (sys_clk_pin rise@0.000ns - sys_clk_pin rise@0.000ns)
  Data Path Delay:        0.310ns  (logic 0.227ns (73.172%)  route 0.083ns (26.828%))
  Logic Levels:           1  (LUT6=1)
  Clock Path Skew:        0.000ns (DCD - SCD - CPR)
    Destination Clock Delay (DCD):    2.064ns
    Source Clock Delay      (SCD):    1.546ns
    Clock Pessimism Removal (CPR):    0.518ns

    Location             Delay type                Incr(ns)  Path(ns)    Netlist Resource(s)
  -------------------------------------------------------------------    -------------------
                         (clock sys_clk_pin rise edge)
                                                      0.000     0.000 r  
    E3                                                0.000     0.000 r  clk (IN)
                         net (fo=0)                   0.000     0.000    clk
    E3                   IBUF (Prop_ibuf_I_O)         0.250     0.250 r  clk_IBUF_inst/O
                         net (fo=1, routed)           0.644     0.894    clk_IBUF
    BUFGCTRL_X0Y16       BUFG (Prop_bufg_I_O)         0.026     0.920 r  clk_IBUF_BUFG_inst/O
                         net (fo=404, routed)         0.626     1.546    game_logic/clk
    SLICE_X63Y30         FDCE                                         r  game_logic/bd1_reg/C
  -------------------------------------------------------------------    -------------------
    SLICE_X63Y30         FDCE (Prop_fdce_C_Q)         0.128     1.674 r  game_logic/bd1_reg/Q
                         net (fo=3, routed)           0.083     1.757    game_logic/bd1
    SLICE_X63Y30         LUT6 (Prop_lut6_I3_O)        0.099     1.856 r  game_logic/game_over_i_1/O
                         net (fo=1, routed)           0.000     1.856    game_logic/game_over_i_1_n_0
    SLICE_X63Y30         FDCE                                         r  game_logic/game_over_reg/D
  -------------------------------------------------------------------    -------------------

                         (clock sys_clk_pin rise edge)
                                                      0.000     0.000 r  
    E3                                                0.000     0.000 r  clk (IN)
                         net (fo=0)                   0.000     0.000    clk
    E3                   IBUF (Prop_ibuf_I_O)         0.438     0.438 r  clk_IBUF_inst/O
                         net (fo=1, routed)           0.699     1.136    clk_IBUF
    BUFGCTRL_X0Y16       BUFG (Prop_bufg_I_O)         0.029     1.165 r  clk_IBUF_BUFG_inst/O
                         net (fo=404, routed)         0.899     2.064    game_logic/clk
    SLICE_X63Y30         FDCE                                         r  game_logic/game_over_reg/C
                         clock pessimism             -0.518     1.546    
    SLICE_X63Y30         FDCE (Hold_fdce_C_D)         0.091     1.637    game_logic/game_over_reg
  -------------------------------------------------------------------
                         required time                         -1.637    
                         arrival time                           1.856    
  -------------------------------------------------------------------
                         slack                                  0.219    

Slack (MET) :             0.228ns  (arrival time - required time)
  Source:                 rend/data_in_reg[11]/C
                            (rising edge-triggered cell FDSE clocked by sys_clk_pin  {rise@0.000ns fall@5.000ns period=10.000ns})
  Destination:            Vram/U0/inst_blk_mem_gen/gnbram.gnativebmg.native_blk_mem_gen/valid.cstr/ramloop[10].ram.r/prim_noinit.ram/DEVICE_7SERIES.NO_BMM_INFO.TRUE_DP.SIMPLE_PRIM36.ram/DIPBDIP[0]
                            (rising edge-triggered cell RAMB36E1 clocked by sys_clk_pin  {rise@0.000ns fall@5.000ns period=10.000ns})
  Path Group:             sys_clk_pin
  Path Type:              Hold (Min at Fast Process Corner)
  Requirement:            0.000ns  (sys_clk_pin rise@0.000ns - sys_clk_pin rise@0.000ns)
  Data Path Delay:        0.603ns  (logic 0.141ns (23.391%)  route 0.462ns (76.609%))
  Logic Levels:           0  
  Clock Path Skew:        0.078ns (DCD - SCD - CPR)
    Destination Clock Delay (DCD):    2.104ns
    Source Clock Delay      (SCD):    1.543ns
    Clock Pessimism Removal (CPR):    0.483ns

    Location             Delay type                Incr(ns)  Path(ns)    Netlist Resource(s)
  -------------------------------------------------------------------    -------------------
                         (clock sys_clk_pin rise edge)
                                                      0.000     0.000 r  
    E3                                                0.000     0.000 r  clk (IN)
                         net (fo=0)                   0.000     0.000    clk
    E3                   IBUF (Prop_ibuf_I_O)         0.250     0.250 r  clk_IBUF_inst/O
                         net (fo=1, routed)           0.644     0.894    clk_IBUF
    BUFGCTRL_X0Y16       BUFG (Prop_bufg_I_O)         0.026     0.920 r  clk_IBUF_BUFG_inst/O
                         net (fo=404, routed)         0.623     1.543    rend/clk
    SLICE_X57Y30         FDSE                                         r  rend/data_in_reg[11]/C
  -------------------------------------------------------------------    -------------------
    SLICE_X57Y30         FDSE (Prop_fdse_C_Q)         0.141     1.684 r  rend/data_in_reg[11]/Q
                         net (fo=8, routed)           0.462     2.146    Vram/U0/inst_blk_mem_gen/gnbram.gnativebmg.native_blk_mem_gen/valid.cstr/ramloop[10].ram.r/prim_noinit.ram/dinb[8]
    RAMB36_X1Y4          RAMB36E1                                     r  Vram/U0/inst_blk_mem_gen/gnbram.gnativebmg.native_blk_mem_gen/valid.cstr/ramloop[10].ram.r/prim_noinit.ram/DEVICE_7SERIES.NO_BMM_INFO.TRUE_DP.SIMPLE_PRIM36.ram/DIPBDIP[0]
  -------------------------------------------------------------------    -------------------

                         (clock sys_clk_pin rise edge)
                                                      0.000     0.000 r  
    E3                                                0.000     0.000 r  clk (IN)
                         net (fo=0)                   0.000     0.000    clk
    E3                   IBUF (Prop_ibuf_I_O)         0.438     0.438 r  clk_IBUF_inst/O
                         net (fo=1, routed)           0.699     1.136    clk_IBUF
    BUFGCTRL_X0Y16       BUFG (Prop_bufg_I_O)         0.029     1.165 r  clk_IBUF_BUFG_inst/O
                         net (fo=404, routed)         0.939     2.104    Vram/U0/inst_blk_mem_gen/gnbram.gnativebmg.native_blk_mem_gen/valid.cstr/ramloop[10].ram.r/prim_noinit.ram/clkb
    RAMB36_X1Y4          RAMB36E1                                     r  Vram/U0/inst_blk_mem_gen/gnbram.gnativebmg.native_blk_mem_gen/valid.cstr/ramloop[10].ram.r/prim_noinit.ram/DEVICE_7SERIES.NO_BMM_INFO.TRUE_DP.SIMPLE_PRIM36.ram/CLKBWRCLK
                         clock pessimism             -0.483     1.621    
    RAMB36_X1Y4          RAMB36E1 (Hold_ramb36e1_CLKBWRCLK_DIPBDIP[0])
                                                      0.296     1.917    Vram/U0/inst_blk_mem_gen/gnbram.gnativebmg.native_blk_mem_gen/valid.cstr/ramloop[10].ram.r/prim_noinit.ram/DEVICE_7SERIES.NO_BMM_INFO.TRUE_DP.SIMPLE_PRIM36.ram
  -------------------------------------------------------------------
                         required time                         -1.917    
                         arrival time                           2.146    
  -------------------------------------------------------------------
                         slack                                  0.228    





Pulse Width Checks
--------------------------------------------------------------------------------------
Clock Name:         sys_clk_pin
Waveform(ns):       { 0.000 5.000 }
Period(ns):         10.000
Sources:            { clk }

Check Type        Corner  Lib Pin             Reference Pin  Required(ns)  Actual(ns)  Slack(ns)  Location      Pin
Min Period        n/a     RAMB36E1/CLKBWRCLK  n/a            2.576         10.000      7.424      RAMB36_X2Y4   Vram/U0/inst_blk_mem_gen/gnbram.gnativebmg.native_blk_mem_gen/valid.cstr/ramloop[0].ram.r/prim_noinit.ram/DEVICE_7SERIES.NO_BMM_INFO.TRUE_DP.SIMPLE_PRIM36.ram/CLKBWRCLK
Min Period        n/a     RAMB36E1/CLKBWRCLK  n/a            2.576         10.000      7.424      RAMB36_X1Y4   Vram/U0/inst_blk_mem_gen/gnbram.gnativebmg.native_blk_mem_gen/valid.cstr/ramloop[10].ram.r/prim_noinit.ram/DEVICE_7SERIES.NO_BMM_INFO.TRUE_DP.SIMPLE_PRIM36.ram/CLKBWRCLK
Min Period        n/a     RAMB36E1/CLKBWRCLK  n/a            2.576         10.000      7.424      RAMB36_X2Y5   Vram/U0/inst_blk_mem_gen/gnbram.gnativebmg.native_blk_mem_gen/valid.cstr/ramloop[1].ram.r/prim_noinit.ram/DEVICE_7SERIES.NO_BMM_INFO.TRUE_DP.SIMPLE_PRIM36.ram/CLKBWRCLK
Min Period        n/a     RAMB36E1/CLKBWRCLK  n/a            2.576         10.000      7.424      RAMB36_X1Y5   Vram/U0/inst_blk_mem_gen/gnbram.gnativebmg.native_blk_mem_gen/valid.cstr/ramloop[2].ram.r/prim_noinit.ram/DEVICE_7SERIES.NO_BMM_INFO.TRUE_DP.SIMPLE_PRIM36.ram/CLKBWRCLK
Min Period        n/a     RAMB36E1/CLKBWRCLK  n/a            2.576         10.000      7.424      RAMB36_X1Y2   Vram/U0/inst_blk_mem_gen/gnbram.gnativebmg.native_blk_mem_gen/valid.cstr/ramloop[3].ram.r/prim_noinit.ram/DEVICE_7SERIES.NO_BMM_INFO.TRUE_DP.SIMPLE_PRIM36.ram/CLKBWRCLK
Min Period        n/a     RAMB36E1/CLKBWRCLK  n/a            2.576         10.000      7.424      RAMB36_X2Y2   Vram/U0/inst_blk_mem_gen/gnbram.gnativebmg.native_blk_mem_gen/valid.cstr/ramloop[4].ram.r/prim_noinit.ram/DEVICE_7SERIES.NO_BMM_INFO.TRUE_DP.SIMPLE_PRIM36.ram/CLKBWRCLK
Min Period        n/a     RAMB36E1/CLKBWRCLK  n/a            2.576         10.000      7.424      RAMB36_X2Y1   Vram/U0/inst_blk_mem_gen/gnbram.gnativebmg.native_blk_mem_gen/valid.cstr/ramloop[5].ram.r/prim_noinit.ram/DEVICE_7SERIES.NO_BMM_INFO.TRUE_DP.SIMPLE_PRIM36.ram/CLKBWRCLK
Min Period        n/a     RAMB36E1/CLKBWRCLK  n/a            2.576         10.000      7.424      RAMB36_X1Y0   Vram/U0/inst_blk_mem_gen/gnbram.gnativebmg.native_blk_mem_gen/valid.cstr/ramloop[6].ram.r/prim_noinit.ram/DEVICE_7SERIES.NO_BMM_INFO.TRUE_DP.SIMPLE_PRIM36.ram/CLKBWRCLK
Min Period        n/a     RAMB36E1/CLKBWRCLK  n/a            2.576         10.000      7.424      RAMB36_X1Y3   Vram/U0/inst_blk_mem_gen/gnbram.gnativebmg.native_blk_mem_gen/valid.cstr/ramloop[7].ram.r/prim_noinit.ram/DEVICE_7SERIES.NO_BMM_INFO.TRUE_DP.SIMPLE_PRIM36.ram/CLKBWRCLK
Min Period        n/a     RAMB36E1/CLKBWRCLK  n/a            2.576         10.000      7.424      RAMB36_X1Y1   Vram/U0/inst_blk_mem_gen/gnbram.gnativebmg.native_blk_mem_gen/valid.cstr/ramloop[8].ram.r/prim_noinit.ram/DEVICE_7SERIES.NO_BMM_INFO.TRUE_DP.SIMPLE_PRIM36.ram/CLKBWRCLK
Low Pulse Width   Slow    FDCE/C              n/a            0.500         5.000       4.500      SLICE_X58Y68  a1_reg/C
Low Pulse Width   Fast    FDCE/C              n/a            0.500         5.000       4.500      SLICE_X58Y68  a1_reg/C
Low Pulse Width   Slow    FDCE/C              n/a            0.500         5.000       4.500      SLICE_X58Y68  d1_reg/C
Low Pulse Width   Fast    FDCE/C              n/a            0.500         5.000       4.500      SLICE_X58Y68  d1_reg/C
Low Pulse Width   Slow    FDCE/C              n/a            0.500         5.000       4.500      SLICE_X58Y68  s1_reg/C
Low Pulse Width   Fast    FDCE/C              n/a            0.500         5.000       4.500      SLICE_X58Y68  s1_reg/C
Low Pulse Width   Slow    FDRE/C              n/a            0.500         5.000       4.500      SLICE_X60Y71  temp_reg[0]/C
Low Pulse Width   Fast    FDRE/C              n/a            0.500         5.000       4.500      SLICE_X60Y71  temp_reg[0]/C
Low Pulse Width   Slow    FDRE/C              n/a            0.500         5.000       4.500      SLICE_X60Y71  temp_reg[1]/C
Low Pulse Width   Fast    FDRE/C              n/a            0.500         5.000       4.500      SLICE_X60Y71  temp_reg[1]/C
High Pulse Width  Slow    FDCE/C              n/a            0.500         5.000       4.500      SLICE_X58Y68  a1_reg/C
High Pulse Width  Fast    FDCE/C              n/a            0.500         5.000       4.500      SLICE_X58Y68  a1_reg/C
High Pulse Width  Slow    FDCE/C              n/a            0.500         5.000       4.500      SLICE_X58Y68  d1_reg/C
High Pulse Width  Fast    FDCE/C              n/a            0.500         5.000       4.500      SLICE_X58Y68  d1_reg/C
High Pulse Width  Slow    FDCE/C              n/a            0.500         5.000       4.500      SLICE_X58Y68  s1_reg/C
High Pulse Width  Fast    FDCE/C              n/a            0.500         5.000       4.500      SLICE_X58Y68  s1_reg/C
High Pulse Width  Slow    FDRE/C              n/a            0.500         5.000       4.500      SLICE_X60Y71  temp_reg[0]/C
High Pulse Width  Fast    FDRE/C              n/a            0.500         5.000       4.500      SLICE_X60Y71  temp_reg[0]/C
High Pulse Width  Slow    FDRE/C              n/a            0.500         5.000       4.500      SLICE_X60Y71  temp_reg[1]/C
High Pulse Width  Fast    FDRE/C              n/a            0.500         5.000       4.500      SLICE_X60Y71  temp_reg[1]/C



--------------------------------------------------------------------------------------
Path Group:  (none)
From Clock:  
  To Clock:  

Max Delay            31 Endpoints
Min Delay            31 Endpoints
--------------------------------------------------------------------------------------


Max Delay Paths
--------------------------------------------------------------------------------------
Slack:                    inf
  Source:                 rstn
                            (input port)
  Destination:            keyboard/counter_reg[0]/CLR
  Path Group:             (none)
  Path Type:              Max at Slow Process Corner
  Data Path Delay:        14.475ns  (logic 1.631ns (11.268%)  route 12.844ns (88.732%))
  Logic Levels:           2  (IBUF=1 LUT1=1)

    Location             Delay type                Incr(ns)  Path(ns)    Netlist Resource(s)
  -------------------------------------------------------------------    -------------------
    C12                                               0.000     0.000 r  rstn (IN)
                         net (fo=0)                   0.000     0.000    rstn
    C12                  IBUF (Prop_ibuf_I_O)         1.507     1.507 r  rstn_IBUF_inst/O
                         net (fo=28, routed)          6.998     8.505    game_logic/rstn_IBUF
    SLICE_X62Y18         LUT1 (Prop_lut1_I0_O)        0.124     8.629 f  game_logic/cur_y[4]_i_3/O
                         net (fo=334, routed)         5.845    14.475    keyboard/key_event_reg[0]_3
    SLICE_X58Y73         FDCE                                         f  keyboard/counter_reg[0]/CLR
  -------------------------------------------------------------------    -------------------

Slack:                    inf
  Source:                 rstn
                            (input port)
  Destination:            keyboard/counter_reg[1]/CLR
  Path Group:             (none)
  Path Type:              Max at Slow Process Corner
  Data Path Delay:        14.475ns  (logic 1.631ns (11.268%)  route 12.844ns (88.732%))
  Logic Levels:           2  (IBUF=1 LUT1=1)

    Location             Delay type                Incr(ns)  Path(ns)    Netlist Resource(s)
  -------------------------------------------------------------------    -------------------
    C12                                               0.000     0.000 r  rstn (IN)
                         net (fo=0)                   0.000     0.000    rstn
    C12                  IBUF (Prop_ibuf_I_O)         1.507     1.507 r  rstn_IBUF_inst/O
                         net (fo=28, routed)          6.998     8.505    game_logic/rstn_IBUF
    SLICE_X62Y18         LUT1 (Prop_lut1_I0_O)        0.124     8.629 f  game_logic/cur_y[4]_i_3/O
                         net (fo=334, routed)         5.845    14.475    keyboard/key_event_reg[0]_3
    SLICE_X58Y73         FDCE                                         f  keyboard/counter_reg[1]/CLR
  -------------------------------------------------------------------    -------------------

Slack:                    inf
  Source:                 rstn
                            (input port)
  Destination:            keyboard/counter_reg[2]/CLR
  Path Group:             (none)
  Path Type:              Max at Slow Process Corner
  Data Path Delay:        14.475ns  (logic 1.631ns (11.268%)  route 12.844ns (88.732%))
  Logic Levels:           2  (IBUF=1 LUT1=1)

    Location             Delay type                Incr(ns)  Path(ns)    Netlist Resource(s)
  -------------------------------------------------------------------    -------------------
    C12                                               0.000     0.000 r  rstn (IN)
                         net (fo=0)                   0.000     0.000    rstn
    C12                  IBUF (Prop_ibuf_I_O)         1.507     1.507 r  rstn_IBUF_inst/O
                         net (fo=28, routed)          6.998     8.505    game_logic/rstn_IBUF
    SLICE_X62Y18         LUT1 (Prop_lut1_I0_O)        0.124     8.629 f  game_logic/cur_y[4]_i_3/O
                         net (fo=334, routed)         5.845    14.475    keyboard/key_event_reg[0]_3
    SLICE_X58Y73         FDCE                                         f  keyboard/counter_reg[2]/CLR
  -------------------------------------------------------------------    -------------------

Slack:                    inf
  Source:                 rstn
                            (input port)
  Destination:            keyboard/counter_reg[3]/CLR
  Path Group:             (none)
  Path Type:              Max at Slow Process Corner
  Data Path Delay:        14.475ns  (logic 1.631ns (11.268%)  route 12.844ns (88.732%))
  Logic Levels:           2  (IBUF=1 LUT1=1)

    Location             Delay type                Incr(ns)  Path(ns)    Netlist Resource(s)
  -------------------------------------------------------------------    -------------------
    C12                                               0.000     0.000 r  rstn (IN)
                         net (fo=0)                   0.000     0.000    rstn
    C12                  IBUF (Prop_ibuf_I_O)         1.507     1.507 r  rstn_IBUF_inst/O
                         net (fo=28, routed)          6.998     8.505    game_logic/rstn_IBUF
    SLICE_X62Y18         LUT1 (Prop_lut1_I0_O)        0.124     8.629 f  game_logic/cur_y[4]_i_3/O
                         net (fo=334, routed)         5.845    14.475    keyboard/key_event_reg[0]_3
    SLICE_X58Y73         FDCE                                         f  keyboard/counter_reg[3]/CLR
  -------------------------------------------------------------------    -------------------

Slack:                    inf
  Source:                 rstn
                            (input port)
  Destination:            keyboard/buffer_reg[10]/CLR
  Path Group:             (none)
  Path Type:              Max at Slow Process Corner
  Data Path Delay:        14.204ns  (logic 1.631ns (11.483%)  route 12.573ns (88.517%))
  Logic Levels:           2  (IBUF=1 LUT1=1)

    Location             Delay type                Incr(ns)  Path(ns)    Netlist Resource(s)
  -------------------------------------------------------------------    -------------------
    C12                                               0.000     0.000 r  rstn (IN)
                         net (fo=0)                   0.000     0.000    rstn
    C12                  IBUF (Prop_ibuf_I_O)         1.507     1.507 r  rstn_IBUF_inst/O
                         net (fo=28, routed)          6.998     8.505    game_logic/rstn_IBUF
    SLICE_X62Y18         LUT1 (Prop_lut1_I0_O)        0.124     8.629 f  game_logic/cur_y[4]_i_3/O
                         net (fo=334, routed)         5.575    14.204    keyboard/key_event_reg[0]_3
    SLICE_X60Y72         FDCE                                         f  keyboard/buffer_reg[10]/CLR
  -------------------------------------------------------------------    -------------------

Slack:                    inf
  Source:                 rstn
                            (input port)
  Destination:            keyboard/buffer_reg[9]/CLR
  Path Group:             (none)
  Path Type:              Max at Slow Process Corner
  Data Path Delay:        14.204ns  (logic 1.631ns (11.483%)  route 12.573ns (88.517%))
  Logic Levels:           2  (IBUF=1 LUT1=1)

    Location             Delay type                Incr(ns)  Path(ns)    Netlist Resource(s)
  -------------------------------------------------------------------    -------------------
    C12                                               0.000     0.000 r  rstn (IN)
                         net (fo=0)                   0.000     0.000    rstn
    C12                  IBUF (Prop_ibuf_I_O)         1.507     1.507 r  rstn_IBUF_inst/O
                         net (fo=28, routed)          6.998     8.505    game_logic/rstn_IBUF
    SLICE_X62Y18         LUT1 (Prop_lut1_I0_O)        0.124     8.629 f  game_logic/cur_y[4]_i_3/O
                         net (fo=334, routed)         5.575    14.204    keyboard/key_event_reg[0]_3
    SLICE_X60Y72         FDCE                                         f  keyboard/buffer_reg[9]/CLR
  -------------------------------------------------------------------    -------------------

Slack:                    inf
  Source:                 rstn
                            (input port)
  Destination:            keyboard/key_event_reg[5]/CLR
  Path Group:             (none)
  Path Type:              Max at Slow Process Corner
  Data Path Delay:        14.204ns  (logic 1.631ns (11.483%)  route 12.573ns (88.517%))
  Logic Levels:           2  (IBUF=1 LUT1=1)

    Location             Delay type                Incr(ns)  Path(ns)    Netlist Resource(s)
  -------------------------------------------------------------------    -------------------
    C12                                               0.000     0.000 r  rstn (IN)
                         net (fo=0)                   0.000     0.000    rstn
    C12                  IBUF (Prop_ibuf_I_O)         1.507     1.507 r  rstn_IBUF_inst/O
                         net (fo=28, routed)          6.998     8.505    game_logic/rstn_IBUF
    SLICE_X62Y18         LUT1 (Prop_lut1_I0_O)        0.124     8.629 f  game_logic/cur_y[4]_i_3/O
                         net (fo=334, routed)         5.575    14.204    keyboard/key_event_reg[0]_3
    SLICE_X60Y72         FDCE                                         f  keyboard/key_event_reg[5]/CLR
  -------------------------------------------------------------------    -------------------

Slack:                    inf
  Source:                 rstn
                            (input port)
  Destination:            keyboard/key_event_reg[6]/CLR
  Path Group:             (none)
  Path Type:              Max at Slow Process Corner
  Data Path Delay:        14.204ns  (logic 1.631ns (11.483%)  route 12.573ns (88.517%))
  Logic Levels:           2  (IBUF=1 LUT1=1)

    Location             Delay type                Incr(ns)  Path(ns)    Netlist Resource(s)
  -------------------------------------------------------------------    -------------------
    C12                                               0.000     0.000 r  rstn (IN)
                         net (fo=0)                   0.000     0.000    rstn
    C12                  IBUF (Prop_ibuf_I_O)         1.507     1.507 r  rstn_IBUF_inst/O
                         net (fo=28, routed)          6.998     8.505    game_logic/rstn_IBUF
    SLICE_X62Y18         LUT1 (Prop_lut1_I0_O)        0.124     8.629 f  game_logic/cur_y[4]_i_3/O
                         net (fo=334, routed)         5.575    14.204    keyboard/key_event_reg[0]_3
    SLICE_X60Y72         FDCE                                         f  keyboard/key_event_reg[6]/CLR
  -------------------------------------------------------------------    -------------------

Slack:                    inf
  Source:                 rstn
                            (input port)
  Destination:            keyboard/key_event_reg[7]/CLR
  Path Group:             (none)
  Path Type:              Max at Slow Process Corner
  Data Path Delay:        14.204ns  (logic 1.631ns (11.483%)  route 12.573ns (88.517%))
  Logic Levels:           2  (IBUF=1 LUT1=1)

    Location             Delay type                Incr(ns)  Path(ns)    Netlist Resource(s)
  -------------------------------------------------------------------    -------------------
    C12                                               0.000     0.000 r  rstn (IN)
                         net (fo=0)                   0.000     0.000    rstn
    C12                  IBUF (Prop_ibuf_I_O)         1.507     1.507 r  rstn_IBUF_inst/O
                         net (fo=28, routed)          6.998     8.505    game_logic/rstn_IBUF
    SLICE_X62Y18         LUT1 (Prop_lut1_I0_O)        0.124     8.629 f  game_logic/cur_y[4]_i_3/O
                         net (fo=334, routed)         5.575    14.204    keyboard/key_event_reg[0]_3
    SLICE_X60Y72         FDCE                                         f  keyboard/key_event_reg[7]/CLR
  -------------------------------------------------------------------    -------------------

Slack:                    inf
  Source:                 rstn
                            (input port)
  Destination:            keyboard/key_event_reg[10]/CLR
  Path Group:             (none)
  Path Type:              Max at Slow Process Corner
  Data Path Delay:        14.175ns  (logic 1.631ns (11.506%)  route 12.544ns (88.494%))
  Logic Levels:           2  (IBUF=1 LUT1=1)

    Location             Delay type                Incr(ns)  Path(ns)    Netlist Resource(s)
  -------------------------------------------------------------------    -------------------
    C12                                               0.000     0.000 r  rstn (IN)
                         net (fo=0)                   0.000     0.000    rstn
    C12                  IBUF (Prop_ibuf_I_O)         1.507     1.507 r  rstn_IBUF_inst/O
                         net (fo=28, routed)          6.998     8.505    game_logic/rstn_IBUF
    SLICE_X62Y18         LUT1 (Prop_lut1_I0_O)        0.124     8.629 f  game_logic/cur_y[4]_i_3/O
                         net (fo=334, routed)         5.546    14.175    keyboard/key_event_reg[0]_3
    SLICE_X59Y71         FDCE                                         f  keyboard/key_event_reg[10]/CLR
  -------------------------------------------------------------------    -------------------





Min Delay Paths
--------------------------------------------------------------------------------------
Slack:                    inf
  Source:                 keyboard/key_event_reg[1]/C
                            (rising edge-triggered cell FDCE)
  Destination:            keyboard/key_event_reg[0]/D
  Path Group:             (none)
  Path Type:              Min at Fast Process Corner
  Data Path Delay:        0.303ns  (logic 0.167ns (55.157%)  route 0.136ns (44.843%))
  Logic Levels:           1  (FDCE=1)

    Location             Delay type                Incr(ns)  Path(ns)    Netlist Resource(s)
  -------------------------------------------------------------------    -------------------
    SLICE_X58Y71         FDCE                         0.000     0.000 r  keyboard/key_event_reg[1]/C
    SLICE_X58Y71         FDCE (Prop_fdce_C_Q)         0.167     0.167 r  keyboard/key_event_reg[1]/Q
                         net (fo=8, routed)           0.136     0.303    keyboard/key_event_reg[1]_0
    SLICE_X60Y70         FDCE                                         r  keyboard/key_event_reg[0]/D
  -------------------------------------------------------------------    -------------------

Slack:                    inf
  Source:                 keyboard/key_event_reg[8]/C
                            (rising edge-triggered cell FDCE)
  Destination:            keyboard/key_event_reg[8]/D
  Path Group:             (none)
  Path Type:              Min at Fast Process Corner
  Data Path Delay:        0.365ns  (logic 0.191ns (52.397%)  route 0.174ns (47.603%))
  Logic Levels:           2  (FDCE=1 LUT6=1)

    Location             Delay type                Incr(ns)  Path(ns)    Netlist Resource(s)
  -------------------------------------------------------------------    -------------------
    SLICE_X59Y71         FDCE                         0.000     0.000 r  keyboard/key_event_reg[8]/C
    SLICE_X59Y71         FDCE (Prop_fdce_C_Q)         0.146     0.146 r  keyboard/key_event_reg[8]/Q
                         net (fo=2, routed)           0.174     0.320    keyboard/p_0_in
    SLICE_X59Y71         LUT6 (Prop_lut6_I5_O)        0.045     0.365 r  keyboard/key_event[8]_i_1/O
                         net (fo=1, routed)           0.000     0.365    keyboard/key_event[8]_i_1_n_0
    SLICE_X59Y71         FDCE                                         r  keyboard/key_event_reg[8]/D
  -------------------------------------------------------------------    -------------------

Slack:                    inf
  Source:                 keyboard/buffer_reg[9]/C
                            (rising edge-triggered cell FDCE)
  Destination:            keyboard/key_event_reg[7]/D
  Path Group:             (none)
  Path Type:              Min at Fast Process Corner
  Data Path Delay:        0.366ns  (logic 0.167ns (45.626%)  route 0.199ns (54.374%))
  Logic Levels:           1  (FDCE=1)

    Location             Delay type                Incr(ns)  Path(ns)    Netlist Resource(s)
  -------------------------------------------------------------------    -------------------
    SLICE_X60Y72         FDCE                         0.000     0.000 r  keyboard/buffer_reg[9]/C
    SLICE_X60Y72         FDCE (Prop_fdce_C_Q)         0.167     0.167 r  keyboard/buffer_reg[9]/Q
                         net (fo=3, routed)           0.199     0.366    keyboard/p_0_in_0[7]
    SLICE_X60Y72         FDCE                                         r  keyboard/key_event_reg[7]/D
  -------------------------------------------------------------------    -------------------

Slack:                    inf
  Source:                 keyboard/key_event_reg[10]/C
                            (rising edge-triggered cell FDCE)
  Destination:            keyboard/key_event_reg[10]/D
  Path Group:             (none)
  Path Type:              Min at Fast Process Corner
  Data Path Delay:        0.370ns  (logic 0.191ns (51.574%)  route 0.179ns (48.426%))
  Logic Levels:           2  (FDCE=1 LUT4=1)

    Location             Delay type                Incr(ns)  Path(ns)    Netlist Resource(s)
  -------------------------------------------------------------------    -------------------
    SLICE_X59Y71         FDCE                         0.000     0.000 r  keyboard/key_event_reg[10]/C
    SLICE_X59Y71         FDCE (Prop_fdce_C_Q)         0.146     0.146 r  keyboard/key_event_reg[10]/Q
                         net (fo=3, routed)           0.179     0.325    keyboard/key_event_reg_n_0_[10]
    SLICE_X59Y71         LUT4 (Prop_lut4_I3_O)        0.045     0.370 r  keyboard/key_event[10]_i_1/O
                         net (fo=1, routed)           0.000     0.370    keyboard/key_event[10]_i_1_n_0
    SLICE_X59Y71         FDCE                                         r  keyboard/key_event_reg[10]/D
  -------------------------------------------------------------------    -------------------

Slack:                    inf
  Source:                 keyboard/key_event_reg[2]/C
                            (rising edge-triggered cell FDCE)
  Destination:            keyboard/key_event_reg[1]/D
  Path Group:             (none)
  Path Type:              Min at Fast Process Corner
  Data Path Delay:        0.380ns  (logic 0.167ns (43.966%)  route 0.213ns (56.034%))
  Logic Levels:           1  (FDCE=1)

    Location             Delay type                Incr(ns)  Path(ns)    Netlist Resource(s)
  -------------------------------------------------------------------    -------------------
    SLICE_X58Y71         FDCE                         0.000     0.000 r  keyboard/key_event_reg[2]/C
    SLICE_X58Y71         FDCE (Prop_fdce_C_Q)         0.167     0.167 r  keyboard/key_event_reg[2]/Q
                         net (fo=7, routed)           0.213     0.380    keyboard/key_event_reg[2]_0
    SLICE_X58Y71         FDCE                                         r  keyboard/key_event_reg[1]/D
  -------------------------------------------------------------------    -------------------

Slack:                    inf
  Source:                 keyboard/counter_reg[2]/C
                            (rising edge-triggered cell FDCE)
  Destination:            keyboard/counter_reg[2]/D
  Path Group:             (none)
  Path Type:              Min at Fast Process Corner
  Data Path Delay:        0.384ns  (logic 0.212ns (55.159%)  route 0.172ns (44.841%))
  Logic Levels:           2  (FDCE=1 LUT3=1)

    Location             Delay type                Incr(ns)  Path(ns)    Netlist Resource(s)
  -------------------------------------------------------------------    -------------------
    SLICE_X58Y73         FDCE                         0.000     0.000 r  keyboard/counter_reg[2]/C
    SLICE_X58Y73         FDCE (Prop_fdce_C_Q)         0.167     0.167 r  keyboard/counter_reg[2]/Q
                         net (fo=5, routed)           0.172     0.339    keyboard/counter[2]
    SLICE_X58Y73         LUT3 (Prop_lut3_I2_O)        0.045     0.384 r  keyboard/counter[2]_i_1/O
                         net (fo=1, routed)           0.000     0.384    keyboard/counter[2]_i_1_n_0
    SLICE_X58Y73         FDCE                                         r  keyboard/counter_reg[2]/D
  -------------------------------------------------------------------    -------------------

Slack:                    inf
  Source:                 keyboard/key_event_reg[4]/C
                            (rising edge-triggered cell FDCE)
  Destination:            keyboard/key_event_reg[3]/D
  Path Group:             (none)
  Path Type:              Min at Fast Process Corner
  Data Path Delay:        0.389ns  (logic 0.133ns (34.208%)  route 0.256ns (65.792%))
  Logic Levels:           1  (FDCE=1)

    Location             Delay type                Incr(ns)  Path(ns)    Netlist Resource(s)
  -------------------------------------------------------------------    -------------------
    SLICE_X59Y71         FDCE                         0.000     0.000 r  keyboard/key_event_reg[4]/C
    SLICE_X59Y71         FDCE (Prop_fdce_C_Q)         0.133     0.133 r  keyboard/key_event_reg[4]/Q
                         net (fo=7, routed)           0.256     0.389    keyboard/key_event_reg[4]_0
    SLICE_X59Y71         FDCE                                         r  keyboard/key_event_reg[3]/D
  -------------------------------------------------------------------    -------------------

Slack:                    inf
  Source:                 keyboard/counter_reg[0]/C
                            (rising edge-triggered cell FDCE)
  Destination:            keyboard/counter_reg[1]/D
  Path Group:             (none)
  Path Type:              Min at Fast Process Corner
  Data Path Delay:        0.396ns  (logic 0.210ns (52.984%)  route 0.186ns (47.016%))
  Logic Levels:           2  (FDCE=1 LUT4=1)

    Location             Delay type                Incr(ns)  Path(ns)    Netlist Resource(s)
  -------------------------------------------------------------------    -------------------
    SLICE_X58Y73         FDCE                         0.000     0.000 r  keyboard/counter_reg[0]/C
    SLICE_X58Y73         FDCE (Prop_fdce_C_Q)         0.167     0.167 r  keyboard/counter_reg[0]/Q
                         net (fo=5, routed)           0.186     0.353    keyboard/counter[0]
    SLICE_X58Y73         LUT4 (Prop_lut4_I0_O)        0.043     0.396 r  keyboard/counter[1]_i_1/O
                         net (fo=1, routed)           0.000     0.396    keyboard/counter[1]_i_1_n_0
    SLICE_X58Y73         FDCE                                         r  keyboard/counter_reg[1]/D
  -------------------------------------------------------------------    -------------------

Slack:                    inf
  Source:                 keyboard/counter_reg[0]/C
                            (rising edge-triggered cell FDCE)
  Destination:            keyboard/counter_reg[0]/D
  Path Group:             (none)
  Path Type:              Min at Fast Process Corner
  Data Path Delay:        0.398ns  (logic 0.212ns (53.221%)  route 0.186ns (46.779%))
  Logic Levels:           2  (FDCE=1 LUT4=1)

    Location             Delay type                Incr(ns)  Path(ns)    Netlist Resource(s)
  -------------------------------------------------------------------    -------------------
    SLICE_X58Y73         FDCE                         0.000     0.000 r  keyboard/counter_reg[0]/C
    SLICE_X58Y73         FDCE (Prop_fdce_C_Q)         0.167     0.167 f  keyboard/counter_reg[0]/Q
                         net (fo=5, routed)           0.186     0.353    keyboard/counter[0]
    SLICE_X58Y73         LUT4 (Prop_lut4_I0_O)        0.045     0.398 r  keyboard/counter[0]_i_1/O
                         net (fo=1, routed)           0.000     0.398    keyboard/counter[0]_i_1_n_0
    SLICE_X58Y73         FDCE                                         r  keyboard/counter_reg[0]/D
  -------------------------------------------------------------------    -------------------

Slack:                    inf
  Source:                 keyboard/counter_reg[0]/C
                            (rising edge-triggered cell FDCE)
  Destination:            keyboard/counter_reg[3]/D
  Path Group:             (none)
  Path Type:              Min at Fast Process Corner
  Data Path Delay:        0.398ns  (logic 0.212ns (53.221%)  route 0.186ns (46.779%))
  Logic Levels:           2  (FDCE=1 LUT4=1)

    Location             Delay type                Incr(ns)  Path(ns)    Netlist Resource(s)
  -------------------------------------------------------------------    -------------------
    SLICE_X58Y73         FDCE                         0.000     0.000 r  keyboard/counter_reg[0]/C
    SLICE_X58Y73         FDCE (Prop_fdce_C_Q)         0.167     0.167 r  keyboard/counter_reg[0]/Q
                         net (fo=5, routed)           0.186     0.353    keyboard/counter[0]
    SLICE_X58Y73         LUT4 (Prop_lut4_I0_O)        0.045     0.398 r  keyboard/counter[3]_i_1/O
                         net (fo=1, routed)           0.000     0.398    keyboard/counter[3]_i_1_n_0
    SLICE_X58Y73         FDCE                                         r  keyboard/counter_reg[3]/D
  -------------------------------------------------------------------    -------------------





--------------------------------------------------------------------------------------
Path Group:  (none)
From Clock:  clk_out1_pclk
  To Clock:  

Max Delay            14 Endpoints
Min Delay            14 Endpoints
--------------------------------------------------------------------------------------


Max Delay Paths
--------------------------------------------------------------------------------------
Slack:                    inf
  Source:                 dst/h_state_reg[1]/C
                            (rising edge-triggered cell FDRE clocked by clk_out1_pclk  {rise@0.000ns fall@10.000ns period=20.000ns})
  Destination:            hs
                            (output port)
  Path Group:             (none)
  Path Type:              Max at Slow Process Corner
  Data Path Delay:        13.750ns  (logic 4.435ns (32.251%)  route 9.315ns (67.749%))
  Logic Levels:           2  (LUT2=1 OBUF=1)
  Clock Uncertainty:      0.178ns  ((TSJ^2 + DJ^2)^1/2) / 2 + PE
    Total System Jitter     (TSJ):    0.050ns
    Discrete Jitter          (DJ):    0.152ns
    Phase Error              (PE):    0.099ns

    Location             Delay type                Incr(ns)  Path(ns)    Netlist Resource(s)
  -------------------------------------------------------------------    -------------------
                         (clock clk_out1_pclk rise edge)
                                                      0.000     0.000 r  
    BUFGCTRL_X0Y16       BUFG                         0.000     0.000 r  clk_IBUF_BUFG_inst/O
                         net (fo=404, routed)         1.809     1.809    clk_ip/inst/clk_in1
    MMCME2_ADV_X0Y0      MMCME2_ADV (Prop_mmcme2_adv_CLKIN1_CLKOUT0)
                                                     -3.922    -2.112 r  clk_ip/inst/mmcm_adv_inst/CLKOUT0
                         net (fo=1, routed)           2.018    -0.094    clk_ip/inst/clk_out1_pclk
    BUFGCTRL_X0Y0        BUFG (Prop_bufg_I_O)         0.096     0.002 r  clk_ip/inst/clkout1_buf/O
                         net (fo=86, routed)          1.840     1.842    dst/CLK
    SLICE_X80Y21         FDRE                                         r  dst/h_state_reg[1]/C
  -------------------------------------------------------------------    -------------------
    SLICE_X80Y21         FDRE (Prop_fdre_C_Q)         0.518     2.360 f  dst/h_state_reg[1]/Q
                         net (fo=26, routed)          1.735     4.095    dst/h_state[1]
    SLICE_X68Y20         LUT2 (Prop_lut2_I0_O)        0.150     4.245 r  dst/hs_OBUF_inst_i_1/O
                         net (fo=1, routed)           7.581    11.826    hs_OBUF
    B11                  OBUF (Prop_obuf_I_O)         3.767    15.592 r  hs_OBUF_inst/O
                         net (fo=0)                   0.000    15.592    hs
    B11                                                               r  hs (OUT)
  -------------------------------------------------------------------    -------------------

Slack:                    inf
  Source:                 dst/v_state_reg[0]/C
                            (rising edge-triggered cell FDRE clocked by clk_out1_pclk  {rise@0.000ns fall@10.000ns period=20.000ns})
  Destination:            vs
                            (output port)
  Path Group:             (none)
  Path Type:              Max at Slow Process Corner
  Data Path Delay:        13.534ns  (logic 4.338ns (32.054%)  route 9.196ns (67.946%))
  Logic Levels:           2  (LUT2=1 OBUF=1)
  Clock Uncertainty:      0.178ns  ((TSJ^2 + DJ^2)^1/2) / 2 + PE
    Total System Jitter     (TSJ):    0.050ns
    Discrete Jitter          (DJ):    0.152ns
    Phase Error              (PE):    0.099ns

    Location             Delay type                Incr(ns)  Path(ns)    Netlist Resource(s)
  -------------------------------------------------------------------    -------------------
                         (clock clk_out1_pclk rise edge)
                                                      0.000     0.000 r  
    BUFGCTRL_X0Y16       BUFG                         0.000     0.000 r  clk_IBUF_BUFG_inst/O
                         net (fo=404, routed)         1.809     1.809    clk_ip/inst/clk_in1
    MMCME2_ADV_X0Y0      MMCME2_ADV (Prop_mmcme2_adv_CLKIN1_CLKOUT0)
                                                     -3.922    -2.112 r  clk_ip/inst/mmcm_adv_inst/CLKOUT0
                         net (fo=1, routed)           2.018    -0.094    clk_ip/inst/clk_out1_pclk
    BUFGCTRL_X0Y0        BUFG (Prop_bufg_I_O)         0.096     0.002 r  clk_ip/inst/clkout1_buf/O
                         net (fo=86, routed)          1.840     1.842    dst/CLK
    SLICE_X80Y21         FDRE                                         r  dst/v_state_reg[0]/C
  -------------------------------------------------------------------    -------------------
    SLICE_X80Y21         FDRE (Prop_fdre_C_Q)         0.478     2.320 f  dst/v_state_reg[0]/Q
                         net (fo=23, routed)          1.547     3.867    dst/v_state[0]
    SLICE_X68Y20         LUT2 (Prop_lut2_I1_O)        0.295     4.162 r  dst/vs_OBUF_inst_i_1/O
                         net (fo=1, routed)           7.649    11.811    vs_OBUF
    B12                  OBUF (Prop_obuf_I_O)         3.565    15.377 r  vs_OBUF_inst/O
                         net (fo=0)                   0.000    15.377    vs
    B12                                                               r  vs (OUT)
  -------------------------------------------------------------------    -------------------

Slack:                    inf
  Source:                 ddp/rgb_reg[7]/C
                            (rising edge-triggered cell FDRE clocked by clk_out1_pclk  {rise@0.000ns fall@10.000ns period=20.000ns})
  Destination:            g[3]
                            (output port)
  Path Group:             (none)
  Path Type:              Max at Slow Process Corner
  Data Path Delay:        11.349ns  (logic 4.002ns (35.268%)  route 7.346ns (64.732%))
  Logic Levels:           1  (OBUF=1)
  Clock Uncertainty:      0.178ns  ((TSJ^2 + DJ^2)^1/2) / 2 + PE
    Total System Jitter     (TSJ):    0.050ns
    Discrete Jitter          (DJ):    0.152ns
    Phase Error              (PE):    0.099ns

    Location             Delay type                Incr(ns)  Path(ns)    Netlist Resource(s)
  -------------------------------------------------------------------    -------------------
                         (clock clk_out1_pclk rise edge)
                                                      0.000     0.000 r  
    BUFGCTRL_X0Y16       BUFG                         0.000     0.000 r  clk_IBUF_BUFG_inst/O
                         net (fo=404, routed)         1.809     1.809    clk_ip/inst/clk_in1
    MMCME2_ADV_X0Y0      MMCME2_ADV (Prop_mmcme2_adv_CLKIN1_CLKOUT0)
                                                     -3.922    -2.112 r  clk_ip/inst/mmcm_adv_inst/CLKOUT0
                         net (fo=1, routed)           2.018    -0.094    clk_ip/inst/clk_out1_pclk
    BUFGCTRL_X0Y0        BUFG (Prop_bufg_I_O)         0.096     0.002 r  clk_ip/inst/clkout1_buf/O
                         net (fo=86, routed)          1.792     1.794    ddp/clk_out1
    SLICE_X68Y19         FDRE                                         r  ddp/rgb_reg[7]/C
  -------------------------------------------------------------------    -------------------
    SLICE_X68Y19         FDRE (Prop_fdre_C_Q)         0.456     2.250 r  ddp/rgb_reg[7]/Q
                         net (fo=1, routed)           7.346     9.597    g_OBUF[3]
    A6                   OBUF (Prop_obuf_I_O)         3.546    13.143 r  g_OBUF[3]_inst/O
                         net (fo=0)                   0.000    13.143    g[3]
    A6                                                                r  g[3] (OUT)
  -------------------------------------------------------------------    -------------------

Slack:                    inf
  Source:                 ddp/rgb_reg[4]/C
                            (rising edge-triggered cell FDRE clocked by clk_out1_pclk  {rise@0.000ns fall@10.000ns period=20.000ns})
  Destination:            g[0]
                            (output port)
  Path Group:             (none)
  Path Type:              Max at Slow Process Corner
  Data Path Delay:        11.188ns  (logic 4.056ns (36.256%)  route 7.131ns (63.744%))
  Logic Levels:           1  (OBUF=1)
  Clock Uncertainty:      0.178ns  ((TSJ^2 + DJ^2)^1/2) / 2 + PE
    Total System Jitter     (TSJ):    0.050ns
    Discrete Jitter          (DJ):    0.152ns
    Phase Error              (PE):    0.099ns

    Location             Delay type                Incr(ns)  Path(ns)    Netlist Resource(s)
  -------------------------------------------------------------------    -------------------
                         (clock clk_out1_pclk rise edge)
                                                      0.000     0.000 r  
    BUFGCTRL_X0Y16       BUFG                         0.000     0.000 r  clk_IBUF_BUFG_inst/O
                         net (fo=404, routed)         1.809     1.809    clk_ip/inst/clk_in1
    MMCME2_ADV_X0Y0      MMCME2_ADV (Prop_mmcme2_adv_CLKIN1_CLKOUT0)
                                                     -3.922    -2.112 r  clk_ip/inst/mmcm_adv_inst/CLKOUT0
                         net (fo=1, routed)           2.018    -0.094    clk_ip/inst/clk_out1_pclk
    BUFGCTRL_X0Y0        BUFG (Prop_bufg_I_O)         0.096     0.002 r  clk_ip/inst/clkout1_buf/O
                         net (fo=86, routed)          1.792     1.794    ddp/clk_out1
    SLICE_X70Y19         FDRE                                         r  ddp/rgb_reg[4]/C
  -------------------------------------------------------------------    -------------------
    SLICE_X70Y19         FDRE (Prop_fdre_C_Q)         0.518     2.312 r  ddp/rgb_reg[4]/Q
                         net (fo=1, routed)           7.131     9.444    g_OBUF[0]
    C6                   OBUF (Prop_obuf_I_O)         3.538    12.982 r  g_OBUF[0]_inst/O
                         net (fo=0)                   0.000    12.982    g[0]
    C6                                                                r  g[0] (OUT)
  -------------------------------------------------------------------    -------------------

Slack:                    inf
  Source:                 ddp/rgb_reg[6]/C
                            (rising edge-triggered cell FDRE clocked by clk_out1_pclk  {rise@0.000ns fall@10.000ns period=20.000ns})
  Destination:            g[2]
                            (output port)
  Path Group:             (none)
  Path Type:              Max at Slow Process Corner
  Data Path Delay:        10.936ns  (logic 4.002ns (36.599%)  route 6.933ns (63.401%))
  Logic Levels:           1  (OBUF=1)
  Clock Uncertainty:      0.178ns  ((TSJ^2 + DJ^2)^1/2) / 2 + PE
    Total System Jitter     (TSJ):    0.050ns
    Discrete Jitter          (DJ):    0.152ns
    Phase Error              (PE):    0.099ns

    Location             Delay type                Incr(ns)  Path(ns)    Netlist Resource(s)
  -------------------------------------------------------------------    -------------------
                         (clock clk_out1_pclk rise edge)
                                                      0.000     0.000 r  
    BUFGCTRL_X0Y16       BUFG                         0.000     0.000 r  clk_IBUF_BUFG_inst/O
                         net (fo=404, routed)         1.809     1.809    clk_ip/inst/clk_in1
    MMCME2_ADV_X0Y0      MMCME2_ADV (Prop_mmcme2_adv_CLKIN1_CLKOUT0)
                                                     -3.922    -2.112 r  clk_ip/inst/mmcm_adv_inst/CLKOUT0
                         net (fo=1, routed)           2.018    -0.094    clk_ip/inst/clk_out1_pclk
    BUFGCTRL_X0Y0        BUFG (Prop_bufg_I_O)         0.096     0.002 r  clk_ip/inst/clkout1_buf/O
                         net (fo=86, routed)          1.792     1.794    ddp/clk_out1
    SLICE_X68Y19         FDRE                                         r  ddp/rgb_reg[6]/C
  -------------------------------------------------------------------    -------------------
    SLICE_X68Y19         FDRE (Prop_fdre_C_Q)         0.456     2.250 r  ddp/rgb_reg[6]/Q
                         net (fo=1, routed)           6.933     9.184    g_OBUF[2]
    B6                   OBUF (Prop_obuf_I_O)         3.546    12.730 r  g_OBUF[2]_inst/O
                         net (fo=0)                   0.000    12.730    g[2]
    B6                                                                r  g[2] (OUT)
  -------------------------------------------------------------------    -------------------

Slack:                    inf
  Source:                 ddp/rgb_reg[10]/C
                            (rising edge-triggered cell FDRE clocked by clk_out1_pclk  {rise@0.000ns fall@10.000ns period=20.000ns})
  Destination:            r[2]
                            (output port)
  Path Group:             (none)
  Path Type:              Max at Slow Process Corner
  Data Path Delay:        10.706ns  (logic 4.126ns (38.542%)  route 6.580ns (61.458%))
  Logic Levels:           1  (OBUF=1)
  Clock Uncertainty:      0.178ns  ((TSJ^2 + DJ^2)^1/2) / 2 + PE
    Total System Jitter     (TSJ):    0.050ns
    Discrete Jitter          (DJ):    0.152ns
    Phase Error              (PE):    0.099ns

    Location             Delay type                Incr(ns)  Path(ns)    Netlist Resource(s)
  -------------------------------------------------------------------    -------------------
                         (clock clk_out1_pclk rise edge)
                                                      0.000     0.000 r  
    BUFGCTRL_X0Y16       BUFG                         0.000     0.000 r  clk_IBUF_BUFG_inst/O
                         net (fo=404, routed)         1.809     1.809    clk_ip/inst/clk_in1
    MMCME2_ADV_X0Y0      MMCME2_ADV (Prop_mmcme2_adv_CLKIN1_CLKOUT0)
                                                     -3.922    -2.112 r  clk_ip/inst/mmcm_adv_inst/CLKOUT0
                         net (fo=1, routed)           2.018    -0.094    clk_ip/inst/clk_out1_pclk
    BUFGCTRL_X0Y0        BUFG (Prop_bufg_I_O)         0.096     0.002 r  clk_ip/inst/clkout1_buf/O
                         net (fo=86, routed)          1.790     1.792    ddp/clk_out1
    SLICE_X69Y21         FDRE                                         r  ddp/rgb_reg[10]/C
  -------------------------------------------------------------------    -------------------
    SLICE_X69Y21         FDRE (Prop_fdre_C_Q)         0.419     2.211 r  ddp/rgb_reg[10]/Q
                         net (fo=1, routed)           6.580     8.791    r_OBUF[2]
    C5                   OBUF (Prop_obuf_I_O)         3.707    12.498 r  r_OBUF[2]_inst/O
                         net (fo=0)                   0.000    12.498    r[2]
    C5                                                                r  r[2] (OUT)
  -------------------------------------------------------------------    -------------------

Slack:                    inf
  Source:                 ddp/rgb_reg[1]/C
                            (rising edge-triggered cell FDRE clocked by clk_out1_pclk  {rise@0.000ns fall@10.000ns period=20.000ns})
  Destination:            b[1]
                            (output port)
  Path Group:             (none)
  Path Type:              Max at Slow Process Corner
  Data Path Delay:        10.655ns  (logic 4.007ns (37.609%)  route 6.648ns (62.391%))
  Logic Levels:           1  (OBUF=1)
  Clock Uncertainty:      0.178ns  ((TSJ^2 + DJ^2)^1/2) / 2 + PE
    Total System Jitter     (TSJ):    0.050ns
    Discrete Jitter          (DJ):    0.152ns
    Phase Error              (PE):    0.099ns

    Location             Delay type                Incr(ns)  Path(ns)    Netlist Resource(s)
  -------------------------------------------------------------------    -------------------
                         (clock clk_out1_pclk rise edge)
                                                      0.000     0.000 r  
    BUFGCTRL_X0Y16       BUFG                         0.000     0.000 r  clk_IBUF_BUFG_inst/O
                         net (fo=404, routed)         1.809     1.809    clk_ip/inst/clk_in1
    MMCME2_ADV_X0Y0      MMCME2_ADV (Prop_mmcme2_adv_CLKIN1_CLKOUT0)
                                                     -3.922    -2.112 r  clk_ip/inst/mmcm_adv_inst/CLKOUT0
                         net (fo=1, routed)           2.018    -0.094    clk_ip/inst/clk_out1_pclk
    BUFGCTRL_X0Y0        BUFG (Prop_bufg_I_O)         0.096     0.002 r  clk_ip/inst/clkout1_buf/O
                         net (fo=86, routed)          1.839     1.841    ddp/clk_out1
    SLICE_X72Y21         FDRE                                         r  ddp/rgb_reg[1]/C
  -------------------------------------------------------------------    -------------------
    SLICE_X72Y21         FDRE (Prop_fdre_C_Q)         0.456     2.297 r  ddp/rgb_reg[1]/Q
                         net (fo=1, routed)           6.648     8.945    b_OBUF[1]
    C7                   OBUF (Prop_obuf_I_O)         3.551    12.497 r  b_OBUF[1]_inst/O
                         net (fo=0)                   0.000    12.497    b[1]
    C7                                                                r  b[1] (OUT)
  -------------------------------------------------------------------    -------------------

Slack:                    inf
  Source:                 ddp/rgb_reg[9]/C
                            (rising edge-triggered cell FDRE clocked by clk_out1_pclk  {rise@0.000ns fall@10.000ns period=20.000ns})
  Destination:            r[1]
                            (output port)
  Path Group:             (none)
  Path Type:              Max at Slow Process Corner
  Data Path Delay:        10.544ns  (logic 4.004ns (37.976%)  route 6.540ns (62.024%))
  Logic Levels:           1  (OBUF=1)
  Clock Uncertainty:      0.178ns  ((TSJ^2 + DJ^2)^1/2) / 2 + PE
    Total System Jitter     (TSJ):    0.050ns
    Discrete Jitter          (DJ):    0.152ns
    Phase Error              (PE):    0.099ns

    Location             Delay type                Incr(ns)  Path(ns)    Netlist Resource(s)
  -------------------------------------------------------------------    -------------------
                         (clock clk_out1_pclk rise edge)
                                                      0.000     0.000 r  
    BUFGCTRL_X0Y16       BUFG                         0.000     0.000 r  clk_IBUF_BUFG_inst/O
                         net (fo=404, routed)         1.809     1.809    clk_ip/inst/clk_in1
    MMCME2_ADV_X0Y0      MMCME2_ADV (Prop_mmcme2_adv_CLKIN1_CLKOUT0)
                                                     -3.922    -2.112 r  clk_ip/inst/mmcm_adv_inst/CLKOUT0
                         net (fo=1, routed)           2.018    -0.094    clk_ip/inst/clk_out1_pclk
    BUFGCTRL_X0Y0        BUFG (Prop_bufg_I_O)         0.096     0.002 r  clk_ip/inst/clkout1_buf/O
                         net (fo=86, routed)          1.791     1.793    ddp/clk_out1
    SLICE_X68Y20         FDRE                                         r  ddp/rgb_reg[9]/C
  -------------------------------------------------------------------    -------------------
    SLICE_X68Y20         FDRE (Prop_fdre_C_Q)         0.456     2.249 r  ddp/rgb_reg[9]/Q
                         net (fo=1, routed)           6.540     8.789    r_OBUF[1]
    B4                   OBUF (Prop_obuf_I_O)         3.548    12.338 r  r_OBUF[1]_inst/O
                         net (fo=0)                   0.000    12.338    r[1]
    B4                                                                r  r[1] (OUT)
  -------------------------------------------------------------------    -------------------

Slack:                    inf
  Source:                 ddp/rgb_reg[2]/C
                            (rising edge-triggered cell FDRE clocked by clk_out1_pclk  {rise@0.000ns fall@10.000ns period=20.000ns})
  Destination:            b[2]
                            (output port)
  Path Group:             (none)
  Path Type:              Max at Slow Process Corner
  Data Path Delay:        10.487ns  (logic 3.979ns (37.947%)  route 6.507ns (62.053%))
  Logic Levels:           1  (OBUF=1)
  Clock Uncertainty:      0.178ns  ((TSJ^2 + DJ^2)^1/2) / 2 + PE
    Total System Jitter     (TSJ):    0.050ns
    Discrete Jitter          (DJ):    0.152ns
    Phase Error              (PE):    0.099ns

    Location             Delay type                Incr(ns)  Path(ns)    Netlist Resource(s)
  -------------------------------------------------------------------    -------------------
                         (clock clk_out1_pclk rise edge)
                                                      0.000     0.000 r  
    BUFGCTRL_X0Y16       BUFG                         0.000     0.000 r  clk_IBUF_BUFG_inst/O
                         net (fo=404, routed)         1.809     1.809    clk_ip/inst/clk_in1
    MMCME2_ADV_X0Y0      MMCME2_ADV (Prop_mmcme2_adv_CLKIN1_CLKOUT0)
                                                     -3.922    -2.112 r  clk_ip/inst/mmcm_adv_inst/CLKOUT0
                         net (fo=1, routed)           2.018    -0.094    clk_ip/inst/clk_out1_pclk
    BUFGCTRL_X0Y0        BUFG (Prop_bufg_I_O)         0.096     0.002 r  clk_ip/inst/clkout1_buf/O
                         net (fo=86, routed)          1.839     1.841    ddp/clk_out1
    SLICE_X72Y21         FDRE                                         r  ddp/rgb_reg[2]/C
  -------------------------------------------------------------------    -------------------
    SLICE_X72Y21         FDRE (Prop_fdre_C_Q)         0.456     2.297 r  ddp/rgb_reg[2]/Q
                         net (fo=1, routed)           6.507     8.805    b_OBUF[2]
    D7                   OBUF (Prop_obuf_I_O)         3.523    12.328 r  b_OBUF[2]_inst/O
                         net (fo=0)                   0.000    12.328    b[2]
    D7                                                                r  b[2] (OUT)
  -------------------------------------------------------------------    -------------------

Slack:                    inf
  Source:                 ddp/rgb_reg[8]/C
                            (rising edge-triggered cell FDRE clocked by clk_out1_pclk  {rise@0.000ns fall@10.000ns period=20.000ns})
  Destination:            r[0]
                            (output port)
  Path Group:             (none)
  Path Type:              Max at Slow Process Corner
  Data Path Delay:        10.017ns  (logic 4.010ns (40.031%)  route 6.007ns (59.969%))
  Logic Levels:           1  (OBUF=1)
  Clock Uncertainty:      0.178ns  ((TSJ^2 + DJ^2)^1/2) / 2 + PE
    Total System Jitter     (TSJ):    0.050ns
    Discrete Jitter          (DJ):    0.152ns
    Phase Error              (PE):    0.099ns

    Location             Delay type                Incr(ns)  Path(ns)    Netlist Resource(s)
  -------------------------------------------------------------------    -------------------
                         (clock clk_out1_pclk rise edge)
                                                      0.000     0.000 r  
    BUFGCTRL_X0Y16       BUFG                         0.000     0.000 r  clk_IBUF_BUFG_inst/O
                         net (fo=404, routed)         1.809     1.809    clk_ip/inst/clk_in1
    MMCME2_ADV_X0Y0      MMCME2_ADV (Prop_mmcme2_adv_CLKIN1_CLKOUT0)
                                                     -3.922    -2.112 r  clk_ip/inst/mmcm_adv_inst/CLKOUT0
                         net (fo=1, routed)           2.018    -0.094    clk_ip/inst/clk_out1_pclk
    BUFGCTRL_X0Y0        BUFG (Prop_bufg_I_O)         0.096     0.002 r  clk_ip/inst/clkout1_buf/O
                         net (fo=86, routed)          1.839     1.841    ddp/clk_out1
    SLICE_X72Y21         FDRE                                         r  ddp/rgb_reg[8]/C
  -------------------------------------------------------------------    -------------------
    SLICE_X72Y21         FDRE (Prop_fdre_C_Q)         0.456     2.297 r  ddp/rgb_reg[8]/Q
                         net (fo=1, routed)           6.007     8.304    r_OBUF[0]
    A3                   OBUF (Prop_obuf_I_O)         3.554    11.858 r  r_OBUF[0]_inst/O
                         net (fo=0)                   0.000    11.858    r[0]
    A3                                                                r  r[0] (OUT)
  -------------------------------------------------------------------    -------------------





Min Delay Paths
--------------------------------------------------------------------------------------
Slack:                    inf
  Source:                 ddp/rgb_reg[11]/C
                            (rising edge-triggered cell FDRE clocked by clk_out1_pclk  {rise@0.000ns fall@10.000ns period=20.000ns})
  Destination:            r[3]
                            (output port)
  Path Group:             (none)
  Path Type:              Min at Fast Process Corner
  Data Path Delay:        3.172ns  (logic 1.393ns (43.921%)  route 1.779ns (56.079%))
  Logic Levels:           1  (OBUF=1)
  Clock Uncertainty:      0.178ns  ((TSJ^2 + DJ^2)^1/2) / 2 + PE
    Total System Jitter     (TSJ):    0.050ns
    Discrete Jitter          (DJ):    0.152ns
    Phase Error              (PE):    0.099ns

    Location             Delay type                Incr(ns)  Path(ns)    Netlist Resource(s)
  -------------------------------------------------------------------    -------------------
                         (clock clk_out1_pclk rise edge)
                                                      0.000     0.000 r  
    BUFGCTRL_X0Y16       BUFG                         0.000     0.000 r  clk_IBUF_BUFG_inst/O
                         net (fo=404, routed)         0.624     0.624    clk_ip/inst/clk_in1
    MMCME2_ADV_X0Y0      MMCME2_ADV (Prop_mmcme2_adv_CLKIN1_CLKOUT0)
                                                     -1.296    -0.672 r  clk_ip/inst/mmcm_adv_inst/CLKOUT0
                         net (fo=1, routed)           0.648    -0.024    clk_ip/inst/clk_out1_pclk
    BUFGCTRL_X0Y0        BUFG (Prop_bufg_I_O)         0.026     0.002 r  clk_ip/inst/clkout1_buf/O
                         net (fo=86, routed)          0.623     0.625    ddp/clk_out1
    SLICE_X68Y20         FDRE                                         r  ddp/rgb_reg[11]/C
  -------------------------------------------------------------------    -------------------
    SLICE_X68Y20         FDRE (Prop_fdre_C_Q)         0.141     0.766 r  ddp/rgb_reg[11]/Q
                         net (fo=1, routed)           1.779     2.545    r_OBUF[3]
    A4                   OBUF (Prop_obuf_I_O)         1.252     3.797 r  r_OBUF[3]_inst/O
                         net (fo=0)                   0.000     3.797    r[3]
    A4                                                                r  r[3] (OUT)
  -------------------------------------------------------------------    -------------------

Slack:                    inf
  Source:                 ddp/rgb_reg[0]/C
                            (rising edge-triggered cell FDRE clocked by clk_out1_pclk  {rise@0.000ns fall@10.000ns period=20.000ns})
  Destination:            b[0]
                            (output port)
  Path Group:             (none)
  Path Type:              Min at Fast Process Corner
  Data Path Delay:        3.175ns  (logic 1.389ns (43.739%)  route 1.786ns (56.261%))
  Logic Levels:           1  (OBUF=1)
  Clock Uncertainty:      0.178ns  ((TSJ^2 + DJ^2)^1/2) / 2 + PE
    Total System Jitter     (TSJ):    0.050ns
    Discrete Jitter          (DJ):    0.152ns
    Phase Error              (PE):    0.099ns

    Location             Delay type                Incr(ns)  Path(ns)    Netlist Resource(s)
  -------------------------------------------------------------------    -------------------
                         (clock clk_out1_pclk rise edge)
                                                      0.000     0.000 r  
    BUFGCTRL_X0Y16       BUFG                         0.000     0.000 r  clk_IBUF_BUFG_inst/O
                         net (fo=404, routed)         0.624     0.624    clk_ip/inst/clk_in1
    MMCME2_ADV_X0Y0      MMCME2_ADV (Prop_mmcme2_adv_CLKIN1_CLKOUT0)
                                                     -1.296    -0.672 r  clk_ip/inst/mmcm_adv_inst/CLKOUT0
                         net (fo=1, routed)           0.648    -0.024    clk_ip/inst/clk_out1_pclk
    BUFGCTRL_X0Y0        BUFG (Prop_bufg_I_O)         0.026     0.002 r  clk_ip/inst/clkout1_buf/O
                         net (fo=86, routed)          0.642     0.644    ddp/clk_out1
    SLICE_X72Y21         FDRE                                         r  ddp/rgb_reg[0]/C
  -------------------------------------------------------------------    -------------------
    SLICE_X72Y21         FDRE (Prop_fdre_C_Q)         0.141     0.785 r  ddp/rgb_reg[0]/Q
                         net (fo=1, routed)           1.786     2.571    b_OBUF[0]
    B7                   OBUF (Prop_obuf_I_O)         1.248     3.819 r  b_OBUF[0]_inst/O
                         net (fo=0)                   0.000     3.819    b[0]
    B7                                                                r  b[0] (OUT)
  -------------------------------------------------------------------    -------------------

Slack:                    inf
  Source:                 ddp/rgb_reg[3]/C
                            (rising edge-triggered cell FDRE clocked by clk_out1_pclk  {rise@0.000ns fall@10.000ns period=20.000ns})
  Destination:            b[3]
                            (output port)
  Path Group:             (none)
  Path Type:              Min at Fast Process Corner
  Data Path Delay:        3.288ns  (logic 1.416ns (43.068%)  route 1.872ns (56.932%))
  Logic Levels:           1  (OBUF=1)
  Clock Uncertainty:      0.178ns  ((TSJ^2 + DJ^2)^1/2) / 2 + PE
    Total System Jitter     (TSJ):    0.050ns
    Discrete Jitter          (DJ):    0.152ns
    Phase Error              (PE):    0.099ns

    Location             Delay type                Incr(ns)  Path(ns)    Netlist Resource(s)
  -------------------------------------------------------------------    -------------------
                         (clock clk_out1_pclk rise edge)
                                                      0.000     0.000 r  
    BUFGCTRL_X0Y16       BUFG                         0.000     0.000 r  clk_IBUF_BUFG_inst/O
                         net (fo=404, routed)         0.624     0.624    clk_ip/inst/clk_in1
    MMCME2_ADV_X0Y0      MMCME2_ADV (Prop_mmcme2_adv_CLKIN1_CLKOUT0)
                                                     -1.296    -0.672 r  clk_ip/inst/mmcm_adv_inst/CLKOUT0
                         net (fo=1, routed)           0.648    -0.024    clk_ip/inst/clk_out1_pclk
    BUFGCTRL_X0Y0        BUFG (Prop_bufg_I_O)         0.026     0.002 r  clk_ip/inst/clkout1_buf/O
                         net (fo=86, routed)          0.624     0.626    ddp/clk_out1
    SLICE_X70Y19         FDRE                                         r  ddp/rgb_reg[3]/C
  -------------------------------------------------------------------    -------------------
    SLICE_X70Y19         FDRE (Prop_fdre_C_Q)         0.164     0.790 r  ddp/rgb_reg[3]/Q
                         net (fo=1, routed)           1.872     2.662    b_OBUF[3]
    D8                   OBUF (Prop_obuf_I_O)         1.252     3.914 r  b_OBUF[3]_inst/O
                         net (fo=0)                   0.000     3.914    b[3]
    D8                                                                r  b[3] (OUT)
  -------------------------------------------------------------------    -------------------

Slack:                    inf
  Source:                 ddp/rgb_reg[5]/C
                            (rising edge-triggered cell FDRE clocked by clk_out1_pclk  {rise@0.000ns fall@10.000ns period=20.000ns})
  Destination:            g[1]
                            (output port)
  Path Group:             (none)
  Path Type:              Min at Fast Process Corner
  Data Path Delay:        3.316ns  (logic 1.386ns (41.804%)  route 1.930ns (58.196%))
  Logic Levels:           1  (OBUF=1)
  Clock Uncertainty:      0.178ns  ((TSJ^2 + DJ^2)^1/2) / 2 + PE
    Total System Jitter     (TSJ):    0.050ns
    Discrete Jitter          (DJ):    0.152ns
    Phase Error              (PE):    0.099ns

    Location             Delay type                Incr(ns)  Path(ns)    Netlist Resource(s)
  -------------------------------------------------------------------    -------------------
                         (clock clk_out1_pclk rise edge)
                                                      0.000     0.000 r  
    BUFGCTRL_X0Y16       BUFG                         0.000     0.000 r  clk_IBUF_BUFG_inst/O
                         net (fo=404, routed)         0.624     0.624    clk_ip/inst/clk_in1
    MMCME2_ADV_X0Y0      MMCME2_ADV (Prop_mmcme2_adv_CLKIN1_CLKOUT0)
                                                     -1.296    -0.672 r  clk_ip/inst/mmcm_adv_inst/CLKOUT0
                         net (fo=1, routed)           0.648    -0.024    clk_ip/inst/clk_out1_pclk
    BUFGCTRL_X0Y0        BUFG (Prop_bufg_I_O)         0.026     0.002 r  clk_ip/inst/clkout1_buf/O
                         net (fo=86, routed)          0.624     0.626    ddp/clk_out1
    SLICE_X68Y19         FDRE                                         r  ddp/rgb_reg[5]/C
  -------------------------------------------------------------------    -------------------
    SLICE_X68Y19         FDRE (Prop_fdre_C_Q)         0.141     0.767 r  ddp/rgb_reg[5]/Q
                         net (fo=1, routed)           1.930     2.697    g_OBUF[1]
    A5                   OBUF (Prop_obuf_I_O)         1.245     3.943 r  g_OBUF[1]_inst/O
                         net (fo=0)                   0.000     3.943    g[1]
    A5                                                                r  g[1] (OUT)
  -------------------------------------------------------------------    -------------------

Slack:                    inf
  Source:                 ddp/rgb_reg[8]/C
                            (rising edge-triggered cell FDRE clocked by clk_out1_pclk  {rise@0.000ns fall@10.000ns period=20.000ns})
  Destination:            r[0]
                            (output port)
  Path Group:             (none)
  Path Type:              Min at Fast Process Corner
  Data Path Delay:        3.673ns  (logic 1.395ns (37.988%)  route 2.278ns (62.012%))
  Logic Levels:           1  (OBUF=1)
  Clock Uncertainty:      0.178ns  ((TSJ^2 + DJ^2)^1/2) / 2 + PE
    Total System Jitter     (TSJ):    0.050ns
    Discrete Jitter          (DJ):    0.152ns
    Phase Error              (PE):    0.099ns

    Location             Delay type                Incr(ns)  Path(ns)    Netlist Resource(s)
  -------------------------------------------------------------------    -------------------
                         (clock clk_out1_pclk rise edge)
                                                      0.000     0.000 r  
    BUFGCTRL_X0Y16       BUFG                         0.000     0.000 r  clk_IBUF_BUFG_inst/O
                         net (fo=404, routed)         0.624     0.624    clk_ip/inst/clk_in1
    MMCME2_ADV_X0Y0      MMCME2_ADV (Prop_mmcme2_adv_CLKIN1_CLKOUT0)
                                                     -1.296    -0.672 r  clk_ip/inst/mmcm_adv_inst/CLKOUT0
                         net (fo=1, routed)           0.648    -0.024    clk_ip/inst/clk_out1_pclk
    BUFGCTRL_X0Y0        BUFG (Prop_bufg_I_O)         0.026     0.002 r  clk_ip/inst/clkout1_buf/O
                         net (fo=86, routed)          0.642     0.644    ddp/clk_out1
    SLICE_X72Y21         FDRE                                         r  ddp/rgb_reg[8]/C
  -------------------------------------------------------------------    -------------------
    SLICE_X72Y21         FDRE (Prop_fdre_C_Q)         0.141     0.785 r  ddp/rgb_reg[8]/Q
                         net (fo=1, routed)           2.278     3.063    r_OBUF[0]
    A3                   OBUF (Prop_obuf_I_O)         1.254     4.318 r  r_OBUF[0]_inst/O
                         net (fo=0)                   0.000     4.318    r[0]
    A3                                                                r  r[0] (OUT)
  -------------------------------------------------------------------    -------------------

Slack:                    inf
  Source:                 ddp/rgb_reg[2]/C
                            (rising edge-triggered cell FDRE clocked by clk_out1_pclk  {rise@0.000ns fall@10.000ns period=20.000ns})
  Destination:            b[2]
                            (output port)
  Path Group:             (none)
  Path Type:              Min at Fast Process Corner
  Data Path Delay:        3.886ns  (logic 1.365ns (35.139%)  route 2.520ns (64.861%))
  Logic Levels:           1  (OBUF=1)
  Clock Uncertainty:      0.178ns  ((TSJ^2 + DJ^2)^1/2) / 2 + PE
    Total System Jitter     (TSJ):    0.050ns
    Discrete Jitter          (DJ):    0.152ns
    Phase Error              (PE):    0.099ns

    Location             Delay type                Incr(ns)  Path(ns)    Netlist Resource(s)
  -------------------------------------------------------------------    -------------------
                         (clock clk_out1_pclk rise edge)
                                                      0.000     0.000 r  
    BUFGCTRL_X0Y16       BUFG                         0.000     0.000 r  clk_IBUF_BUFG_inst/O
                         net (fo=404, routed)         0.624     0.624    clk_ip/inst/clk_in1
    MMCME2_ADV_X0Y0      MMCME2_ADV (Prop_mmcme2_adv_CLKIN1_CLKOUT0)
                                                     -1.296    -0.672 r  clk_ip/inst/mmcm_adv_inst/CLKOUT0
                         net (fo=1, routed)           0.648    -0.024    clk_ip/inst/clk_out1_pclk
    BUFGCTRL_X0Y0        BUFG (Prop_bufg_I_O)         0.026     0.002 r  clk_ip/inst/clkout1_buf/O
                         net (fo=86, routed)          0.642     0.644    ddp/clk_out1
    SLICE_X72Y21         FDRE                                         r  ddp/rgb_reg[2]/C
  -------------------------------------------------------------------    -------------------
    SLICE_X72Y21         FDRE (Prop_fdre_C_Q)         0.141     0.785 r  ddp/rgb_reg[2]/Q
                         net (fo=1, routed)           2.520     3.306    b_OBUF[2]
    D7                   OBUF (Prop_obuf_I_O)         1.224     4.530 r  b_OBUF[2]_inst/O
                         net (fo=0)                   0.000     4.530    b[2]
    D7                                                                r  b[2] (OUT)
  -------------------------------------------------------------------    -------------------

Slack:                    inf
  Source:                 ddp/rgb_reg[9]/C
                            (rising edge-triggered cell FDRE clocked by clk_out1_pclk  {rise@0.000ns fall@10.000ns period=20.000ns})
  Destination:            r[1]
                            (output port)
  Path Group:             (none)
  Path Type:              Min at Fast Process Corner
  Data Path Delay:        3.946ns  (logic 1.390ns (35.225%)  route 2.556ns (64.775%))
  Logic Levels:           1  (OBUF=1)
  Clock Uncertainty:      0.178ns  ((TSJ^2 + DJ^2)^1/2) / 2 + PE
    Total System Jitter     (TSJ):    0.050ns
    Discrete Jitter          (DJ):    0.152ns
    Phase Error              (PE):    0.099ns

    Location             Delay type                Incr(ns)  Path(ns)    Netlist Resource(s)
  -------------------------------------------------------------------    -------------------
                         (clock clk_out1_pclk rise edge)
                                                      0.000     0.000 r  
    BUFGCTRL_X0Y16       BUFG                         0.000     0.000 r  clk_IBUF_BUFG_inst/O
                         net (fo=404, routed)         0.624     0.624    clk_ip/inst/clk_in1
    MMCME2_ADV_X0Y0      MMCME2_ADV (Prop_mmcme2_adv_CLKIN1_CLKOUT0)
                                                     -1.296    -0.672 r  clk_ip/inst/mmcm_adv_inst/CLKOUT0
                         net (fo=1, routed)           0.648    -0.024    clk_ip/inst/clk_out1_pclk
    BUFGCTRL_X0Y0        BUFG (Prop_bufg_I_O)         0.026     0.002 r  clk_ip/inst/clkout1_buf/O
                         net (fo=86, routed)          0.623     0.625    ddp/clk_out1
    SLICE_X68Y20         FDRE                                         r  ddp/rgb_reg[9]/C
  -------------------------------------------------------------------    -------------------
    SLICE_X68Y20         FDRE (Prop_fdre_C_Q)         0.141     0.766 r  ddp/rgb_reg[9]/Q
                         net (fo=1, routed)           2.556     3.322    r_OBUF[1]
    B4                   OBUF (Prop_obuf_I_O)         1.249     4.571 r  r_OBUF[1]_inst/O
                         net (fo=0)                   0.000     4.571    r[1]
    B4                                                                r  r[1] (OUT)
  -------------------------------------------------------------------    -------------------

Slack:                    inf
  Source:                 ddp/rgb_reg[10]/C
                            (rising edge-triggered cell FDRE clocked by clk_out1_pclk  {rise@0.000ns fall@10.000ns period=20.000ns})
  Destination:            r[2]
                            (output port)
  Path Group:             (none)
  Path Type:              Min at Fast Process Corner
  Data Path Delay:        3.949ns  (logic 1.417ns (35.887%)  route 2.532ns (64.113%))
  Logic Levels:           1  (OBUF=1)
  Clock Uncertainty:      0.178ns  ((TSJ^2 + DJ^2)^1/2) / 2 + PE
    Total System Jitter     (TSJ):    0.050ns
    Discrete Jitter          (DJ):    0.152ns
    Phase Error              (PE):    0.099ns

    Location             Delay type                Incr(ns)  Path(ns)    Netlist Resource(s)
  -------------------------------------------------------------------    -------------------
                         (clock clk_out1_pclk rise edge)
                                                      0.000     0.000 r  
    BUFGCTRL_X0Y16       BUFG                         0.000     0.000 r  clk_IBUF_BUFG_inst/O
                         net (fo=404, routed)         0.624     0.624    clk_ip/inst/clk_in1
    MMCME2_ADV_X0Y0      MMCME2_ADV (Prop_mmcme2_adv_CLKIN1_CLKOUT0)
                                                     -1.296    -0.672 r  clk_ip/inst/mmcm_adv_inst/CLKOUT0
                         net (fo=1, routed)           0.648    -0.024    clk_ip/inst/clk_out1_pclk
    BUFGCTRL_X0Y0        BUFG (Prop_bufg_I_O)         0.026     0.002 r  clk_ip/inst/clkout1_buf/O
                         net (fo=86, routed)          0.622     0.624    ddp/clk_out1
    SLICE_X69Y21         FDRE                                         r  ddp/rgb_reg[10]/C
  -------------------------------------------------------------------    -------------------
    SLICE_X69Y21         FDRE (Prop_fdre_C_Q)         0.128     0.752 r  ddp/rgb_reg[10]/Q
                         net (fo=1, routed)           2.532     3.284    r_OBUF[2]
    C5                   OBUF (Prop_obuf_I_O)         1.289     4.573 r  r_OBUF[2]_inst/O
                         net (fo=0)                   0.000     4.573    r[2]
    C5                                                                r  r[2] (OUT)
  -------------------------------------------------------------------    -------------------

Slack:                    inf
  Source:                 ddp/rgb_reg[1]/C
                            (rising edge-triggered cell FDRE clocked by clk_out1_pclk  {rise@0.000ns fall@10.000ns period=20.000ns})
  Destination:            b[1]
                            (output port)
  Path Group:             (none)
  Path Type:              Min at Fast Process Corner
  Data Path Delay:        3.962ns  (logic 1.393ns (35.159%)  route 2.569ns (64.841%))
  Logic Levels:           1  (OBUF=1)
  Clock Uncertainty:      0.178ns  ((TSJ^2 + DJ^2)^1/2) / 2 + PE
    Total System Jitter     (TSJ):    0.050ns
    Discrete Jitter          (DJ):    0.152ns
    Phase Error              (PE):    0.099ns

    Location             Delay type                Incr(ns)  Path(ns)    Netlist Resource(s)
  -------------------------------------------------------------------    -------------------
                         (clock clk_out1_pclk rise edge)
                                                      0.000     0.000 r  
    BUFGCTRL_X0Y16       BUFG                         0.000     0.000 r  clk_IBUF_BUFG_inst/O
                         net (fo=404, routed)         0.624     0.624    clk_ip/inst/clk_in1
    MMCME2_ADV_X0Y0      MMCME2_ADV (Prop_mmcme2_adv_CLKIN1_CLKOUT0)
                                                     -1.296    -0.672 r  clk_ip/inst/mmcm_adv_inst/CLKOUT0
                         net (fo=1, routed)           0.648    -0.024    clk_ip/inst/clk_out1_pclk
    BUFGCTRL_X0Y0        BUFG (Prop_bufg_I_O)         0.026     0.002 r  clk_ip/inst/clkout1_buf/O
                         net (fo=86, routed)          0.642     0.644    ddp/clk_out1
    SLICE_X72Y21         FDRE                                         r  ddp/rgb_reg[1]/C
  -------------------------------------------------------------------    -------------------
    SLICE_X72Y21         FDRE (Prop_fdre_C_Q)         0.141     0.785 r  ddp/rgb_reg[1]/Q
                         net (fo=1, routed)           2.569     3.354    b_OBUF[1]
    C7                   OBUF (Prop_obuf_I_O)         1.252     4.606 r  b_OBUF[1]_inst/O
                         net (fo=0)                   0.000     4.606    b[1]
    C7                                                                r  b[1] (OUT)
  -------------------------------------------------------------------    -------------------

Slack:                    inf
  Source:                 ddp/rgb_reg[6]/C
                            (rising edge-triggered cell FDRE clocked by clk_out1_pclk  {rise@0.000ns fall@10.000ns period=20.000ns})
  Destination:            g[2]
                            (output port)
  Path Group:             (none)
  Path Type:              Min at Fast Process Corner
  Data Path Delay:        4.129ns  (logic 1.388ns (33.613%)  route 2.741ns (66.387%))
  Logic Levels:           1  (OBUF=1)
  Clock Uncertainty:      0.178ns  ((TSJ^2 + DJ^2)^1/2) / 2 + PE
    Total System Jitter     (TSJ):    0.050ns
    Discrete Jitter          (DJ):    0.152ns
    Phase Error              (PE):    0.099ns

    Location             Delay type                Incr(ns)  Path(ns)    Netlist Resource(s)
  -------------------------------------------------------------------    -------------------
                         (clock clk_out1_pclk rise edge)
                                                      0.000     0.000 r  
    BUFGCTRL_X0Y16       BUFG                         0.000     0.000 r  clk_IBUF_BUFG_inst/O
                         net (fo=404, routed)         0.624     0.624    clk_ip/inst/clk_in1
    MMCME2_ADV_X0Y0      MMCME2_ADV (Prop_mmcme2_adv_CLKIN1_CLKOUT0)
                                                     -1.296    -0.672 r  clk_ip/inst/mmcm_adv_inst/CLKOUT0
                         net (fo=1, routed)           0.648    -0.024    clk_ip/inst/clk_out1_pclk
    BUFGCTRL_X0Y0        BUFG (Prop_bufg_I_O)         0.026     0.002 r  clk_ip/inst/clkout1_buf/O
                         net (fo=86, routed)          0.624     0.626    ddp/clk_out1
    SLICE_X68Y19         FDRE                                         r  ddp/rgb_reg[6]/C
  -------------------------------------------------------------------    -------------------
    SLICE_X68Y19         FDRE (Prop_fdre_C_Q)         0.141     0.767 r  ddp/rgb_reg[6]/Q
                         net (fo=1, routed)           2.741     3.509    g_OBUF[2]
    B6                   OBUF (Prop_obuf_I_O)         1.247     4.756 r  g_OBUF[2]_inst/O
                         net (fo=0)                   0.000     4.756    g[2]
    B6                                                                r  g[2] (OUT)
  -------------------------------------------------------------------    -------------------





--------------------------------------------------------------------------------------
Path Group:  (none)
From Clock:  clkfbout_pclk
  To Clock:  

Max Delay             1 Endpoint
Min Delay             1 Endpoint
--------------------------------------------------------------------------------------


Max Delay Paths
--------------------------------------------------------------------------------------
Slack:                    inf
  Source:                 clk_ip/inst/mmcm_adv_inst/CLKFBOUT
                            (clock source 'clkfbout_pclk'  {rise@0.000ns fall@5.000ns period=10.000ns})
  Destination:            clk_ip/inst/mmcm_adv_inst/CLKFBIN
  Path Group:             (none)
  Path Type:              Max at Slow Process Corner
  Data Path Delay:        3.922ns  (logic 0.096ns (2.448%)  route 3.826ns (97.552%))
  Logic Levels:           1  (BUFG=1)
  Clock Uncertainty:      0.148ns  ((TSJ^2 + DJ^2)^1/2) / 2 + PE
    Total System Jitter     (TSJ):    0.050ns
    Discrete Jitter          (DJ):    0.086ns
    Phase Error              (PE):    0.099ns

    Location             Delay type                Incr(ns)  Path(ns)    Netlist Resource(s)
  -------------------------------------------------------------------    -------------------
                         (clock clkfbout_pclk fall edge)
                                                      5.000     5.000 f  
    BUFGCTRL_X0Y16       BUFG                         0.000     5.000 f  clk_IBUF_BUFG_inst/O
                         net (fo=404, routed)         1.809     6.809    clk_ip/inst/clk_in1
  -------------------------------------------------------------------    -------------------
    MMCME2_ADV_X0Y0      MMCME2_ADV (Prop_mmcme2_adv_CLKIN1_CLKFBOUT)
                                                     -3.922     2.888 f  clk_ip/inst/mmcm_adv_inst/CLKFBOUT
                         net (fo=1, routed)           2.018     4.906    clk_ip/inst/clkfbout_pclk
    BUFGCTRL_X0Y1        BUFG (Prop_bufg_I_O)         0.096     5.002 f  clk_ip/inst/clkf_buf/O
                         net (fo=1, routed)           1.807     6.809    clk_ip/inst/clkfbout_buf_pclk
    MMCME2_ADV_X0Y0      MMCME2_ADV                                   f  clk_ip/inst/mmcm_adv_inst/CLKFBIN
  -------------------------------------------------------------------    -------------------





Min Delay Paths
--------------------------------------------------------------------------------------
Slack:                    inf
  Source:                 clk_ip/inst/mmcm_adv_inst/CLKFBOUT
                            (clock source 'clkfbout_pclk'  {rise@0.000ns fall@5.000ns period=10.000ns})
  Destination:            clk_ip/inst/mmcm_adv_inst/CLKFBIN
  Path Group:             (none)
  Path Type:              Min at Fast Process Corner
  Data Path Delay:        1.296ns  (logic 0.026ns (2.006%)  route 1.270ns (97.994%))
  Logic Levels:           1  (BUFG=1)
  Clock Uncertainty:      0.148ns  ((TSJ^2 + DJ^2)^1/2) / 2 + PE
    Total System Jitter     (TSJ):    0.050ns
    Discrete Jitter          (DJ):    0.086ns
    Phase Error              (PE):    0.099ns

    Location             Delay type                Incr(ns)  Path(ns)    Netlist Resource(s)
  -------------------------------------------------------------------    -------------------
                         (clock clkfbout_pclk rise edge)
                                                      0.000     0.000 r  
    BUFGCTRL_X0Y16       BUFG                         0.000     0.000 r  clk_IBUF_BUFG_inst/O
                         net (fo=404, routed)         0.624     0.624    clk_ip/inst/clk_in1
  -------------------------------------------------------------------    -------------------
    MMCME2_ADV_X0Y0      MMCME2_ADV (Prop_mmcme2_adv_CLKIN1_CLKFBOUT)
                                                     -1.296    -0.672 r  clk_ip/inst/mmcm_adv_inst/CLKFBOUT
                         net (fo=1, routed)           0.648    -0.024    clk_ip/inst/clkfbout_pclk
    BUFGCTRL_X0Y1        BUFG (Prop_bufg_I_O)         0.026     0.002 r  clk_ip/inst/clkf_buf/O
                         net (fo=1, routed)           0.622     0.624    clk_ip/inst/clkfbout_buf_pclk
    MMCME2_ADV_X0Y0      MMCME2_ADV                                   r  clk_ip/inst/mmcm_adv_inst/CLKFBIN
  -------------------------------------------------------------------    -------------------





--------------------------------------------------------------------------------------
Path Group:  (none)
From Clock:  sys_clk_pin
  To Clock:  

Max Delay             9 Endpoints
Min Delay             9 Endpoints
--------------------------------------------------------------------------------------


Max Delay Paths
--------------------------------------------------------------------------------------
Slack:                    inf
  Source:                 game_logic/cur_num_reg[1]/C
                            (rising edge-triggered cell FDCE clocked by sys_clk_pin  {rise@0.000ns fall@5.000ns period=10.000ns})
  Destination:            rend/next_data_block_reg[11]/D
  Path Group:             (none)
  Path Type:              Max at Slow Process Corner
  Data Path Delay:        3.180ns  (logic 0.609ns (19.148%)  route 2.571ns (80.852%))
  Logic Levels:           1  (LUT3=1)
  Clock Uncertainty:      0.025ns  ((TSJ^2 + TIJ^2)^1/2 + DJ) / 2 + PE
    Total System Jitter     (TSJ):    0.050ns
    Total Input Jitter      (TIJ):    0.000ns
    Discrete Jitter          (DJ):    0.000ns
    Phase Error              (PE):    0.000ns

    Location             Delay type                Incr(ns)  Path(ns)    Netlist Resource(s)
  -------------------------------------------------------------------    -------------------
                         (clock sys_clk_pin rise edge)
                                                      0.000     0.000 r  
    E3                                                0.000     0.000 r  clk (IN)
                         net (fo=0)                   0.000     0.000    clk
    E3                   IBUF (Prop_ibuf_I_O)         1.482     1.482 r  clk_IBUF_inst/O
                         net (fo=1, routed)           2.025     3.506    clk_IBUF
    BUFGCTRL_X0Y16       BUFG (Prop_bufg_I_O)         0.096     3.602 r  clk_IBUF_BUFG_inst/O
                         net (fo=404, routed)         1.794     5.397    game_logic/clk
    SLICE_X64Y30         FDCE                                         r  game_logic/cur_num_reg[1]/C
  -------------------------------------------------------------------    -------------------
    SLICE_X64Y30         FDCE (Prop_fdce_C_Q)         0.456     5.853 r  game_logic/cur_num_reg[1]/Q
                         net (fo=57, routed)          1.939     7.792    game_logic/num[1]
    SLICE_X70Y28         LUT3 (Prop_lut3_I0_O)        0.153     7.945 r  game_logic/next_data_block_reg[11]_i_1/O
                         net (fo=1, routed)           0.632     8.577    rend/data_in_reg[10]_0[3]
    SLICE_X62Y27         LDCE                                         r  rend/next_data_block_reg[11]/D
  -------------------------------------------------------------------    -------------------

Slack:                    inf
  Source:                 game_logic/cur_num_reg[1]/C
                            (rising edge-triggered cell FDCE clocked by sys_clk_pin  {rise@0.000ns fall@5.000ns period=10.000ns})
  Destination:            rend/next_data_block_reg[3]/D
  Path Group:             (none)
  Path Type:              Max at Slow Process Corner
  Data Path Delay:        2.365ns  (logic 0.608ns (25.705%)  route 1.757ns (74.295%))
  Logic Levels:           1  (LUT3=1)
  Clock Uncertainty:      0.025ns  ((TSJ^2 + TIJ^2)^1/2 + DJ) / 2 + PE
    Total System Jitter     (TSJ):    0.050ns
    Total Input Jitter      (TIJ):    0.000ns
    Discrete Jitter          (DJ):    0.000ns
    Phase Error              (PE):    0.000ns

    Location             Delay type                Incr(ns)  Path(ns)    Netlist Resource(s)
  -------------------------------------------------------------------    -------------------
                         (clock sys_clk_pin rise edge)
                                                      0.000     0.000 r  
    E3                                                0.000     0.000 r  clk (IN)
                         net (fo=0)                   0.000     0.000    clk
    E3                   IBUF (Prop_ibuf_I_O)         1.482     1.482 r  clk_IBUF_inst/O
                         net (fo=1, routed)           2.025     3.506    clk_IBUF
    BUFGCTRL_X0Y16       BUFG (Prop_bufg_I_O)         0.096     3.602 r  clk_IBUF_BUFG_inst/O
                         net (fo=404, routed)         1.794     5.397    game_logic/clk
    SLICE_X64Y30         FDCE                                         r  game_logic/cur_num_reg[1]/C
  -------------------------------------------------------------------    -------------------
    SLICE_X64Y30         FDCE (Prop_fdce_C_Q)         0.456     5.853 f  game_logic/cur_num_reg[1]/Q
                         net (fo=57, routed)          1.231     7.084    game_logic/num[1]
    SLICE_X63Y28         LUT3 (Prop_lut3_I0_O)        0.152     7.236 r  game_logic/next_data_block_reg[3]_i_1/O
                         net (fo=1, routed)           0.526     7.762    rend/data_in_reg[10]_0[0]
    SLICE_X62Y30         LDCE                                         r  rend/next_data_block_reg[3]/D
  -------------------------------------------------------------------    -------------------

Slack:                    inf
  Source:                 game_logic/cur_num_reg[0]/C
                            (rising edge-triggered cell FDPE clocked by sys_clk_pin  {rise@0.000ns fall@5.000ns period=10.000ns})
  Destination:            rend/next_data_block_reg[6]/D
  Path Group:             (none)
  Path Type:              Max at Slow Process Corner
  Data Path Delay:        2.318ns  (logic 0.609ns (26.271%)  route 1.709ns (73.729%))
  Logic Levels:           1  (LUT2=1)
  Clock Uncertainty:      0.025ns  ((TSJ^2 + TIJ^2)^1/2 + DJ) / 2 + PE
    Total System Jitter     (TSJ):    0.050ns
    Total Input Jitter      (TIJ):    0.000ns
    Discrete Jitter          (DJ):    0.000ns
    Phase Error              (PE):    0.000ns

    Location             Delay type                Incr(ns)  Path(ns)    Netlist Resource(s)
  -------------------------------------------------------------------    -------------------
                         (clock sys_clk_pin rise edge)
                                                      0.000     0.000 r  
    E3                                                0.000     0.000 r  clk (IN)
                         net (fo=0)                   0.000     0.000    clk
    E3                   IBUF (Prop_ibuf_I_O)         1.482     1.482 r  clk_IBUF_inst/O
                         net (fo=1, routed)           2.025     3.506    clk_IBUF
    BUFGCTRL_X0Y16       BUFG (Prop_bufg_I_O)         0.096     3.602 r  clk_IBUF_BUFG_inst/O
                         net (fo=404, routed)         1.791     5.394    game_logic/clk
    SLICE_X63Y28         FDPE                                         r  game_logic/cur_num_reg[0]/C
  -------------------------------------------------------------------    -------------------
    SLICE_X63Y28         FDPE (Prop_fdpe_C_Q)         0.456     5.850 r  game_logic/cur_num_reg[0]/Q
                         net (fo=58, routed)          1.093     6.942    game_logic/num[0]
    SLICE_X62Y30         LUT2 (Prop_lut2_I1_O)        0.153     7.095 r  game_logic/next_data_block_reg[6]_i_1/O
                         net (fo=1, routed)           0.616     7.712    rend/data_in_reg[10]_0[1]
    SLICE_X62Y30         LDCE                                         r  rend/next_data_block_reg[6]/D
  -------------------------------------------------------------------    -------------------

Slack:                    inf
  Source:                 game_logic/cur_num_reg[2]/C
                            (rising edge-triggered cell FDCE clocked by sys_clk_pin  {rise@0.000ns fall@5.000ns period=10.000ns})
  Destination:            rend/data_block_reg[7]/D
  Path Group:             (none)
  Path Type:              Max at Slow Process Corner
  Data Path Delay:        2.153ns  (logic 0.580ns (26.942%)  route 1.573ns (73.058%))
  Logic Levels:           1  (LUT3=1)
  Clock Uncertainty:      0.025ns  ((TSJ^2 + TIJ^2)^1/2 + DJ) / 2 + PE
    Total System Jitter     (TSJ):    0.050ns
    Total Input Jitter      (TIJ):    0.000ns
    Discrete Jitter          (DJ):    0.000ns
    Phase Error              (PE):    0.000ns

    Location             Delay type                Incr(ns)  Path(ns)    Netlist Resource(s)
  -------------------------------------------------------------------    -------------------
                         (clock sys_clk_pin rise edge)
                                                      0.000     0.000 r  
    E3                                                0.000     0.000 r  clk (IN)
                         net (fo=0)                   0.000     0.000    clk
    E3                   IBUF (Prop_ibuf_I_O)         1.482     1.482 r  clk_IBUF_inst/O
                         net (fo=1, routed)           2.025     3.506    clk_IBUF
    BUFGCTRL_X0Y16       BUFG (Prop_bufg_I_O)         0.096     3.602 r  clk_IBUF_BUFG_inst/O
                         net (fo=404, routed)         1.792     5.395    game_logic/clk
    SLICE_X64Y28         FDCE                                         r  game_logic/cur_num_reg[2]/C
  -------------------------------------------------------------------    -------------------
    SLICE_X64Y28         FDCE (Prop_fdce_C_Q)         0.456     5.851 f  game_logic/cur_num_reg[2]/Q
                         net (fo=54, routed)          1.104     6.955    game_logic/num[2]
    SLICE_X62Y30         LUT3 (Prop_lut3_I0_O)        0.124     7.079 r  game_logic/data_block_reg[7]_i_1/O
                         net (fo=1, routed)           0.469     7.547    rend/D[2]
    SLICE_X62Y29         LDCE                                         r  rend/data_block_reg[7]/D
  -------------------------------------------------------------------    -------------------

Slack:                    inf
  Source:                 game_logic/cur_num_reg[2]/C
                            (rising edge-triggered cell FDCE clocked by sys_clk_pin  {rise@0.000ns fall@5.000ns period=10.000ns})
  Destination:            rend/data_block_reg[11]/D
  Path Group:             (none)
  Path Type:              Max at Slow Process Corner
  Data Path Delay:        2.111ns  (logic 0.580ns (27.471%)  route 1.531ns (72.529%))
  Logic Levels:           1  (LUT3=1)
  Clock Uncertainty:      0.025ns  ((TSJ^2 + TIJ^2)^1/2 + DJ) / 2 + PE
    Total System Jitter     (TSJ):    0.050ns
    Total Input Jitter      (TIJ):    0.000ns
    Discrete Jitter          (DJ):    0.000ns
    Phase Error              (PE):    0.000ns

    Location             Delay type                Incr(ns)  Path(ns)    Netlist Resource(s)
  -------------------------------------------------------------------    -------------------
                         (clock sys_clk_pin rise edge)
                                                      0.000     0.000 r  
    E3                                                0.000     0.000 r  clk (IN)
                         net (fo=0)                   0.000     0.000    clk
    E3                   IBUF (Prop_ibuf_I_O)         1.482     1.482 r  clk_IBUF_inst/O
                         net (fo=1, routed)           2.025     3.506    clk_IBUF
    BUFGCTRL_X0Y16       BUFG (Prop_bufg_I_O)         0.096     3.602 r  clk_IBUF_BUFG_inst/O
                         net (fo=404, routed)         1.792     5.395    game_logic/clk
    SLICE_X64Y28         FDCE                                         r  game_logic/cur_num_reg[2]/C
  -------------------------------------------------------------------    -------------------
    SLICE_X64Y28         FDCE (Prop_fdce_C_Q)         0.456     5.851 r  game_logic/cur_num_reg[2]/Q
                         net (fo=54, routed)          1.027     6.877    game_logic/num[2]
    SLICE_X62Y30         LUT3 (Prop_lut3_I1_O)        0.124     7.001 r  game_logic/data_block_reg[11]_i_1/O
                         net (fo=1, routed)           0.505     7.506    rend/D[3]
    SLICE_X62Y29         LDCE                                         r  rend/data_block_reg[11]/D
  -------------------------------------------------------------------    -------------------

Slack:                    inf
  Source:                 game_logic/cur_num_reg[1]/C
                            (rising edge-triggered cell FDCE clocked by sys_clk_pin  {rise@0.000ns fall@5.000ns period=10.000ns})
  Destination:            rend/data_block_reg[6]/D
  Path Group:             (none)
  Path Type:              Max at Slow Process Corner
  Data Path Delay:        2.093ns  (logic 0.580ns (27.718%)  route 1.513ns (72.282%))
  Logic Levels:           1  (LUT1=1)
  Clock Uncertainty:      0.025ns  ((TSJ^2 + TIJ^2)^1/2 + DJ) / 2 + PE
    Total System Jitter     (TSJ):    0.050ns
    Total Input Jitter      (TIJ):    0.000ns
    Discrete Jitter          (DJ):    0.000ns
    Phase Error              (PE):    0.000ns

    Location             Delay type                Incr(ns)  Path(ns)    Netlist Resource(s)
  -------------------------------------------------------------------    -------------------
                         (clock sys_clk_pin rise edge)
                                                      0.000     0.000 r  
    E3                                                0.000     0.000 r  clk (IN)
                         net (fo=0)                   0.000     0.000    clk
    E3                   IBUF (Prop_ibuf_I_O)         1.482     1.482 r  clk_IBUF_inst/O
                         net (fo=1, routed)           2.025     3.506    clk_IBUF
    BUFGCTRL_X0Y16       BUFG (Prop_bufg_I_O)         0.096     3.602 r  clk_IBUF_BUFG_inst/O
                         net (fo=404, routed)         1.794     5.397    game_logic/clk
    SLICE_X64Y30         FDCE                                         r  game_logic/cur_num_reg[1]/C
  -------------------------------------------------------------------    -------------------
    SLICE_X64Y30         FDCE (Prop_fdce_C_Q)         0.456     5.853 f  game_logic/cur_num_reg[1]/Q
                         net (fo=57, routed)          1.133     6.986    game_logic/num[1]
    SLICE_X62Y29         LUT1 (Prop_lut1_I0_O)        0.124     7.110 r  game_logic/data_block_reg[6]_i_1/O
                         net (fo=1, routed)           0.379     7.489    rend/D[1]
    SLICE_X62Y29         LDCE                                         r  rend/data_block_reg[6]/D
  -------------------------------------------------------------------    -------------------

Slack:                    inf
  Source:                 game_logic/cur_num_reg[2]/C
                            (rising edge-triggered cell FDCE clocked by sys_clk_pin  {rise@0.000ns fall@5.000ns period=10.000ns})
  Destination:            rend/next_data_block_reg[7]/D
  Path Group:             (none)
  Path Type:              Max at Slow Process Corner
  Data Path Delay:        2.016ns  (logic 0.606ns (30.066%)  route 1.410ns (69.934%))
  Logic Levels:           1  (LUT3=1)
  Clock Uncertainty:      0.025ns  ((TSJ^2 + TIJ^2)^1/2 + DJ) / 2 + PE
    Total System Jitter     (TSJ):    0.050ns
    Total Input Jitter      (TIJ):    0.000ns
    Discrete Jitter          (DJ):    0.000ns
    Phase Error              (PE):    0.000ns

    Location             Delay type                Incr(ns)  Path(ns)    Netlist Resource(s)
  -------------------------------------------------------------------    -------------------
                         (clock sys_clk_pin rise edge)
                                                      0.000     0.000 r  
    E3                                                0.000     0.000 r  clk (IN)
                         net (fo=0)                   0.000     0.000    clk
    E3                   IBUF (Prop_ibuf_I_O)         1.482     1.482 r  clk_IBUF_inst/O
                         net (fo=1, routed)           2.025     3.506    clk_IBUF
    BUFGCTRL_X0Y16       BUFG (Prop_bufg_I_O)         0.096     3.602 r  clk_IBUF_BUFG_inst/O
                         net (fo=404, routed)         1.792     5.395    game_logic/clk
    SLICE_X64Y28         FDCE                                         r  game_logic/cur_num_reg[2]/C
  -------------------------------------------------------------------    -------------------
    SLICE_X64Y28         FDCE (Prop_fdce_C_Q)         0.456     5.851 f  game_logic/cur_num_reg[2]/Q
                         net (fo=54, routed)          1.027     6.877    game_logic/num[2]
    SLICE_X62Y30         LUT3 (Prop_lut3_I1_O)        0.150     7.027 r  game_logic/next_data_block_reg[7]_i_1/O
                         net (fo=1, routed)           0.383     7.410    rend/data_in_reg[10]_0[2]
    SLICE_X62Y30         LDCE                                         r  rend/next_data_block_reg[7]/D
  -------------------------------------------------------------------    -------------------

Slack:                    inf
  Source:                 game_logic/cur_num_reg[0]/C
                            (rising edge-triggered cell FDPE clocked by sys_clk_pin  {rise@0.000ns fall@5.000ns period=10.000ns})
  Destination:            rend/data_block_reg[3]/D
  Path Group:             (none)
  Path Type:              Max at Slow Process Corner
  Data Path Delay:        1.517ns  (logic 0.608ns (40.066%)  route 0.909ns (59.934%))
  Logic Levels:           1  (LUT3=1)
  Clock Uncertainty:      0.025ns  ((TSJ^2 + TIJ^2)^1/2 + DJ) / 2 + PE
    Total System Jitter     (TSJ):    0.050ns
    Total Input Jitter      (TIJ):    0.000ns
    Discrete Jitter          (DJ):    0.000ns
    Phase Error              (PE):    0.000ns

    Location             Delay type                Incr(ns)  Path(ns)    Netlist Resource(s)
  -------------------------------------------------------------------    -------------------
                         (clock sys_clk_pin rise edge)
                                                      0.000     0.000 r  
    E3                                                0.000     0.000 r  clk (IN)
                         net (fo=0)                   0.000     0.000    clk
    E3                   IBUF (Prop_ibuf_I_O)         1.482     1.482 r  clk_IBUF_inst/O
                         net (fo=1, routed)           2.025     3.506    clk_IBUF
    BUFGCTRL_X0Y16       BUFG (Prop_bufg_I_O)         0.096     3.602 r  clk_IBUF_BUFG_inst/O
                         net (fo=404, routed)         1.791     5.394    game_logic/clk
    SLICE_X63Y28         FDPE                                         r  game_logic/cur_num_reg[0]/C
  -------------------------------------------------------------------    -------------------
    SLICE_X63Y28         FDPE (Prop_fdpe_C_Q)         0.456     5.850 f  game_logic/cur_num_reg[0]/Q
                         net (fo=58, routed)          0.909     6.759    game_logic/num[0]
    SLICE_X62Y29         LUT3 (Prop_lut3_I1_O)        0.152     6.911 r  game_logic/data_block_reg[3]_i_1/O
                         net (fo=1, routed)           0.000     6.911    rend/D[0]
    SLICE_X62Y29         LDCE                                         r  rend/data_block_reg[3]/D
  -------------------------------------------------------------------    -------------------

Slack:                    inf
  Source:                 keyboard/ps2_d_f_reg/C
                            (rising edge-triggered cell FDPE clocked by sys_clk_pin  {rise@0.000ns fall@5.000ns period=10.000ns})
  Destination:            keyboard/buffer_reg[10]/D
  Path Group:             (none)
  Path Type:              Max at Slow Process Corner
  Data Path Delay:        1.123ns  (logic 0.518ns (46.115%)  route 0.605ns (53.885%))
  Logic Levels:           0  
  Clock Uncertainty:      0.025ns  ((TSJ^2 + TIJ^2)^1/2 + DJ) / 2 + PE
    Total System Jitter     (TSJ):    0.050ns
    Total Input Jitter      (TIJ):    0.000ns
    Discrete Jitter          (DJ):    0.000ns
    Phase Error              (PE):    0.000ns

    Location             Delay type                Incr(ns)  Path(ns)    Netlist Resource(s)
  -------------------------------------------------------------------    -------------------
                         (clock sys_clk_pin rise edge)
                                                      0.000     0.000 r  
    E3                                                0.000     0.000 r  clk (IN)
                         net (fo=0)                   0.000     0.000    clk
    E3                   IBUF (Prop_ibuf_I_O)         1.482     1.482 r  clk_IBUF_inst/O
                         net (fo=1, routed)           2.025     3.506    clk_IBUF
    BUFGCTRL_X0Y16       BUFG (Prop_bufg_I_O)         0.096     3.602 r  clk_IBUF_BUFG_inst/O
                         net (fo=404, routed)         1.612     5.215    keyboard/clk
    SLICE_X60Y73         FDPE                                         r  keyboard/ps2_d_f_reg/C
  -------------------------------------------------------------------    -------------------
    SLICE_X60Y73         FDPE (Prop_fdpe_C_Q)         0.518     5.733 r  keyboard/ps2_d_f_reg/Q
                         net (fo=2, routed)           0.605     6.338    keyboard/ps2_d_f
    SLICE_X60Y72         FDCE                                         r  keyboard/buffer_reg[10]/D
  -------------------------------------------------------------------    -------------------





Min Delay Paths
--------------------------------------------------------------------------------------
Slack:                    inf
  Source:                 keyboard/ps2_d_f_reg/C
                            (rising edge-triggered cell FDPE clocked by sys_clk_pin  {rise@0.000ns fall@5.000ns period=10.000ns})
  Destination:            keyboard/buffer_reg[10]/D
  Path Group:             (none)
  Path Type:              Min at Fast Process Corner
  Data Path Delay:        0.371ns  (logic 0.164ns (44.172%)  route 0.207ns (55.828%))
  Logic Levels:           0  
  Clock Uncertainty:      0.025ns  ((TSJ^2 + TIJ^2)^1/2 + DJ) / 2 + PE
    Total System Jitter     (TSJ):    0.050ns
    Total Input Jitter      (TIJ):    0.000ns
    Discrete Jitter          (DJ):    0.000ns
    Phase Error              (PE):    0.000ns

    Location             Delay type                Incr(ns)  Path(ns)    Netlist Resource(s)
  -------------------------------------------------------------------    -------------------
                         (clock sys_clk_pin rise edge)
                                                      0.000     0.000 r  
    E3                                                0.000     0.000 r  clk (IN)
                         net (fo=0)                   0.000     0.000    clk
    E3                   IBUF (Prop_ibuf_I_O)         0.250     0.250 r  clk_IBUF_inst/O
                         net (fo=1, routed)           0.644     0.894    clk_IBUF
    BUFGCTRL_X0Y16       BUFG (Prop_bufg_I_O)         0.026     0.920 r  clk_IBUF_BUFG_inst/O
                         net (fo=404, routed)         0.554     1.473    keyboard/clk
    SLICE_X60Y73         FDPE                                         r  keyboard/ps2_d_f_reg/C
  -------------------------------------------------------------------    -------------------
    SLICE_X60Y73         FDPE (Prop_fdpe_C_Q)         0.164     1.637 r  keyboard/ps2_d_f_reg/Q
                         net (fo=2, routed)           0.207     1.845    keyboard/ps2_d_f
    SLICE_X60Y72         FDCE                                         r  keyboard/buffer_reg[10]/D
  -------------------------------------------------------------------    -------------------

Slack:                    inf
  Source:                 game_logic/cur_num_reg[1]/C
                            (rising edge-triggered cell FDCE clocked by sys_clk_pin  {rise@0.000ns fall@5.000ns period=10.000ns})
  Destination:            rend/data_block_reg[3]/D
  Path Group:             (none)
  Path Type:              Min at Fast Process Corner
  Data Path Delay:        0.527ns  (logic 0.189ns (35.834%)  route 0.338ns (64.166%))
  Logic Levels:           1  (LUT3=1)
  Clock Uncertainty:      0.025ns  ((TSJ^2 + TIJ^2)^1/2 + DJ) / 2 + PE
    Total System Jitter     (TSJ):    0.050ns
    Total Input Jitter      (TIJ):    0.000ns
    Discrete Jitter          (DJ):    0.000ns
    Phase Error              (PE):    0.000ns

    Location             Delay type                Incr(ns)  Path(ns)    Netlist Resource(s)
  -------------------------------------------------------------------    -------------------
                         (clock sys_clk_pin rise edge)
                                                      0.000     0.000 r  
    E3                                                0.000     0.000 r  clk (IN)
                         net (fo=0)                   0.000     0.000    clk
    E3                   IBUF (Prop_ibuf_I_O)         0.250     0.250 r  clk_IBUF_inst/O
                         net (fo=1, routed)           0.644     0.894    clk_IBUF
    BUFGCTRL_X0Y16       BUFG (Prop_bufg_I_O)         0.026     0.920 r  clk_IBUF_BUFG_inst/O
                         net (fo=404, routed)         0.626     1.546    game_logic/clk
    SLICE_X64Y30         FDCE                                         r  game_logic/cur_num_reg[1]/C
  -------------------------------------------------------------------    -------------------
    SLICE_X64Y30         FDCE (Prop_fdce_C_Q)         0.141     1.687 r  game_logic/cur_num_reg[1]/Q
                         net (fo=57, routed)          0.338     2.025    game_logic/num[1]
    SLICE_X62Y29         LUT3 (Prop_lut3_I2_O)        0.048     2.073 r  game_logic/data_block_reg[3]_i_1/O
                         net (fo=1, routed)           0.000     2.073    rend/D[0]
    SLICE_X62Y29         LDCE                                         r  rend/data_block_reg[3]/D
  -------------------------------------------------------------------    -------------------

Slack:                    inf
  Source:                 game_logic/cur_num_reg[0]/C
                            (rising edge-triggered cell FDPE clocked by sys_clk_pin  {rise@0.000ns fall@5.000ns period=10.000ns})
  Destination:            rend/next_data_block_reg[3]/D
  Path Group:             (none)
  Path Type:              Min at Fast Process Corner
  Data Path Delay:        0.644ns  (logic 0.185ns (28.729%)  route 0.459ns (71.271%))
  Logic Levels:           1  (LUT3=1)
  Clock Uncertainty:      0.025ns  ((TSJ^2 + TIJ^2)^1/2 + DJ) / 2 + PE
    Total System Jitter     (TSJ):    0.050ns
    Total Input Jitter      (TIJ):    0.000ns
    Discrete Jitter          (DJ):    0.000ns
    Phase Error              (PE):    0.000ns

    Location             Delay type                Incr(ns)  Path(ns)    Netlist Resource(s)
  -------------------------------------------------------------------    -------------------
                         (clock sys_clk_pin rise edge)
                                                      0.000     0.000 r  
    E3                                                0.000     0.000 r  clk (IN)
                         net (fo=0)                   0.000     0.000    clk
    E3                   IBUF (Prop_ibuf_I_O)         0.250     0.250 r  clk_IBUF_inst/O
                         net (fo=1, routed)           0.644     0.894    clk_IBUF
    BUFGCTRL_X0Y16       BUFG (Prop_bufg_I_O)         0.026     0.920 r  clk_IBUF_BUFG_inst/O
                         net (fo=404, routed)         0.624     1.544    game_logic/clk
    SLICE_X63Y28         FDPE                                         r  game_logic/cur_num_reg[0]/C
  -------------------------------------------------------------------    -------------------
    SLICE_X63Y28         FDPE (Prop_fdpe_C_Q)         0.141     1.685 r  game_logic/cur_num_reg[0]/Q
                         net (fo=58, routed)          0.279     1.964    game_logic/num[0]
    SLICE_X63Y28         LUT3 (Prop_lut3_I2_O)        0.044     2.008 r  game_logic/next_data_block_reg[3]_i_1/O
                         net (fo=1, routed)           0.180     2.188    rend/data_in_reg[10]_0[0]
    SLICE_X62Y30         LDCE                                         r  rend/next_data_block_reg[3]/D
  -------------------------------------------------------------------    -------------------

Slack:                    inf
  Source:                 game_logic/cur_num_reg[0]/C
                            (rising edge-triggered cell FDPE clocked by sys_clk_pin  {rise@0.000ns fall@5.000ns period=10.000ns})
  Destination:            rend/next_data_block_reg[7]/D
  Path Group:             (none)
  Path Type:              Min at Fast Process Corner
  Data Path Delay:        0.650ns  (logic 0.189ns (29.059%)  route 0.461ns (70.941%))
  Logic Levels:           1  (LUT3=1)
  Clock Uncertainty:      0.025ns  ((TSJ^2 + TIJ^2)^1/2 + DJ) / 2 + PE
    Total System Jitter     (TSJ):    0.050ns
    Total Input Jitter      (TIJ):    0.000ns
    Discrete Jitter          (DJ):    0.000ns
    Phase Error              (PE):    0.000ns

    Location             Delay type                Incr(ns)  Path(ns)    Netlist Resource(s)
  -------------------------------------------------------------------    -------------------
                         (clock sys_clk_pin rise edge)
                                                      0.000     0.000 r  
    E3                                                0.000     0.000 r  clk (IN)
                         net (fo=0)                   0.000     0.000    clk
    E3                   IBUF (Prop_ibuf_I_O)         0.250     0.250 r  clk_IBUF_inst/O
                         net (fo=1, routed)           0.644     0.894    clk_IBUF
    BUFGCTRL_X0Y16       BUFG (Prop_bufg_I_O)         0.026     0.920 r  clk_IBUF_BUFG_inst/O
                         net (fo=404, routed)         0.624     1.544    game_logic/clk
    SLICE_X63Y28         FDPE                                         r  game_logic/cur_num_reg[0]/C
  -------------------------------------------------------------------    -------------------
    SLICE_X63Y28         FDPE (Prop_fdpe_C_Q)         0.141     1.685 r  game_logic/cur_num_reg[0]/Q
                         net (fo=58, routed)          0.342     2.027    game_logic/num[0]
    SLICE_X62Y30         LUT3 (Prop_lut3_I2_O)        0.048     2.075 r  game_logic/next_data_block_reg[7]_i_1/O
                         net (fo=1, routed)           0.120     2.194    rend/data_in_reg[10]_0[2]
    SLICE_X62Y30         LDCE                                         r  rend/next_data_block_reg[7]/D
  -------------------------------------------------------------------    -------------------

Slack:                    inf
  Source:                 game_logic/cur_num_reg[1]/C
                            (rising edge-triggered cell FDCE clocked by sys_clk_pin  {rise@0.000ns fall@5.000ns period=10.000ns})
  Destination:            rend/data_block_reg[7]/D
  Path Group:             (none)
  Path Type:              Min at Fast Process Corner
  Data Path Delay:        0.685ns  (logic 0.186ns (27.146%)  route 0.499ns (72.854%))
  Logic Levels:           1  (LUT3=1)
  Clock Uncertainty:      0.025ns  ((TSJ^2 + TIJ^2)^1/2 + DJ) / 2 + PE
    Total System Jitter     (TSJ):    0.050ns
    Total Input Jitter      (TIJ):    0.000ns
    Discrete Jitter          (DJ):    0.000ns
    Phase Error              (PE):    0.000ns

    Location             Delay type                Incr(ns)  Path(ns)    Netlist Resource(s)
  -------------------------------------------------------------------    -------------------
                         (clock sys_clk_pin rise edge)
                                                      0.000     0.000 r  
    E3                                                0.000     0.000 r  clk (IN)
                         net (fo=0)                   0.000     0.000    clk
    E3                   IBUF (Prop_ibuf_I_O)         0.250     0.250 r  clk_IBUF_inst/O
                         net (fo=1, routed)           0.644     0.894    clk_IBUF
    BUFGCTRL_X0Y16       BUFG (Prop_bufg_I_O)         0.026     0.920 r  clk_IBUF_BUFG_inst/O
                         net (fo=404, routed)         0.626     1.546    game_logic/clk
    SLICE_X64Y30         FDCE                                         r  game_logic/cur_num_reg[1]/C
  -------------------------------------------------------------------    -------------------
    SLICE_X64Y30         FDCE (Prop_fdce_C_Q)         0.141     1.687 f  game_logic/cur_num_reg[1]/Q
                         net (fo=57, routed)          0.354     2.041    game_logic/num[1]
    SLICE_X62Y30         LUT3 (Prop_lut3_I2_O)        0.045     2.086 r  game_logic/data_block_reg[7]_i_1/O
                         net (fo=1, routed)           0.145     2.231    rend/D[2]
    SLICE_X62Y29         LDCE                                         r  rend/data_block_reg[7]/D
  -------------------------------------------------------------------    -------------------

Slack:                    inf
  Source:                 game_logic/cur_num_reg[0]/C
                            (rising edge-triggered cell FDPE clocked by sys_clk_pin  {rise@0.000ns fall@5.000ns period=10.000ns})
  Destination:            rend/data_block_reg[11]/D
  Path Group:             (none)
  Path Type:              Min at Fast Process Corner
  Data Path Delay:        0.704ns  (logic 0.186ns (26.415%)  route 0.518ns (73.585%))
  Logic Levels:           1  (LUT3=1)
  Clock Uncertainty:      0.025ns  ((TSJ^2 + TIJ^2)^1/2 + DJ) / 2 + PE
    Total System Jitter     (TSJ):    0.050ns
    Total Input Jitter      (TIJ):    0.000ns
    Discrete Jitter          (DJ):    0.000ns
    Phase Error              (PE):    0.000ns

    Location             Delay type                Incr(ns)  Path(ns)    Netlist Resource(s)
  -------------------------------------------------------------------    -------------------
                         (clock sys_clk_pin rise edge)
                                                      0.000     0.000 r  
    E3                                                0.000     0.000 r  clk (IN)
                         net (fo=0)                   0.000     0.000    clk
    E3                   IBUF (Prop_ibuf_I_O)         0.250     0.250 r  clk_IBUF_inst/O
                         net (fo=1, routed)           0.644     0.894    clk_IBUF
    BUFGCTRL_X0Y16       BUFG (Prop_bufg_I_O)         0.026     0.920 r  clk_IBUF_BUFG_inst/O
                         net (fo=404, routed)         0.624     1.544    game_logic/clk
    SLICE_X63Y28         FDPE                                         r  game_logic/cur_num_reg[0]/C
  -------------------------------------------------------------------    -------------------
    SLICE_X63Y28         FDPE (Prop_fdpe_C_Q)         0.141     1.685 r  game_logic/cur_num_reg[0]/Q
                         net (fo=58, routed)          0.342     2.027    game_logic/num[0]
    SLICE_X62Y30         LUT3 (Prop_lut3_I2_O)        0.045     2.072 r  game_logic/data_block_reg[11]_i_1/O
                         net (fo=1, routed)           0.177     2.248    rend/D[3]
    SLICE_X62Y29         LDCE                                         r  rend/data_block_reg[11]/D
  -------------------------------------------------------------------    -------------------

Slack:                    inf
  Source:                 game_logic/cur_num_reg[1]/C
                            (rising edge-triggered cell FDCE clocked by sys_clk_pin  {rise@0.000ns fall@5.000ns period=10.000ns})
  Destination:            rend/data_block_reg[6]/D
  Path Group:             (none)
  Path Type:              Min at Fast Process Corner
  Data Path Delay:        0.744ns  (logic 0.186ns (25.016%)  route 0.558ns (74.984%))
  Logic Levels:           1  (LUT1=1)
  Clock Uncertainty:      0.025ns  ((TSJ^2 + TIJ^2)^1/2 + DJ) / 2 + PE
    Total System Jitter     (TSJ):    0.050ns
    Total Input Jitter      (TIJ):    0.000ns
    Discrete Jitter          (DJ):    0.000ns
    Phase Error              (PE):    0.000ns

    Location             Delay type                Incr(ns)  Path(ns)    Netlist Resource(s)
  -------------------------------------------------------------------    -------------------
                         (clock sys_clk_pin rise edge)
                                                      0.000     0.000 r  
    E3                                                0.000     0.000 r  clk (IN)
                         net (fo=0)                   0.000     0.000    clk
    E3                   IBUF (Prop_ibuf_I_O)         0.250     0.250 r  clk_IBUF_inst/O
                         net (fo=1, routed)           0.644     0.894    clk_IBUF
    BUFGCTRL_X0Y16       BUFG (Prop_bufg_I_O)         0.026     0.920 r  clk_IBUF_BUFG_inst/O
                         net (fo=404, routed)         0.626     1.546    game_logic/clk
    SLICE_X64Y30         FDCE                                         r  game_logic/cur_num_reg[1]/C
  -------------------------------------------------------------------    -------------------
    SLICE_X64Y30         FDCE (Prop_fdce_C_Q)         0.141     1.687 f  game_logic/cur_num_reg[1]/Q
                         net (fo=57, routed)          0.441     2.128    game_logic/num[1]
    SLICE_X62Y29         LUT1 (Prop_lut1_I0_O)        0.045     2.173 r  game_logic/data_block_reg[6]_i_1/O
                         net (fo=1, routed)           0.116     2.289    rend/D[1]
    SLICE_X62Y29         LDCE                                         r  rend/data_block_reg[6]/D
  -------------------------------------------------------------------    -------------------

Slack:                    inf
  Source:                 game_logic/cur_num_reg[1]/C
                            (rising edge-triggered cell FDCE clocked by sys_clk_pin  {rise@0.000ns fall@5.000ns period=10.000ns})
  Destination:            rend/next_data_block_reg[6]/D
  Path Group:             (none)
  Path Type:              Min at Fast Process Corner
  Data Path Delay:        0.745ns  (logic 0.186ns (24.974%)  route 0.559ns (75.026%))
  Logic Levels:           1  (LUT2=1)
  Clock Uncertainty:      0.025ns  ((TSJ^2 + TIJ^2)^1/2 + DJ) / 2 + PE
    Total System Jitter     (TSJ):    0.050ns
    Total Input Jitter      (TIJ):    0.000ns
    Discrete Jitter          (DJ):    0.000ns
    Phase Error              (PE):    0.000ns

    Location             Delay type                Incr(ns)  Path(ns)    Netlist Resource(s)
  -------------------------------------------------------------------    -------------------
                         (clock sys_clk_pin rise edge)
                                                      0.000     0.000 r  
    E3                                                0.000     0.000 r  clk (IN)
                         net (fo=0)                   0.000     0.000    clk
    E3                   IBUF (Prop_ibuf_I_O)         0.250     0.250 r  clk_IBUF_inst/O
                         net (fo=1, routed)           0.644     0.894    clk_IBUF
    BUFGCTRL_X0Y16       BUFG (Prop_bufg_I_O)         0.026     0.920 r  clk_IBUF_BUFG_inst/O
                         net (fo=404, routed)         0.626     1.546    game_logic/clk
    SLICE_X64Y30         FDCE                                         r  game_logic/cur_num_reg[1]/C
  -------------------------------------------------------------------    -------------------
    SLICE_X64Y30         FDCE (Prop_fdce_C_Q)         0.141     1.687 r  game_logic/cur_num_reg[1]/Q
                         net (fo=57, routed)          0.354     2.041    game_logic/num[1]
    SLICE_X62Y30         LUT2 (Prop_lut2_I0_O)        0.045     2.086 r  game_logic/next_data_block_reg[6]_i_1/O
                         net (fo=1, routed)           0.204     2.291    rend/data_in_reg[10]_0[1]
    SLICE_X62Y30         LDCE                                         r  rend/next_data_block_reg[6]/D
  -------------------------------------------------------------------    -------------------

Slack:                    inf
  Source:                 game_logic/cur_num_reg[2]/C
                            (rising edge-triggered cell FDCE clocked by sys_clk_pin  {rise@0.000ns fall@5.000ns period=10.000ns})
  Destination:            rend/next_data_block_reg[11]/D
  Path Group:             (none)
  Path Type:              Min at Fast Process Corner
  Data Path Delay:        0.867ns  (logic 0.190ns (21.909%)  route 0.677ns (78.091%))
  Logic Levels:           1  (LUT3=1)
  Clock Uncertainty:      0.025ns  ((TSJ^2 + TIJ^2)^1/2 + DJ) / 2 + PE
    Total System Jitter     (TSJ):    0.050ns
    Total Input Jitter      (TIJ):    0.000ns
    Discrete Jitter          (DJ):    0.000ns
    Phase Error              (PE):    0.000ns

    Location             Delay type                Incr(ns)  Path(ns)    Netlist Resource(s)
  -------------------------------------------------------------------    -------------------
                         (clock sys_clk_pin rise edge)
                                                      0.000     0.000 r  
    E3                                                0.000     0.000 r  clk (IN)
                         net (fo=0)                   0.000     0.000    clk
    E3                   IBUF (Prop_ibuf_I_O)         0.250     0.250 r  clk_IBUF_inst/O
                         net (fo=1, routed)           0.644     0.894    clk_IBUF
    BUFGCTRL_X0Y16       BUFG (Prop_bufg_I_O)         0.026     0.920 r  clk_IBUF_BUFG_inst/O
                         net (fo=404, routed)         0.624     1.544    game_logic/clk
    SLICE_X64Y28         FDCE                                         r  game_logic/cur_num_reg[2]/C
  -------------------------------------------------------------------    -------------------
    SLICE_X64Y28         FDCE (Prop_fdce_C_Q)         0.141     1.685 r  game_logic/cur_num_reg[2]/Q
                         net (fo=54, routed)          0.449     2.134    game_logic/num[2]
    SLICE_X70Y28         LUT3 (Prop_lut3_I1_O)        0.049     2.183 r  game_logic/next_data_block_reg[11]_i_1/O
                         net (fo=1, routed)           0.228     2.411    rend/data_in_reg[10]_0[3]
    SLICE_X62Y27         LDCE                                         r  rend/next_data_block_reg[11]/D
  -------------------------------------------------------------------    -------------------





--------------------------------------------------------------------------------------
Path Group:  (none)
From Clock:  
  To Clock:  clk_out1_pclk

Max Delay            68 Endpoints
Min Delay            68 Endpoints
--------------------------------------------------------------------------------------


Max Delay Paths
--------------------------------------------------------------------------------------
Slack:                    inf
  Source:                 rstn
                            (input port)
  Destination:            dst/h_state_reg[1]/R
                            (rising edge-triggered cell FDRE clocked by clk_out1_pclk  {rise@0.000ns fall@10.000ns period=20.000ns})
  Path Group:             (none)
  Path Type:              Setup (Max at Slow Process Corner)
  Data Path Delay:        11.436ns  (logic 1.631ns (14.262%)  route 9.805ns (85.738%))
  Logic Levels:           2  (IBUF=1 LUT1=1)
  Clock Path Skew:        1.715ns (DCD - SCD + CPR)
    Destination Clock Delay (DCD):    1.715ns
    Source Clock Delay      (SCD):    0.000ns
    Clock Pessimism Removal (CPR):    0.000ns
  Clock Uncertainty:      0.178ns  ((TSJ^2 + DJ^2)^1/2) / 2 + PE
    Total System Jitter     (TSJ):    0.050ns
    Discrete Jitter          (DJ):    0.152ns
    Phase Error              (PE):    0.099ns

    Location             Delay type                Incr(ns)  Path(ns)    Netlist Resource(s)
  -------------------------------------------------------------------    -------------------
    C12                                               0.000     0.000 f  rstn (IN)
                         net (fo=0)                   0.000     0.000    rstn
    C12                  IBUF (Prop_ibuf_I_O)         1.507     1.507 f  rstn_IBUF_inst/O
                         net (fo=28, routed)          6.998     8.505    game_logic/rstn_IBUF
    SLICE_X62Y18         LUT1 (Prop_lut1_I0_O)        0.124     8.629 r  game_logic/cur_y[4]_i_3/O
                         net (fo=334, routed)         2.807    11.436    dst/q_reg[1]
    SLICE_X80Y21         FDRE                                         r  dst/h_state_reg[1]/R
  -------------------------------------------------------------------    -------------------

                         (clock clk_out1_pclk rise edge)
                                                      0.000     0.000 r  
    BUFGCTRL_X0Y16       BUFG                         0.000     0.000 r  clk_IBUF_BUFG_inst/O
                         net (fo=404, routed)         1.683     1.683    clk_ip/inst/clk_in1
    MMCME2_ADV_X0Y0      MMCME2_ADV (Prop_mmcme2_adv_CLKIN1_CLKOUT0)
                                                     -3.694    -2.011 r  clk_ip/inst/mmcm_adv_inst/CLKOUT0
                         net (fo=1, routed)           1.923    -0.088    clk_ip/inst/clk_out1_pclk
    BUFGCTRL_X0Y0        BUFG (Prop_bufg_I_O)         0.091     0.003 r  clk_ip/inst/clkout1_buf/O
                         net (fo=86, routed)          1.712     1.715    dst/CLK
    SLICE_X80Y21         FDRE                                         r  dst/h_state_reg[1]/C

Slack:                    inf
  Source:                 rstn
                            (input port)
  Destination:            dst/hcnt/q_reg[8]/R
                            (rising edge-triggered cell FDRE clocked by clk_out1_pclk  {rise@0.000ns fall@10.000ns period=20.000ns})
  Path Group:             (none)
  Path Type:              Setup (Max at Slow Process Corner)
  Data Path Delay:        11.436ns  (logic 1.631ns (14.262%)  route 9.805ns (85.738%))
  Logic Levels:           2  (IBUF=1 LUT1=1)
  Clock Path Skew:        1.715ns (DCD - SCD + CPR)
    Destination Clock Delay (DCD):    1.715ns
    Source Clock Delay      (SCD):    0.000ns
    Clock Pessimism Removal (CPR):    0.000ns
  Clock Uncertainty:      0.178ns  ((TSJ^2 + DJ^2)^1/2) / 2 + PE
    Total System Jitter     (TSJ):    0.050ns
    Discrete Jitter          (DJ):    0.152ns
    Phase Error              (PE):    0.099ns

    Location             Delay type                Incr(ns)  Path(ns)    Netlist Resource(s)
  -------------------------------------------------------------------    -------------------
    C12                                               0.000     0.000 f  rstn (IN)
                         net (fo=0)                   0.000     0.000    rstn
    C12                  IBUF (Prop_ibuf_I_O)         1.507     1.507 f  rstn_IBUF_inst/O
                         net (fo=28, routed)          6.998     8.505    game_logic/rstn_IBUF
    SLICE_X62Y18         LUT1 (Prop_lut1_I0_O)        0.124     8.629 r  game_logic/cur_y[4]_i_3/O
                         net (fo=334, routed)         2.807    11.436    dst/hcnt/q_reg[3]_0
    SLICE_X80Y21         FDRE                                         r  dst/hcnt/q_reg[8]/R
  -------------------------------------------------------------------    -------------------

                         (clock clk_out1_pclk rise edge)
                                                      0.000     0.000 r  
    BUFGCTRL_X0Y16       BUFG                         0.000     0.000 r  clk_IBUF_BUFG_inst/O
                         net (fo=404, routed)         1.683     1.683    clk_ip/inst/clk_in1
    MMCME2_ADV_X0Y0      MMCME2_ADV (Prop_mmcme2_adv_CLKIN1_CLKOUT0)
                                                     -3.694    -2.011 r  clk_ip/inst/mmcm_adv_inst/CLKOUT0
                         net (fo=1, routed)           1.923    -0.088    clk_ip/inst/clk_out1_pclk
    BUFGCTRL_X0Y0        BUFG (Prop_bufg_I_O)         0.091     0.003 r  clk_ip/inst/clkout1_buf/O
                         net (fo=86, routed)          1.712     1.715    dst/hcnt/CLK
    SLICE_X80Y21         FDRE                                         r  dst/hcnt/q_reg[8]/C

Slack:                    inf
  Source:                 rstn
                            (input port)
  Destination:            dst/hcnt/q_reg[9]/R
                            (rising edge-triggered cell FDRE clocked by clk_out1_pclk  {rise@0.000ns fall@10.000ns period=20.000ns})
  Path Group:             (none)
  Path Type:              Setup (Max at Slow Process Corner)
  Data Path Delay:        11.436ns  (logic 1.631ns (14.262%)  route 9.805ns (85.738%))
  Logic Levels:           2  (IBUF=1 LUT1=1)
  Clock Path Skew:        1.715ns (DCD - SCD + CPR)
    Destination Clock Delay (DCD):    1.715ns
    Source Clock Delay      (SCD):    0.000ns
    Clock Pessimism Removal (CPR):    0.000ns
  Clock Uncertainty:      0.178ns  ((TSJ^2 + DJ^2)^1/2) / 2 + PE
    Total System Jitter     (TSJ):    0.050ns
    Discrete Jitter          (DJ):    0.152ns
    Phase Error              (PE):    0.099ns

    Location             Delay type                Incr(ns)  Path(ns)    Netlist Resource(s)
  -------------------------------------------------------------------    -------------------
    C12                                               0.000     0.000 f  rstn (IN)
                         net (fo=0)                   0.000     0.000    rstn
    C12                  IBUF (Prop_ibuf_I_O)         1.507     1.507 f  rstn_IBUF_inst/O
                         net (fo=28, routed)          6.998     8.505    game_logic/rstn_IBUF
    SLICE_X62Y18         LUT1 (Prop_lut1_I0_O)        0.124     8.629 r  game_logic/cur_y[4]_i_3/O
                         net (fo=334, routed)         2.807    11.436    dst/hcnt/q_reg[3]_0
    SLICE_X80Y21         FDRE                                         r  dst/hcnt/q_reg[9]/R
  -------------------------------------------------------------------    -------------------

                         (clock clk_out1_pclk rise edge)
                                                      0.000     0.000 r  
    BUFGCTRL_X0Y16       BUFG                         0.000     0.000 r  clk_IBUF_BUFG_inst/O
                         net (fo=404, routed)         1.683     1.683    clk_ip/inst/clk_in1
    MMCME2_ADV_X0Y0      MMCME2_ADV (Prop_mmcme2_adv_CLKIN1_CLKOUT0)
                                                     -3.694    -2.011 r  clk_ip/inst/mmcm_adv_inst/CLKOUT0
                         net (fo=1, routed)           1.923    -0.088    clk_ip/inst/clk_out1_pclk
    BUFGCTRL_X0Y0        BUFG (Prop_bufg_I_O)         0.091     0.003 r  clk_ip/inst/clkout1_buf/O
                         net (fo=86, routed)          1.712     1.715    dst/hcnt/CLK
    SLICE_X80Y21         FDRE                                         r  dst/hcnt/q_reg[9]/C

Slack:                    inf
  Source:                 rstn
                            (input port)
  Destination:            dst/v_state_reg[0]/R
                            (rising edge-triggered cell FDRE clocked by clk_out1_pclk  {rise@0.000ns fall@10.000ns period=20.000ns})
  Path Group:             (none)
  Path Type:              Setup (Max at Slow Process Corner)
  Data Path Delay:        11.436ns  (logic 1.631ns (14.262%)  route 9.805ns (85.738%))
  Logic Levels:           2  (IBUF=1 LUT1=1)
  Clock Path Skew:        1.715ns (DCD - SCD + CPR)
    Destination Clock Delay (DCD):    1.715ns
    Source Clock Delay      (SCD):    0.000ns
    Clock Pessimism Removal (CPR):    0.000ns
  Clock Uncertainty:      0.178ns  ((TSJ^2 + DJ^2)^1/2) / 2 + PE
    Total System Jitter     (TSJ):    0.050ns
    Discrete Jitter          (DJ):    0.152ns
    Phase Error              (PE):    0.099ns

    Location             Delay type                Incr(ns)  Path(ns)    Netlist Resource(s)
  -------------------------------------------------------------------    -------------------
    C12                                               0.000     0.000 f  rstn (IN)
                         net (fo=0)                   0.000     0.000    rstn
    C12                  IBUF (Prop_ibuf_I_O)         1.507     1.507 f  rstn_IBUF_inst/O
                         net (fo=28, routed)          6.998     8.505    game_logic/rstn_IBUF
    SLICE_X62Y18         LUT1 (Prop_lut1_I0_O)        0.124     8.629 r  game_logic/cur_y[4]_i_3/O
                         net (fo=334, routed)         2.807    11.436    dst/q_reg[1]
    SLICE_X80Y21         FDRE                                         r  dst/v_state_reg[0]/R
  -------------------------------------------------------------------    -------------------

                         (clock clk_out1_pclk rise edge)
                                                      0.000     0.000 r  
    BUFGCTRL_X0Y16       BUFG                         0.000     0.000 r  clk_IBUF_BUFG_inst/O
                         net (fo=404, routed)         1.683     1.683    clk_ip/inst/clk_in1
    MMCME2_ADV_X0Y0      MMCME2_ADV (Prop_mmcme2_adv_CLKIN1_CLKOUT0)
                                                     -3.694    -2.011 r  clk_ip/inst/mmcm_adv_inst/CLKOUT0
                         net (fo=1, routed)           1.923    -0.088    clk_ip/inst/clk_out1_pclk
    BUFGCTRL_X0Y0        BUFG (Prop_bufg_I_O)         0.091     0.003 r  clk_ip/inst/clkout1_buf/O
                         net (fo=86, routed)          1.712     1.715    dst/CLK
    SLICE_X80Y21         FDRE                                         r  dst/v_state_reg[0]/C

Slack:                    inf
  Source:                 rstn
                            (input port)
  Destination:            dst/vcnt/q_reg[13]/R
                            (rising edge-triggered cell FDRE clocked by clk_out1_pclk  {rise@0.000ns fall@10.000ns period=20.000ns})
  Path Group:             (none)
  Path Type:              Setup (Max at Slow Process Corner)
  Data Path Delay:        11.298ns  (logic 1.631ns (14.437%)  route 9.667ns (85.563%))
  Logic Levels:           2  (IBUF=1 LUT1=1)
  Clock Path Skew:        1.716ns (DCD - SCD + CPR)
    Destination Clock Delay (DCD):    1.716ns
    Source Clock Delay      (SCD):    0.000ns
    Clock Pessimism Removal (CPR):    0.000ns
  Clock Uncertainty:      0.178ns  ((TSJ^2 + DJ^2)^1/2) / 2 + PE
    Total System Jitter     (TSJ):    0.050ns
    Discrete Jitter          (DJ):    0.152ns
    Phase Error              (PE):    0.099ns

    Location             Delay type                Incr(ns)  Path(ns)    Netlist Resource(s)
  -------------------------------------------------------------------    -------------------
    C12                                               0.000     0.000 f  rstn (IN)
                         net (fo=0)                   0.000     0.000    rstn
    C12                  IBUF (Prop_ibuf_I_O)         1.507     1.507 f  rstn_IBUF_inst/O
                         net (fo=28, routed)          6.998     8.505    game_logic/rstn_IBUF
    SLICE_X62Y18         LUT1 (Prop_lut1_I0_O)        0.124     8.629 r  game_logic/cur_y[4]_i_3/O
                         net (fo=334, routed)         2.668    11.298    dst/vcnt/q_reg[1]_0
    SLICE_X81Y20         FDRE                                         r  dst/vcnt/q_reg[13]/R
  -------------------------------------------------------------------    -------------------

                         (clock clk_out1_pclk rise edge)
                                                      0.000     0.000 r  
    BUFGCTRL_X0Y16       BUFG                         0.000     0.000 r  clk_IBUF_BUFG_inst/O
                         net (fo=404, routed)         1.683     1.683    clk_ip/inst/clk_in1
    MMCME2_ADV_X0Y0      MMCME2_ADV (Prop_mmcme2_adv_CLKIN1_CLKOUT0)
                                                     -3.694    -2.011 r  clk_ip/inst/mmcm_adv_inst/CLKOUT0
                         net (fo=1, routed)           1.923    -0.088    clk_ip/inst/clk_out1_pclk
    BUFGCTRL_X0Y0        BUFG (Prop_bufg_I_O)         0.091     0.003 r  clk_ip/inst/clkout1_buf/O
                         net (fo=86, routed)          1.713     1.716    dst/vcnt/CLK
    SLICE_X81Y20         FDRE                                         r  dst/vcnt/q_reg[13]/C

Slack:                    inf
  Source:                 rstn
                            (input port)
  Destination:            dst/vcnt/q_reg[15]/R
                            (rising edge-triggered cell FDRE clocked by clk_out1_pclk  {rise@0.000ns fall@10.000ns period=20.000ns})
  Path Group:             (none)
  Path Type:              Setup (Max at Slow Process Corner)
  Data Path Delay:        11.298ns  (logic 1.631ns (14.437%)  route 9.667ns (85.563%))
  Logic Levels:           2  (IBUF=1 LUT1=1)
  Clock Path Skew:        1.716ns (DCD - SCD + CPR)
    Destination Clock Delay (DCD):    1.716ns
    Source Clock Delay      (SCD):    0.000ns
    Clock Pessimism Removal (CPR):    0.000ns
  Clock Uncertainty:      0.178ns  ((TSJ^2 + DJ^2)^1/2) / 2 + PE
    Total System Jitter     (TSJ):    0.050ns
    Discrete Jitter          (DJ):    0.152ns
    Phase Error              (PE):    0.099ns

    Location             Delay type                Incr(ns)  Path(ns)    Netlist Resource(s)
  -------------------------------------------------------------------    -------------------
    C12                                               0.000     0.000 f  rstn (IN)
                         net (fo=0)                   0.000     0.000    rstn
    C12                  IBUF (Prop_ibuf_I_O)         1.507     1.507 f  rstn_IBUF_inst/O
                         net (fo=28, routed)          6.998     8.505    game_logic/rstn_IBUF
    SLICE_X62Y18         LUT1 (Prop_lut1_I0_O)        0.124     8.629 r  game_logic/cur_y[4]_i_3/O
                         net (fo=334, routed)         2.668    11.298    dst/vcnt/q_reg[1]_0
    SLICE_X81Y20         FDRE                                         r  dst/vcnt/q_reg[15]/R
  -------------------------------------------------------------------    -------------------

                         (clock clk_out1_pclk rise edge)
                                                      0.000     0.000 r  
    BUFGCTRL_X0Y16       BUFG                         0.000     0.000 r  clk_IBUF_BUFG_inst/O
                         net (fo=404, routed)         1.683     1.683    clk_ip/inst/clk_in1
    MMCME2_ADV_X0Y0      MMCME2_ADV (Prop_mmcme2_adv_CLKIN1_CLKOUT0)
                                                     -3.694    -2.011 r  clk_ip/inst/mmcm_adv_inst/CLKOUT0
                         net (fo=1, routed)           1.923    -0.088    clk_ip/inst/clk_out1_pclk
    BUFGCTRL_X0Y0        BUFG (Prop_bufg_I_O)         0.091     0.003 r  clk_ip/inst/clkout1_buf/O
                         net (fo=86, routed)          1.713     1.716    dst/vcnt/CLK
    SLICE_X81Y20         FDRE                                         r  dst/vcnt/q_reg[15]/C

Slack:                    inf
  Source:                 rstn
                            (input port)
  Destination:            dst/vcnt/q_reg[3]/R
                            (rising edge-triggered cell FDRE clocked by clk_out1_pclk  {rise@0.000ns fall@10.000ns period=20.000ns})
  Path Group:             (none)
  Path Type:              Setup (Max at Slow Process Corner)
  Data Path Delay:        11.281ns  (logic 1.631ns (14.458%)  route 9.650ns (85.542%))
  Logic Levels:           2  (IBUF=1 LUT1=1)
  Clock Path Skew:        1.717ns (DCD - SCD + CPR)
    Destination Clock Delay (DCD):    1.717ns
    Source Clock Delay      (SCD):    0.000ns
    Clock Pessimism Removal (CPR):    0.000ns
  Clock Uncertainty:      0.178ns  ((TSJ^2 + DJ^2)^1/2) / 2 + PE
    Total System Jitter     (TSJ):    0.050ns
    Discrete Jitter          (DJ):    0.152ns
    Phase Error              (PE):    0.099ns

    Location             Delay type                Incr(ns)  Path(ns)    Netlist Resource(s)
  -------------------------------------------------------------------    -------------------
    C12                                               0.000     0.000 f  rstn (IN)
                         net (fo=0)                   0.000     0.000    rstn
    C12                  IBUF (Prop_ibuf_I_O)         1.507     1.507 f  rstn_IBUF_inst/O
                         net (fo=28, routed)          6.998     8.505    game_logic/rstn_IBUF
    SLICE_X62Y18         LUT1 (Prop_lut1_I0_O)        0.124     8.629 r  game_logic/cur_y[4]_i_3/O
                         net (fo=334, routed)         2.652    11.281    dst/vcnt/q_reg[1]_0
    SLICE_X81Y18         FDRE                                         r  dst/vcnt/q_reg[3]/R
  -------------------------------------------------------------------    -------------------

                         (clock clk_out1_pclk rise edge)
                                                      0.000     0.000 r  
    BUFGCTRL_X0Y16       BUFG                         0.000     0.000 r  clk_IBUF_BUFG_inst/O
                         net (fo=404, routed)         1.683     1.683    clk_ip/inst/clk_in1
    MMCME2_ADV_X0Y0      MMCME2_ADV (Prop_mmcme2_adv_CLKIN1_CLKOUT0)
                                                     -3.694    -2.011 r  clk_ip/inst/mmcm_adv_inst/CLKOUT0
                         net (fo=1, routed)           1.923    -0.088    clk_ip/inst/clk_out1_pclk
    BUFGCTRL_X0Y0        BUFG (Prop_bufg_I_O)         0.091     0.003 r  clk_ip/inst/clkout1_buf/O
                         net (fo=86, routed)          1.714     1.717    dst/vcnt/CLK
    SLICE_X81Y18         FDRE                                         r  dst/vcnt/q_reg[3]/C

Slack:                    inf
  Source:                 rstn
                            (input port)
  Destination:            dst/vcnt/q_reg[4]/R
                            (rising edge-triggered cell FDRE clocked by clk_out1_pclk  {rise@0.000ns fall@10.000ns period=20.000ns})
  Path Group:             (none)
  Path Type:              Setup (Max at Slow Process Corner)
  Data Path Delay:        11.281ns  (logic 1.631ns (14.458%)  route 9.650ns (85.542%))
  Logic Levels:           2  (IBUF=1 LUT1=1)
  Clock Path Skew:        1.717ns (DCD - SCD + CPR)
    Destination Clock Delay (DCD):    1.717ns
    Source Clock Delay      (SCD):    0.000ns
    Clock Pessimism Removal (CPR):    0.000ns
  Clock Uncertainty:      0.178ns  ((TSJ^2 + DJ^2)^1/2) / 2 + PE
    Total System Jitter     (TSJ):    0.050ns
    Discrete Jitter          (DJ):    0.152ns
    Phase Error              (PE):    0.099ns

    Location             Delay type                Incr(ns)  Path(ns)    Netlist Resource(s)
  -------------------------------------------------------------------    -------------------
    C12                                               0.000     0.000 f  rstn (IN)
                         net (fo=0)                   0.000     0.000    rstn
    C12                  IBUF (Prop_ibuf_I_O)         1.507     1.507 f  rstn_IBUF_inst/O
                         net (fo=28, routed)          6.998     8.505    game_logic/rstn_IBUF
    SLICE_X62Y18         LUT1 (Prop_lut1_I0_O)        0.124     8.629 r  game_logic/cur_y[4]_i_3/O
                         net (fo=334, routed)         2.652    11.281    dst/vcnt/q_reg[1]_0
    SLICE_X81Y18         FDRE                                         r  dst/vcnt/q_reg[4]/R
  -------------------------------------------------------------------    -------------------

                         (clock clk_out1_pclk rise edge)
                                                      0.000     0.000 r  
    BUFGCTRL_X0Y16       BUFG                         0.000     0.000 r  clk_IBUF_BUFG_inst/O
                         net (fo=404, routed)         1.683     1.683    clk_ip/inst/clk_in1
    MMCME2_ADV_X0Y0      MMCME2_ADV (Prop_mmcme2_adv_CLKIN1_CLKOUT0)
                                                     -3.694    -2.011 r  clk_ip/inst/mmcm_adv_inst/CLKOUT0
                         net (fo=1, routed)           1.923    -0.088    clk_ip/inst/clk_out1_pclk
    BUFGCTRL_X0Y0        BUFG (Prop_bufg_I_O)         0.091     0.003 r  clk_ip/inst/clkout1_buf/O
                         net (fo=86, routed)          1.714     1.717    dst/vcnt/CLK
    SLICE_X81Y18         FDRE                                         r  dst/vcnt/q_reg[4]/C

Slack:                    inf
  Source:                 rstn
                            (input port)
  Destination:            dst/vcnt/q_reg[5]/R
                            (rising edge-triggered cell FDRE clocked by clk_out1_pclk  {rise@0.000ns fall@10.000ns period=20.000ns})
  Path Group:             (none)
  Path Type:              Setup (Max at Slow Process Corner)
  Data Path Delay:        11.281ns  (logic 1.631ns (14.458%)  route 9.650ns (85.542%))
  Logic Levels:           2  (IBUF=1 LUT1=1)
  Clock Path Skew:        1.717ns (DCD - SCD + CPR)
    Destination Clock Delay (DCD):    1.717ns
    Source Clock Delay      (SCD):    0.000ns
    Clock Pessimism Removal (CPR):    0.000ns
  Clock Uncertainty:      0.178ns  ((TSJ^2 + DJ^2)^1/2) / 2 + PE
    Total System Jitter     (TSJ):    0.050ns
    Discrete Jitter          (DJ):    0.152ns
    Phase Error              (PE):    0.099ns

    Location             Delay type                Incr(ns)  Path(ns)    Netlist Resource(s)
  -------------------------------------------------------------------    -------------------
    C12                                               0.000     0.000 f  rstn (IN)
                         net (fo=0)                   0.000     0.000    rstn
    C12                  IBUF (Prop_ibuf_I_O)         1.507     1.507 f  rstn_IBUF_inst/O
                         net (fo=28, routed)          6.998     8.505    game_logic/rstn_IBUF
    SLICE_X62Y18         LUT1 (Prop_lut1_I0_O)        0.124     8.629 r  game_logic/cur_y[4]_i_3/O
                         net (fo=334, routed)         2.652    11.281    dst/vcnt/q_reg[1]_0
    SLICE_X81Y18         FDRE                                         r  dst/vcnt/q_reg[5]/R
  -------------------------------------------------------------------    -------------------

                         (clock clk_out1_pclk rise edge)
                                                      0.000     0.000 r  
    BUFGCTRL_X0Y16       BUFG                         0.000     0.000 r  clk_IBUF_BUFG_inst/O
                         net (fo=404, routed)         1.683     1.683    clk_ip/inst/clk_in1
    MMCME2_ADV_X0Y0      MMCME2_ADV (Prop_mmcme2_adv_CLKIN1_CLKOUT0)
                                                     -3.694    -2.011 r  clk_ip/inst/mmcm_adv_inst/CLKOUT0
                         net (fo=1, routed)           1.923    -0.088    clk_ip/inst/clk_out1_pclk
    BUFGCTRL_X0Y0        BUFG (Prop_bufg_I_O)         0.091     0.003 r  clk_ip/inst/clkout1_buf/O
                         net (fo=86, routed)          1.714     1.717    dst/vcnt/CLK
    SLICE_X81Y18         FDRE                                         r  dst/vcnt/q_reg[5]/C

Slack:                    inf
  Source:                 rstn
                            (input port)
  Destination:            dst/vcnt/q_reg[7]/R
                            (rising edge-triggered cell FDRE clocked by clk_out1_pclk  {rise@0.000ns fall@10.000ns period=20.000ns})
  Path Group:             (none)
  Path Type:              Setup (Max at Slow Process Corner)
  Data Path Delay:        11.281ns  (logic 1.631ns (14.458%)  route 9.650ns (85.542%))
  Logic Levels:           2  (IBUF=1 LUT1=1)
  Clock Path Skew:        1.717ns (DCD - SCD + CPR)
    Destination Clock Delay (DCD):    1.717ns
    Source Clock Delay      (SCD):    0.000ns
    Clock Pessimism Removal (CPR):    0.000ns
  Clock Uncertainty:      0.178ns  ((TSJ^2 + DJ^2)^1/2) / 2 + PE
    Total System Jitter     (TSJ):    0.050ns
    Discrete Jitter          (DJ):    0.152ns
    Phase Error              (PE):    0.099ns

    Location             Delay type                Incr(ns)  Path(ns)    Netlist Resource(s)
  -------------------------------------------------------------------    -------------------
    C12                                               0.000     0.000 f  rstn (IN)
                         net (fo=0)                   0.000     0.000    rstn
    C12                  IBUF (Prop_ibuf_I_O)         1.507     1.507 f  rstn_IBUF_inst/O
                         net (fo=28, routed)          6.998     8.505    game_logic/rstn_IBUF
    SLICE_X62Y18         LUT1 (Prop_lut1_I0_O)        0.124     8.629 r  game_logic/cur_y[4]_i_3/O
                         net (fo=334, routed)         2.652    11.281    dst/vcnt/q_reg[1]_0
    SLICE_X81Y18         FDRE                                         r  dst/vcnt/q_reg[7]/R
  -------------------------------------------------------------------    -------------------

                         (clock clk_out1_pclk rise edge)
                                                      0.000     0.000 r  
    BUFGCTRL_X0Y16       BUFG                         0.000     0.000 r  clk_IBUF_BUFG_inst/O
                         net (fo=404, routed)         1.683     1.683    clk_ip/inst/clk_in1
    MMCME2_ADV_X0Y0      MMCME2_ADV (Prop_mmcme2_adv_CLKIN1_CLKOUT0)
                                                     -3.694    -2.011 r  clk_ip/inst/mmcm_adv_inst/CLKOUT0
                         net (fo=1, routed)           1.923    -0.088    clk_ip/inst/clk_out1_pclk
    BUFGCTRL_X0Y0        BUFG (Prop_bufg_I_O)         0.091     0.003 r  clk_ip/inst/clkout1_buf/O
                         net (fo=86, routed)          1.714     1.717    dst/vcnt/CLK
    SLICE_X81Y18         FDRE                                         r  dst/vcnt/q_reg[7]/C





Min Delay Paths
--------------------------------------------------------------------------------------
Slack:                    inf
  Source:                 rstn
                            (input port)
  Destination:            ddp/rgb_reg[5]/R
                            (rising edge-triggered cell FDRE clocked by clk_out1_pclk  {rise@0.000ns fall@10.000ns period=20.000ns})
  Path Group:             (none)
  Path Type:              Hold (Min at Fast Process Corner)
  Data Path Delay:        3.678ns  (logic 0.320ns (8.689%)  route 3.358ns (91.311%))
  Logic Levels:           2  (IBUF=1 LUT1=1)
  Clock Path Skew:        0.900ns (DCD - SCD - CPR)
    Destination Clock Delay (DCD):    0.900ns
    Source Clock Delay      (SCD):    0.000ns
    Clock Pessimism Removal (CPR):    -0.000ns

    Location             Delay type                Incr(ns)  Path(ns)    Netlist Resource(s)
  -------------------------------------------------------------------    -------------------
    C12                                               0.000     0.000 f  rstn (IN)
                         net (fo=0)                   0.000     0.000    rstn
    C12                  IBUF (Prop_ibuf_I_O)         0.275     0.275 f  rstn_IBUF_inst/O
                         net (fo=28, routed)          3.103     3.378    game_logic/rstn_IBUF
    SLICE_X62Y18         LUT1 (Prop_lut1_I0_O)        0.045     3.423 r  game_logic/cur_y[4]_i_3/O
                         net (fo=334, routed)         0.255     3.678    ddp/nsy_reg[0]_0
    SLICE_X68Y19         FDRE                                         r  ddp/rgb_reg[5]/R
  -------------------------------------------------------------------    -------------------

                         (clock clk_out1_pclk rise edge)
                                                      0.000     0.000 r  
    BUFGCTRL_X0Y16       BUFG                         0.000     0.000 r  clk_IBUF_BUFG_inst/O
                         net (fo=404, routed)         0.898     0.898    clk_ip/inst/clk_in1
    MMCME2_ADV_X0Y0      MMCME2_ADV (Prop_mmcme2_adv_CLKIN1_CLKOUT0)
                                                     -1.625    -0.727 r  clk_ip/inst/mmcm_adv_inst/CLKOUT0
                         net (fo=1, routed)           0.700    -0.027    clk_ip/inst/clk_out1_pclk
    BUFGCTRL_X0Y0        BUFG (Prop_bufg_I_O)         0.029     0.002 r  clk_ip/inst/clkout1_buf/O
                         net (fo=86, routed)          0.898     0.900    ddp/clk_out1
    SLICE_X68Y19         FDRE                                         r  ddp/rgb_reg[5]/C

Slack:                    inf
  Source:                 rstn
                            (input port)
  Destination:            ddp/rgb_reg[6]/R
                            (rising edge-triggered cell FDRE clocked by clk_out1_pclk  {rise@0.000ns fall@10.000ns period=20.000ns})
  Path Group:             (none)
  Path Type:              Hold (Min at Fast Process Corner)
  Data Path Delay:        3.678ns  (logic 0.320ns (8.689%)  route 3.358ns (91.311%))
  Logic Levels:           2  (IBUF=1 LUT1=1)
  Clock Path Skew:        0.900ns (DCD - SCD - CPR)
    Destination Clock Delay (DCD):    0.900ns
    Source Clock Delay      (SCD):    0.000ns
    Clock Pessimism Removal (CPR):    -0.000ns

    Location             Delay type                Incr(ns)  Path(ns)    Netlist Resource(s)
  -------------------------------------------------------------------    -------------------
    C12                                               0.000     0.000 f  rstn (IN)
                         net (fo=0)                   0.000     0.000    rstn
    C12                  IBUF (Prop_ibuf_I_O)         0.275     0.275 f  rstn_IBUF_inst/O
                         net (fo=28, routed)          3.103     3.378    game_logic/rstn_IBUF
    SLICE_X62Y18         LUT1 (Prop_lut1_I0_O)        0.045     3.423 r  game_logic/cur_y[4]_i_3/O
                         net (fo=334, routed)         0.255     3.678    ddp/nsy_reg[0]_0
    SLICE_X68Y19         FDRE                                         r  ddp/rgb_reg[6]/R
  -------------------------------------------------------------------    -------------------

                         (clock clk_out1_pclk rise edge)
                                                      0.000     0.000 r  
    BUFGCTRL_X0Y16       BUFG                         0.000     0.000 r  clk_IBUF_BUFG_inst/O
                         net (fo=404, routed)         0.898     0.898    clk_ip/inst/clk_in1
    MMCME2_ADV_X0Y0      MMCME2_ADV (Prop_mmcme2_adv_CLKIN1_CLKOUT0)
                                                     -1.625    -0.727 r  clk_ip/inst/mmcm_adv_inst/CLKOUT0
                         net (fo=1, routed)           0.700    -0.027    clk_ip/inst/clk_out1_pclk
    BUFGCTRL_X0Y0        BUFG (Prop_bufg_I_O)         0.029     0.002 r  clk_ip/inst/clkout1_buf/O
                         net (fo=86, routed)          0.898     0.900    ddp/clk_out1
    SLICE_X68Y19         FDRE                                         r  ddp/rgb_reg[6]/C

Slack:                    inf
  Source:                 rstn
                            (input port)
  Destination:            ddp/rgb_reg[7]/R
                            (rising edge-triggered cell FDRE clocked by clk_out1_pclk  {rise@0.000ns fall@10.000ns period=20.000ns})
  Path Group:             (none)
  Path Type:              Hold (Min at Fast Process Corner)
  Data Path Delay:        3.678ns  (logic 0.320ns (8.689%)  route 3.358ns (91.311%))
  Logic Levels:           2  (IBUF=1 LUT1=1)
  Clock Path Skew:        0.900ns (DCD - SCD - CPR)
    Destination Clock Delay (DCD):    0.900ns
    Source Clock Delay      (SCD):    0.000ns
    Clock Pessimism Removal (CPR):    -0.000ns

    Location             Delay type                Incr(ns)  Path(ns)    Netlist Resource(s)
  -------------------------------------------------------------------    -------------------
    C12                                               0.000     0.000 f  rstn (IN)
                         net (fo=0)                   0.000     0.000    rstn
    C12                  IBUF (Prop_ibuf_I_O)         0.275     0.275 f  rstn_IBUF_inst/O
                         net (fo=28, routed)          3.103     3.378    game_logic/rstn_IBUF
    SLICE_X62Y18         LUT1 (Prop_lut1_I0_O)        0.045     3.423 r  game_logic/cur_y[4]_i_3/O
                         net (fo=334, routed)         0.255     3.678    ddp/nsy_reg[0]_0
    SLICE_X68Y19         FDRE                                         r  ddp/rgb_reg[7]/R
  -------------------------------------------------------------------    -------------------

                         (clock clk_out1_pclk rise edge)
                                                      0.000     0.000 r  
    BUFGCTRL_X0Y16       BUFG                         0.000     0.000 r  clk_IBUF_BUFG_inst/O
                         net (fo=404, routed)         0.898     0.898    clk_ip/inst/clk_in1
    MMCME2_ADV_X0Y0      MMCME2_ADV (Prop_mmcme2_adv_CLKIN1_CLKOUT0)
                                                     -1.625    -0.727 r  clk_ip/inst/mmcm_adv_inst/CLKOUT0
                         net (fo=1, routed)           0.700    -0.027    clk_ip/inst/clk_out1_pclk
    BUFGCTRL_X0Y0        BUFG (Prop_bufg_I_O)         0.029     0.002 r  clk_ip/inst/clkout1_buf/O
                         net (fo=86, routed)          0.898     0.900    ddp/clk_out1
    SLICE_X68Y19         FDRE                                         r  ddp/rgb_reg[7]/C

Slack:                    inf
  Source:                 rstn
                            (input port)
  Destination:            ddp/rgb_reg[11]/R
                            (rising edge-triggered cell FDRE clocked by clk_out1_pclk  {rise@0.000ns fall@10.000ns period=20.000ns})
  Path Group:             (none)
  Path Type:              Hold (Min at Fast Process Corner)
  Data Path Delay:        3.741ns  (logic 0.320ns (8.542%)  route 3.422ns (91.458%))
  Logic Levels:           2  (IBUF=1 LUT1=1)
  Clock Path Skew:        0.899ns (DCD - SCD - CPR)
    Destination Clock Delay (DCD):    0.899ns
    Source Clock Delay      (SCD):    0.000ns
    Clock Pessimism Removal (CPR):    -0.000ns

    Location             Delay type                Incr(ns)  Path(ns)    Netlist Resource(s)
  -------------------------------------------------------------------    -------------------
    C12                                               0.000     0.000 f  rstn (IN)
                         net (fo=0)                   0.000     0.000    rstn
    C12                  IBUF (Prop_ibuf_I_O)         0.275     0.275 f  rstn_IBUF_inst/O
                         net (fo=28, routed)          3.103     3.378    game_logic/rstn_IBUF
    SLICE_X62Y18         LUT1 (Prop_lut1_I0_O)        0.045     3.423 r  game_logic/cur_y[4]_i_3/O
                         net (fo=334, routed)         0.318     3.741    ddp/nsy_reg[0]_0
    SLICE_X68Y20         FDRE                                         r  ddp/rgb_reg[11]/R
  -------------------------------------------------------------------    -------------------

                         (clock clk_out1_pclk rise edge)
                                                      0.000     0.000 r  
    BUFGCTRL_X0Y16       BUFG                         0.000     0.000 r  clk_IBUF_BUFG_inst/O
                         net (fo=404, routed)         0.898     0.898    clk_ip/inst/clk_in1
    MMCME2_ADV_X0Y0      MMCME2_ADV (Prop_mmcme2_adv_CLKIN1_CLKOUT0)
                                                     -1.625    -0.727 r  clk_ip/inst/mmcm_adv_inst/CLKOUT0
                         net (fo=1, routed)           0.700    -0.027    clk_ip/inst/clk_out1_pclk
    BUFGCTRL_X0Y0        BUFG (Prop_bufg_I_O)         0.029     0.002 r  clk_ip/inst/clkout1_buf/O
                         net (fo=86, routed)          0.897     0.899    ddp/clk_out1
    SLICE_X68Y20         FDRE                                         r  ddp/rgb_reg[11]/C

Slack:                    inf
  Source:                 rstn
                            (input port)
  Destination:            ddp/rgb_reg[9]/R
                            (rising edge-triggered cell FDRE clocked by clk_out1_pclk  {rise@0.000ns fall@10.000ns period=20.000ns})
  Path Group:             (none)
  Path Type:              Hold (Min at Fast Process Corner)
  Data Path Delay:        3.741ns  (logic 0.320ns (8.542%)  route 3.422ns (91.458%))
  Logic Levels:           2  (IBUF=1 LUT1=1)
  Clock Path Skew:        0.899ns (DCD - SCD - CPR)
    Destination Clock Delay (DCD):    0.899ns
    Source Clock Delay      (SCD):    0.000ns
    Clock Pessimism Removal (CPR):    -0.000ns

    Location             Delay type                Incr(ns)  Path(ns)    Netlist Resource(s)
  -------------------------------------------------------------------    -------------------
    C12                                               0.000     0.000 f  rstn (IN)
                         net (fo=0)                   0.000     0.000    rstn
    C12                  IBUF (Prop_ibuf_I_O)         0.275     0.275 f  rstn_IBUF_inst/O
                         net (fo=28, routed)          3.103     3.378    game_logic/rstn_IBUF
    SLICE_X62Y18         LUT1 (Prop_lut1_I0_O)        0.045     3.423 r  game_logic/cur_y[4]_i_3/O
                         net (fo=334, routed)         0.318     3.741    ddp/nsy_reg[0]_0
    SLICE_X68Y20         FDRE                                         r  ddp/rgb_reg[9]/R
  -------------------------------------------------------------------    -------------------

                         (clock clk_out1_pclk rise edge)
                                                      0.000     0.000 r  
    BUFGCTRL_X0Y16       BUFG                         0.000     0.000 r  clk_IBUF_BUFG_inst/O
                         net (fo=404, routed)         0.898     0.898    clk_ip/inst/clk_in1
    MMCME2_ADV_X0Y0      MMCME2_ADV (Prop_mmcme2_adv_CLKIN1_CLKOUT0)
                                                     -1.625    -0.727 r  clk_ip/inst/mmcm_adv_inst/CLKOUT0
                         net (fo=1, routed)           0.700    -0.027    clk_ip/inst/clk_out1_pclk
    BUFGCTRL_X0Y0        BUFG (Prop_bufg_I_O)         0.029     0.002 r  clk_ip/inst/clkout1_buf/O
                         net (fo=86, routed)          0.897     0.899    ddp/clk_out1
    SLICE_X68Y20         FDRE                                         r  ddp/rgb_reg[9]/C

Slack:                    inf
  Source:                 rstn
                            (input port)
  Destination:            ddp/rgb_reg[3]/R
                            (rising edge-triggered cell FDRE clocked by clk_out1_pclk  {rise@0.000ns fall@10.000ns period=20.000ns})
  Path Group:             (none)
  Path Type:              Hold (Min at Fast Process Corner)
  Data Path Delay:        3.781ns  (logic 0.320ns (8.453%)  route 3.461ns (91.547%))
  Logic Levels:           2  (IBUF=1 LUT1=1)
  Clock Path Skew:        0.900ns (DCD - SCD - CPR)
    Destination Clock Delay (DCD):    0.900ns
    Source Clock Delay      (SCD):    0.000ns
    Clock Pessimism Removal (CPR):    -0.000ns

    Location             Delay type                Incr(ns)  Path(ns)    Netlist Resource(s)
  -------------------------------------------------------------------    -------------------
    C12                                               0.000     0.000 f  rstn (IN)
                         net (fo=0)                   0.000     0.000    rstn
    C12                  IBUF (Prop_ibuf_I_O)         0.275     0.275 f  rstn_IBUF_inst/O
                         net (fo=28, routed)          3.103     3.378    game_logic/rstn_IBUF
    SLICE_X62Y18         LUT1 (Prop_lut1_I0_O)        0.045     3.423 r  game_logic/cur_y[4]_i_3/O
                         net (fo=334, routed)         0.358     3.781    ddp/nsy_reg[0]_0
    SLICE_X70Y19         FDRE                                         r  ddp/rgb_reg[3]/R
  -------------------------------------------------------------------    -------------------

                         (clock clk_out1_pclk rise edge)
                                                      0.000     0.000 r  
    BUFGCTRL_X0Y16       BUFG                         0.000     0.000 r  clk_IBUF_BUFG_inst/O
                         net (fo=404, routed)         0.898     0.898    clk_ip/inst/clk_in1
    MMCME2_ADV_X0Y0      MMCME2_ADV (Prop_mmcme2_adv_CLKIN1_CLKOUT0)
                                                     -1.625    -0.727 r  clk_ip/inst/mmcm_adv_inst/CLKOUT0
                         net (fo=1, routed)           0.700    -0.027    clk_ip/inst/clk_out1_pclk
    BUFGCTRL_X0Y0        BUFG (Prop_bufg_I_O)         0.029     0.002 r  clk_ip/inst/clkout1_buf/O
                         net (fo=86, routed)          0.898     0.900    ddp/clk_out1
    SLICE_X70Y19         FDRE                                         r  ddp/rgb_reg[3]/C

Slack:                    inf
  Source:                 rstn
                            (input port)
  Destination:            ddp/rgb_reg[4]/R
                            (rising edge-triggered cell FDRE clocked by clk_out1_pclk  {rise@0.000ns fall@10.000ns period=20.000ns})
  Path Group:             (none)
  Path Type:              Hold (Min at Fast Process Corner)
  Data Path Delay:        3.781ns  (logic 0.320ns (8.453%)  route 3.461ns (91.547%))
  Logic Levels:           2  (IBUF=1 LUT1=1)
  Clock Path Skew:        0.900ns (DCD - SCD - CPR)
    Destination Clock Delay (DCD):    0.900ns
    Source Clock Delay      (SCD):    0.000ns
    Clock Pessimism Removal (CPR):    -0.000ns

    Location             Delay type                Incr(ns)  Path(ns)    Netlist Resource(s)
  -------------------------------------------------------------------    -------------------
    C12                                               0.000     0.000 f  rstn (IN)
                         net (fo=0)                   0.000     0.000    rstn
    C12                  IBUF (Prop_ibuf_I_O)         0.275     0.275 f  rstn_IBUF_inst/O
                         net (fo=28, routed)          3.103     3.378    game_logic/rstn_IBUF
    SLICE_X62Y18         LUT1 (Prop_lut1_I0_O)        0.045     3.423 r  game_logic/cur_y[4]_i_3/O
                         net (fo=334, routed)         0.358     3.781    ddp/nsy_reg[0]_0
    SLICE_X70Y19         FDRE                                         r  ddp/rgb_reg[4]/R
  -------------------------------------------------------------------    -------------------

                         (clock clk_out1_pclk rise edge)
                                                      0.000     0.000 r  
    BUFGCTRL_X0Y16       BUFG                         0.000     0.000 r  clk_IBUF_BUFG_inst/O
                         net (fo=404, routed)         0.898     0.898    clk_ip/inst/clk_in1
    MMCME2_ADV_X0Y0      MMCME2_ADV (Prop_mmcme2_adv_CLKIN1_CLKOUT0)
                                                     -1.625    -0.727 r  clk_ip/inst/mmcm_adv_inst/CLKOUT0
                         net (fo=1, routed)           0.700    -0.027    clk_ip/inst/clk_out1_pclk
    BUFGCTRL_X0Y0        BUFG (Prop_bufg_I_O)         0.029     0.002 r  clk_ip/inst/clkout1_buf/O
                         net (fo=86, routed)          0.898     0.900    ddp/clk_out1
    SLICE_X70Y19         FDRE                                         r  ddp/rgb_reg[4]/C

Slack:                    inf
  Source:                 rstn
                            (input port)
  Destination:            ddp/nsx_reg[1]/R
                            (rising edge-triggered cell FDRE clocked by clk_out1_pclk  {rise@0.000ns fall@10.000ns period=20.000ns})
  Path Group:             (none)
  Path Type:              Hold (Min at Fast Process Corner)
  Data Path Delay:        3.807ns  (logic 0.320ns (8.394%)  route 3.488ns (91.606%))
  Logic Levels:           2  (IBUF=1 LUT1=1)
  Clock Path Skew:        0.898ns (DCD - SCD - CPR)
    Destination Clock Delay (DCD):    0.898ns
    Source Clock Delay      (SCD):    0.000ns
    Clock Pessimism Removal (CPR):    -0.000ns

    Location             Delay type                Incr(ns)  Path(ns)    Netlist Resource(s)
  -------------------------------------------------------------------    -------------------
    C12                                               0.000     0.000 f  rstn (IN)
                         net (fo=0)                   0.000     0.000    rstn
    C12                  IBUF (Prop_ibuf_I_O)         0.275     0.275 f  rstn_IBUF_inst/O
                         net (fo=28, routed)          3.103     3.378    game_logic/rstn_IBUF
    SLICE_X62Y18         LUT1 (Prop_lut1_I0_O)        0.045     3.423 r  game_logic/cur_y[4]_i_3/O
                         net (fo=334, routed)         0.385     3.807    ddp/nsy_reg[0]_0
    SLICE_X69Y21         FDRE                                         r  ddp/nsx_reg[1]/R
  -------------------------------------------------------------------    -------------------

                         (clock clk_out1_pclk rise edge)
                                                      0.000     0.000 r  
    BUFGCTRL_X0Y16       BUFG                         0.000     0.000 r  clk_IBUF_BUFG_inst/O
                         net (fo=404, routed)         0.898     0.898    clk_ip/inst/clk_in1
    MMCME2_ADV_X0Y0      MMCME2_ADV (Prop_mmcme2_adv_CLKIN1_CLKOUT0)
                                                     -1.625    -0.727 r  clk_ip/inst/mmcm_adv_inst/CLKOUT0
                         net (fo=1, routed)           0.700    -0.027    clk_ip/inst/clk_out1_pclk
    BUFGCTRL_X0Y0        BUFG (Prop_bufg_I_O)         0.029     0.002 r  clk_ip/inst/clkout1_buf/O
                         net (fo=86, routed)          0.896     0.898    ddp/clk_out1
    SLICE_X69Y21         FDRE                                         r  ddp/nsx_reg[1]/C

Slack:                    inf
  Source:                 rstn
                            (input port)
  Destination:            ddp/nsy_reg[0]/S
                            (rising edge-triggered cell FDSE clocked by clk_out1_pclk  {rise@0.000ns fall@10.000ns period=20.000ns})
  Path Group:             (none)
  Path Type:              Hold (Min at Fast Process Corner)
  Data Path Delay:        3.807ns  (logic 0.320ns (8.394%)  route 3.488ns (91.606%))
  Logic Levels:           2  (IBUF=1 LUT1=1)
  Clock Path Skew:        0.898ns (DCD - SCD - CPR)
    Destination Clock Delay (DCD):    0.898ns
    Source Clock Delay      (SCD):    0.000ns
    Clock Pessimism Removal (CPR):    -0.000ns

    Location             Delay type                Incr(ns)  Path(ns)    Netlist Resource(s)
  -------------------------------------------------------------------    -------------------
    C12                                               0.000     0.000 f  rstn (IN)
                         net (fo=0)                   0.000     0.000    rstn
    C12                  IBUF (Prop_ibuf_I_O)         0.275     0.275 f  rstn_IBUF_inst/O
                         net (fo=28, routed)          3.103     3.378    game_logic/rstn_IBUF
    SLICE_X62Y18         LUT1 (Prop_lut1_I0_O)        0.045     3.423 r  game_logic/cur_y[4]_i_3/O
                         net (fo=334, routed)         0.385     3.807    ddp/nsy_reg[0]_0
    SLICE_X69Y21         FDSE                                         r  ddp/nsy_reg[0]/S
  -------------------------------------------------------------------    -------------------

                         (clock clk_out1_pclk rise edge)
                                                      0.000     0.000 r  
    BUFGCTRL_X0Y16       BUFG                         0.000     0.000 r  clk_IBUF_BUFG_inst/O
                         net (fo=404, routed)         0.898     0.898    clk_ip/inst/clk_in1
    MMCME2_ADV_X0Y0      MMCME2_ADV (Prop_mmcme2_adv_CLKIN1_CLKOUT0)
                                                     -1.625    -0.727 r  clk_ip/inst/mmcm_adv_inst/CLKOUT0
                         net (fo=1, routed)           0.700    -0.027    clk_ip/inst/clk_out1_pclk
    BUFGCTRL_X0Y0        BUFG (Prop_bufg_I_O)         0.029     0.002 r  clk_ip/inst/clkout1_buf/O
                         net (fo=86, routed)          0.896     0.898    ddp/clk_out1
    SLICE_X69Y21         FDSE                                         r  ddp/nsy_reg[0]/C

Slack:                    inf
  Source:                 rstn
                            (input port)
  Destination:            ddp/nsy_reg[1]/S
                            (rising edge-triggered cell FDSE clocked by clk_out1_pclk  {rise@0.000ns fall@10.000ns period=20.000ns})
  Path Group:             (none)
  Path Type:              Hold (Min at Fast Process Corner)
  Data Path Delay:        3.807ns  (logic 0.320ns (8.394%)  route 3.488ns (91.606%))
  Logic Levels:           2  (IBUF=1 LUT1=1)
  Clock Path Skew:        0.898ns (DCD - SCD - CPR)
    Destination Clock Delay (DCD):    0.898ns
    Source Clock Delay      (SCD):    0.000ns
    Clock Pessimism Removal (CPR):    -0.000ns

    Location             Delay type                Incr(ns)  Path(ns)    Netlist Resource(s)
  -------------------------------------------------------------------    -------------------
    C12                                               0.000     0.000 f  rstn (IN)
                         net (fo=0)                   0.000     0.000    rstn
    C12                  IBUF (Prop_ibuf_I_O)         0.275     0.275 f  rstn_IBUF_inst/O
                         net (fo=28, routed)          3.103     3.378    game_logic/rstn_IBUF
    SLICE_X62Y18         LUT1 (Prop_lut1_I0_O)        0.045     3.423 r  game_logic/cur_y[4]_i_3/O
                         net (fo=334, routed)         0.385     3.807    ddp/nsy_reg[0]_0
    SLICE_X69Y21         FDSE                                         r  ddp/nsy_reg[1]/S
  -------------------------------------------------------------------    -------------------

                         (clock clk_out1_pclk rise edge)
                                                      0.000     0.000 r  
    BUFGCTRL_X0Y16       BUFG                         0.000     0.000 r  clk_IBUF_BUFG_inst/O
                         net (fo=404, routed)         0.898     0.898    clk_ip/inst/clk_in1
    MMCME2_ADV_X0Y0      MMCME2_ADV (Prop_mmcme2_adv_CLKIN1_CLKOUT0)
                                                     -1.625    -0.727 r  clk_ip/inst/mmcm_adv_inst/CLKOUT0
                         net (fo=1, routed)           0.700    -0.027    clk_ip/inst/clk_out1_pclk
    BUFGCTRL_X0Y0        BUFG (Prop_bufg_I_O)         0.029     0.002 r  clk_ip/inst/clkout1_buf/O
                         net (fo=86, routed)          0.896     0.898    ddp/clk_out1
    SLICE_X69Y21         FDSE                                         r  ddp/nsy_reg[1]/C





--------------------------------------------------------------------------------------
Path Group:  (none)
From Clock:  
  To Clock:  sys_clk_pin

Max Delay           325 Endpoints
Min Delay           325 Endpoints
--------------------------------------------------------------------------------------


Max Delay Paths
--------------------------------------------------------------------------------------
Slack:                    inf
  Source:                 rstn
                            (input port)
  Destination:            keyboard/ps2_d_f_reg/PRE
                            (recovery check against rising-edge clock sys_clk_pin  {rise@0.000ns fall@5.000ns period=10.000ns})
  Path Group:             (none)
  Path Type:              Recovery (Max at Slow Process Corner)
  Data Path Delay:        14.350ns  (logic 1.631ns (11.366%)  route 12.719ns (88.634%))
  Logic Levels:           2  (IBUF=1 LUT1=1)
  Clock Path Skew:        4.917ns (DCD - SCD + CPR)
    Destination Clock Delay (DCD):    4.917ns
    Source Clock Delay      (SCD):    0.000ns
    Clock Pessimism Removal (CPR):    0.000ns
  Clock Uncertainty:      0.025ns  ((TSJ^2 + TIJ^2)^1/2 + DJ) / 2 + PE
    Total System Jitter     (TSJ):    0.050ns
    Total Input Jitter      (TIJ):    0.000ns
    Discrete Jitter          (DJ):    0.000ns
    Phase Error              (PE):    0.000ns

    Location             Delay type                Incr(ns)  Path(ns)    Netlist Resource(s)
  -------------------------------------------------------------------    -------------------
    C12                                               0.000     0.000 r  rstn (IN)
                         net (fo=0)                   0.000     0.000    rstn
    C12                  IBUF (Prop_ibuf_I_O)         1.507     1.507 r  rstn_IBUF_inst/O
                         net (fo=28, routed)          6.998     8.505    game_logic/rstn_IBUF
    SLICE_X62Y18         LUT1 (Prop_lut1_I0_O)        0.124     8.629 f  game_logic/cur_y[4]_i_3/O
                         net (fo=334, routed)         5.721    14.350    keyboard/key_event_reg[0]_3
    SLICE_X60Y73         FDPE                                         f  keyboard/ps2_d_f_reg/PRE
  -------------------------------------------------------------------    -------------------

                         (clock sys_clk_pin rise edge)
                                                      0.000     0.000 r  
    E3                                                0.000     0.000 r  clk (IN)
                         net (fo=0)                   0.000     0.000    clk
    E3                   IBUF (Prop_ibuf_I_O)         1.411     1.411 r  clk_IBUF_inst/O
                         net (fo=1, routed)           1.920     3.331    clk_IBUF
    BUFGCTRL_X0Y16       BUFG (Prop_bufg_I_O)         0.091     3.422 r  clk_IBUF_BUFG_inst/O
                         net (fo=404, routed)         1.494     4.917    keyboard/clk
    SLICE_X60Y73         FDPE                                         r  keyboard/ps2_d_f_reg/C

Slack:                    inf
  Source:                 rstn
                            (input port)
  Destination:            keyboard/ps2_d_filter_reg[0]/PRE
                            (recovery check against rising-edge clock sys_clk_pin  {rise@0.000ns fall@5.000ns period=10.000ns})
  Path Group:             (none)
  Path Type:              Recovery (Max at Slow Process Corner)
  Data Path Delay:        14.350ns  (logic 1.631ns (11.366%)  route 12.719ns (88.634%))
  Logic Levels:           2  (IBUF=1 LUT1=1)
  Clock Path Skew:        4.917ns (DCD - SCD + CPR)
    Destination Clock Delay (DCD):    4.917ns
    Source Clock Delay      (SCD):    0.000ns
    Clock Pessimism Removal (CPR):    0.000ns
  Clock Uncertainty:      0.025ns  ((TSJ^2 + TIJ^2)^1/2 + DJ) / 2 + PE
    Total System Jitter     (TSJ):    0.050ns
    Total Input Jitter      (TIJ):    0.000ns
    Discrete Jitter          (DJ):    0.000ns
    Phase Error              (PE):    0.000ns

    Location             Delay type                Incr(ns)  Path(ns)    Netlist Resource(s)
  -------------------------------------------------------------------    -------------------
    C12                                               0.000     0.000 r  rstn (IN)
                         net (fo=0)                   0.000     0.000    rstn
    C12                  IBUF (Prop_ibuf_I_O)         1.507     1.507 r  rstn_IBUF_inst/O
                         net (fo=28, routed)          6.998     8.505    game_logic/rstn_IBUF
    SLICE_X62Y18         LUT1 (Prop_lut1_I0_O)        0.124     8.629 f  game_logic/cur_y[4]_i_3/O
                         net (fo=334, routed)         5.721    14.350    keyboard/key_event_reg[0]_3
    SLICE_X61Y73         FDPE                                         f  keyboard/ps2_d_filter_reg[0]/PRE
  -------------------------------------------------------------------    -------------------

                         (clock sys_clk_pin rise edge)
                                                      0.000     0.000 r  
    E3                                                0.000     0.000 r  clk (IN)
                         net (fo=0)                   0.000     0.000    clk
    E3                   IBUF (Prop_ibuf_I_O)         1.411     1.411 r  clk_IBUF_inst/O
                         net (fo=1, routed)           1.920     3.331    clk_IBUF
    BUFGCTRL_X0Y16       BUFG (Prop_bufg_I_O)         0.091     3.422 r  clk_IBUF_BUFG_inst/O
                         net (fo=404, routed)         1.494     4.917    keyboard/clk
    SLICE_X61Y73         FDPE                                         r  keyboard/ps2_d_filter_reg[0]/C

Slack:                    inf
  Source:                 rstn
                            (input port)
  Destination:            keyboard/ps2_d_filter_reg[1]/PRE
                            (recovery check against rising-edge clock sys_clk_pin  {rise@0.000ns fall@5.000ns period=10.000ns})
  Path Group:             (none)
  Path Type:              Recovery (Max at Slow Process Corner)
  Data Path Delay:        14.350ns  (logic 1.631ns (11.366%)  route 12.719ns (88.634%))
  Logic Levels:           2  (IBUF=1 LUT1=1)
  Clock Path Skew:        4.917ns (DCD - SCD + CPR)
    Destination Clock Delay (DCD):    4.917ns
    Source Clock Delay      (SCD):    0.000ns
    Clock Pessimism Removal (CPR):    0.000ns
  Clock Uncertainty:      0.025ns  ((TSJ^2 + TIJ^2)^1/2 + DJ) / 2 + PE
    Total System Jitter     (TSJ):    0.050ns
    Total Input Jitter      (TIJ):    0.000ns
    Discrete Jitter          (DJ):    0.000ns
    Phase Error              (PE):    0.000ns

    Location             Delay type                Incr(ns)  Path(ns)    Netlist Resource(s)
  -------------------------------------------------------------------    -------------------
    C12                                               0.000     0.000 r  rstn (IN)
                         net (fo=0)                   0.000     0.000    rstn
    C12                  IBUF (Prop_ibuf_I_O)         1.507     1.507 r  rstn_IBUF_inst/O
                         net (fo=28, routed)          6.998     8.505    game_logic/rstn_IBUF
    SLICE_X62Y18         LUT1 (Prop_lut1_I0_O)        0.124     8.629 f  game_logic/cur_y[4]_i_3/O
                         net (fo=334, routed)         5.721    14.350    keyboard/key_event_reg[0]_3
    SLICE_X60Y73         FDPE                                         f  keyboard/ps2_d_filter_reg[1]/PRE
  -------------------------------------------------------------------    -------------------

                         (clock sys_clk_pin rise edge)
                                                      0.000     0.000 r  
    E3                                                0.000     0.000 r  clk (IN)
                         net (fo=0)                   0.000     0.000    clk
    E3                   IBUF (Prop_ibuf_I_O)         1.411     1.411 r  clk_IBUF_inst/O
                         net (fo=1, routed)           1.920     3.331    clk_IBUF
    BUFGCTRL_X0Y16       BUFG (Prop_bufg_I_O)         0.091     3.422 r  clk_IBUF_BUFG_inst/O
                         net (fo=404, routed)         1.494     4.917    keyboard/clk
    SLICE_X60Y73         FDPE                                         r  keyboard/ps2_d_filter_reg[1]/C

Slack:                    inf
  Source:                 rstn
                            (input port)
  Destination:            keyboard/ps2_d_filter_reg[2]/PRE
                            (recovery check against rising-edge clock sys_clk_pin  {rise@0.000ns fall@5.000ns period=10.000ns})
  Path Group:             (none)
  Path Type:              Recovery (Max at Slow Process Corner)
  Data Path Delay:        14.350ns  (logic 1.631ns (11.366%)  route 12.719ns (88.634%))
  Logic Levels:           2  (IBUF=1 LUT1=1)
  Clock Path Skew:        4.917ns (DCD - SCD + CPR)
    Destination Clock Delay (DCD):    4.917ns
    Source Clock Delay      (SCD):    0.000ns
    Clock Pessimism Removal (CPR):    0.000ns
  Clock Uncertainty:      0.025ns  ((TSJ^2 + TIJ^2)^1/2 + DJ) / 2 + PE
    Total System Jitter     (TSJ):    0.050ns
    Total Input Jitter      (TIJ):    0.000ns
    Discrete Jitter          (DJ):    0.000ns
    Phase Error              (PE):    0.000ns

    Location             Delay type                Incr(ns)  Path(ns)    Netlist Resource(s)
  -------------------------------------------------------------------    -------------------
    C12                                               0.000     0.000 r  rstn (IN)
                         net (fo=0)                   0.000     0.000    rstn
    C12                  IBUF (Prop_ibuf_I_O)         1.507     1.507 r  rstn_IBUF_inst/O
                         net (fo=28, routed)          6.998     8.505    game_logic/rstn_IBUF
    SLICE_X62Y18         LUT1 (Prop_lut1_I0_O)        0.124     8.629 f  game_logic/cur_y[4]_i_3/O
                         net (fo=334, routed)         5.721    14.350    keyboard/key_event_reg[0]_3
    SLICE_X60Y73         FDPE                                         f  keyboard/ps2_d_filter_reg[2]/PRE
  -------------------------------------------------------------------    -------------------

                         (clock sys_clk_pin rise edge)
                                                      0.000     0.000 r  
    E3                                                0.000     0.000 r  clk (IN)
                         net (fo=0)                   0.000     0.000    clk
    E3                   IBUF (Prop_ibuf_I_O)         1.411     1.411 r  clk_IBUF_inst/O
                         net (fo=1, routed)           1.920     3.331    clk_IBUF
    BUFGCTRL_X0Y16       BUFG (Prop_bufg_I_O)         0.091     3.422 r  clk_IBUF_BUFG_inst/O
                         net (fo=404, routed)         1.494     4.917    keyboard/clk
    SLICE_X60Y73         FDPE                                         r  keyboard/ps2_d_filter_reg[2]/C

Slack:                    inf
  Source:                 rstn
                            (input port)
  Destination:            keyboard/ps2_d_filter_reg[3]/PRE
                            (recovery check against rising-edge clock sys_clk_pin  {rise@0.000ns fall@5.000ns period=10.000ns})
  Path Group:             (none)
  Path Type:              Recovery (Max at Slow Process Corner)
  Data Path Delay:        14.350ns  (logic 1.631ns (11.366%)  route 12.719ns (88.634%))
  Logic Levels:           2  (IBUF=1 LUT1=1)
  Clock Path Skew:        4.917ns (DCD - SCD + CPR)
    Destination Clock Delay (DCD):    4.917ns
    Source Clock Delay      (SCD):    0.000ns
    Clock Pessimism Removal (CPR):    0.000ns
  Clock Uncertainty:      0.025ns  ((TSJ^2 + TIJ^2)^1/2 + DJ) / 2 + PE
    Total System Jitter     (TSJ):    0.050ns
    Total Input Jitter      (TIJ):    0.000ns
    Discrete Jitter          (DJ):    0.000ns
    Phase Error              (PE):    0.000ns

    Location             Delay type                Incr(ns)  Path(ns)    Netlist Resource(s)
  -------------------------------------------------------------------    -------------------
    C12                                               0.000     0.000 r  rstn (IN)
                         net (fo=0)                   0.000     0.000    rstn
    C12                  IBUF (Prop_ibuf_I_O)         1.507     1.507 r  rstn_IBUF_inst/O
                         net (fo=28, routed)          6.998     8.505    game_logic/rstn_IBUF
    SLICE_X62Y18         LUT1 (Prop_lut1_I0_O)        0.124     8.629 f  game_logic/cur_y[4]_i_3/O
                         net (fo=334, routed)         5.721    14.350    keyboard/key_event_reg[0]_3
    SLICE_X60Y73         FDPE                                         f  keyboard/ps2_d_filter_reg[3]/PRE
  -------------------------------------------------------------------    -------------------

                         (clock sys_clk_pin rise edge)
                                                      0.000     0.000 r  
    E3                                                0.000     0.000 r  clk (IN)
                         net (fo=0)                   0.000     0.000    clk
    E3                   IBUF (Prop_ibuf_I_O)         1.411     1.411 r  clk_IBUF_inst/O
                         net (fo=1, routed)           1.920     3.331    clk_IBUF
    BUFGCTRL_X0Y16       BUFG (Prop_bufg_I_O)         0.091     3.422 r  clk_IBUF_BUFG_inst/O
                         net (fo=404, routed)         1.494     4.917    keyboard/clk
    SLICE_X60Y73         FDPE                                         r  keyboard/ps2_d_filter_reg[3]/C

Slack:                    inf
  Source:                 rstn
                            (input port)
  Destination:            keyboard/ps2_c_f_reg/PRE
                            (recovery check against rising-edge clock sys_clk_pin  {rise@0.000ns fall@5.000ns period=10.000ns})
  Path Group:             (none)
  Path Type:              Recovery (Max at Slow Process Corner)
  Data Path Delay:        14.204ns  (logic 1.631ns (11.483%)  route 12.573ns (88.517%))
  Logic Levels:           2  (IBUF=1 LUT1=1)
  Clock Path Skew:        4.918ns (DCD - SCD + CPR)
    Destination Clock Delay (DCD):    4.918ns
    Source Clock Delay      (SCD):    0.000ns
    Clock Pessimism Removal (CPR):    0.000ns
  Clock Uncertainty:      0.025ns  ((TSJ^2 + TIJ^2)^1/2 + DJ) / 2 + PE
    Total System Jitter     (TSJ):    0.050ns
    Total Input Jitter      (TIJ):    0.000ns
    Discrete Jitter          (DJ):    0.000ns
    Phase Error              (PE):    0.000ns

    Location             Delay type                Incr(ns)  Path(ns)    Netlist Resource(s)
  -------------------------------------------------------------------    -------------------
    C12                                               0.000     0.000 r  rstn (IN)
                         net (fo=0)                   0.000     0.000    rstn
    C12                  IBUF (Prop_ibuf_I_O)         1.507     1.507 r  rstn_IBUF_inst/O
                         net (fo=28, routed)          6.998     8.505    game_logic/rstn_IBUF
    SLICE_X62Y18         LUT1 (Prop_lut1_I0_O)        0.124     8.629 f  game_logic/cur_y[4]_i_3/O
                         net (fo=334, routed)         5.575    14.204    keyboard/key_event_reg[0]_3
    SLICE_X61Y72         FDPE                                         f  keyboard/ps2_c_f_reg/PRE
  -------------------------------------------------------------------    -------------------

                         (clock sys_clk_pin rise edge)
                                                      0.000     0.000 r  
    E3                                                0.000     0.000 r  clk (IN)
                         net (fo=0)                   0.000     0.000    clk
    E3                   IBUF (Prop_ibuf_I_O)         1.411     1.411 r  clk_IBUF_inst/O
                         net (fo=1, routed)           1.920     3.331    clk_IBUF
    BUFGCTRL_X0Y16       BUFG (Prop_bufg_I_O)         0.091     3.422 r  clk_IBUF_BUFG_inst/O
                         net (fo=404, routed)         1.495     4.918    keyboard/clk
    SLICE_X61Y72         FDPE                                         r  keyboard/ps2_c_f_reg/C

Slack:                    inf
  Source:                 rstn
                            (input port)
  Destination:            keyboard/ps2_c_filter_reg[0]/PRE
                            (recovery check against rising-edge clock sys_clk_pin  {rise@0.000ns fall@5.000ns period=10.000ns})
  Path Group:             (none)
  Path Type:              Recovery (Max at Slow Process Corner)
  Data Path Delay:        14.204ns  (logic 1.631ns (11.483%)  route 12.573ns (88.517%))
  Logic Levels:           2  (IBUF=1 LUT1=1)
  Clock Path Skew:        4.918ns (DCD - SCD + CPR)
    Destination Clock Delay (DCD):    4.918ns
    Source Clock Delay      (SCD):    0.000ns
    Clock Pessimism Removal (CPR):    0.000ns
  Clock Uncertainty:      0.025ns  ((TSJ^2 + TIJ^2)^1/2 + DJ) / 2 + PE
    Total System Jitter     (TSJ):    0.050ns
    Total Input Jitter      (TIJ):    0.000ns
    Discrete Jitter          (DJ):    0.000ns
    Phase Error              (PE):    0.000ns

    Location             Delay type                Incr(ns)  Path(ns)    Netlist Resource(s)
  -------------------------------------------------------------------    -------------------
    C12                                               0.000     0.000 r  rstn (IN)
                         net (fo=0)                   0.000     0.000    rstn
    C12                  IBUF (Prop_ibuf_I_O)         1.507     1.507 r  rstn_IBUF_inst/O
                         net (fo=28, routed)          6.998     8.505    game_logic/rstn_IBUF
    SLICE_X62Y18         LUT1 (Prop_lut1_I0_O)        0.124     8.629 f  game_logic/cur_y[4]_i_3/O
                         net (fo=334, routed)         5.575    14.204    keyboard/key_event_reg[0]_3
    SLICE_X61Y72         FDPE                                         f  keyboard/ps2_c_filter_reg[0]/PRE
  -------------------------------------------------------------------    -------------------

                         (clock sys_clk_pin rise edge)
                                                      0.000     0.000 r  
    E3                                                0.000     0.000 r  clk (IN)
                         net (fo=0)                   0.000     0.000    clk
    E3                   IBUF (Prop_ibuf_I_O)         1.411     1.411 r  clk_IBUF_inst/O
                         net (fo=1, routed)           1.920     3.331    clk_IBUF
    BUFGCTRL_X0Y16       BUFG (Prop_bufg_I_O)         0.091     3.422 r  clk_IBUF_BUFG_inst/O
                         net (fo=404, routed)         1.495     4.918    keyboard/clk
    SLICE_X61Y72         FDPE                                         r  keyboard/ps2_c_filter_reg[0]/C

Slack:                    inf
  Source:                 rstn
                            (input port)
  Destination:            keyboard/ps2_c_filter_reg[1]/PRE
                            (recovery check against rising-edge clock sys_clk_pin  {rise@0.000ns fall@5.000ns period=10.000ns})
  Path Group:             (none)
  Path Type:              Recovery (Max at Slow Process Corner)
  Data Path Delay:        14.204ns  (logic 1.631ns (11.483%)  route 12.573ns (88.517%))
  Logic Levels:           2  (IBUF=1 LUT1=1)
  Clock Path Skew:        4.918ns (DCD - SCD + CPR)
    Destination Clock Delay (DCD):    4.918ns
    Source Clock Delay      (SCD):    0.000ns
    Clock Pessimism Removal (CPR):    0.000ns
  Clock Uncertainty:      0.025ns  ((TSJ^2 + TIJ^2)^1/2 + DJ) / 2 + PE
    Total System Jitter     (TSJ):    0.050ns
    Total Input Jitter      (TIJ):    0.000ns
    Discrete Jitter          (DJ):    0.000ns
    Phase Error              (PE):    0.000ns

    Location             Delay type                Incr(ns)  Path(ns)    Netlist Resource(s)
  -------------------------------------------------------------------    -------------------
    C12                                               0.000     0.000 r  rstn (IN)
                         net (fo=0)                   0.000     0.000    rstn
    C12                  IBUF (Prop_ibuf_I_O)         1.507     1.507 r  rstn_IBUF_inst/O
                         net (fo=28, routed)          6.998     8.505    game_logic/rstn_IBUF
    SLICE_X62Y18         LUT1 (Prop_lut1_I0_O)        0.124     8.629 f  game_logic/cur_y[4]_i_3/O
                         net (fo=334, routed)         5.575    14.204    keyboard/key_event_reg[0]_3
    SLICE_X61Y72         FDPE                                         f  keyboard/ps2_c_filter_reg[1]/PRE
  -------------------------------------------------------------------    -------------------

                         (clock sys_clk_pin rise edge)
                                                      0.000     0.000 r  
    E3                                                0.000     0.000 r  clk (IN)
                         net (fo=0)                   0.000     0.000    clk
    E3                   IBUF (Prop_ibuf_I_O)         1.411     1.411 r  clk_IBUF_inst/O
                         net (fo=1, routed)           1.920     3.331    clk_IBUF
    BUFGCTRL_X0Y16       BUFG (Prop_bufg_I_O)         0.091     3.422 r  clk_IBUF_BUFG_inst/O
                         net (fo=404, routed)         1.495     4.918    keyboard/clk
    SLICE_X61Y72         FDPE                                         r  keyboard/ps2_c_filter_reg[1]/C

Slack:                    inf
  Source:                 rstn
                            (input port)
  Destination:            keyboard/ps2_c_filter_reg[2]/PRE
                            (recovery check against rising-edge clock sys_clk_pin  {rise@0.000ns fall@5.000ns period=10.000ns})
  Path Group:             (none)
  Path Type:              Recovery (Max at Slow Process Corner)
  Data Path Delay:        14.204ns  (logic 1.631ns (11.483%)  route 12.573ns (88.517%))
  Logic Levels:           2  (IBUF=1 LUT1=1)
  Clock Path Skew:        4.918ns (DCD - SCD + CPR)
    Destination Clock Delay (DCD):    4.918ns
    Source Clock Delay      (SCD):    0.000ns
    Clock Pessimism Removal (CPR):    0.000ns
  Clock Uncertainty:      0.025ns  ((TSJ^2 + TIJ^2)^1/2 + DJ) / 2 + PE
    Total System Jitter     (TSJ):    0.050ns
    Total Input Jitter      (TIJ):    0.000ns
    Discrete Jitter          (DJ):    0.000ns
    Phase Error              (PE):    0.000ns

    Location             Delay type                Incr(ns)  Path(ns)    Netlist Resource(s)
  -------------------------------------------------------------------    -------------------
    C12                                               0.000     0.000 r  rstn (IN)
                         net (fo=0)                   0.000     0.000    rstn
    C12                  IBUF (Prop_ibuf_I_O)         1.507     1.507 r  rstn_IBUF_inst/O
                         net (fo=28, routed)          6.998     8.505    game_logic/rstn_IBUF
    SLICE_X62Y18         LUT1 (Prop_lut1_I0_O)        0.124     8.629 f  game_logic/cur_y[4]_i_3/O
                         net (fo=334, routed)         5.575    14.204    keyboard/key_event_reg[0]_3
    SLICE_X61Y72         FDPE                                         f  keyboard/ps2_c_filter_reg[2]/PRE
  -------------------------------------------------------------------    -------------------

                         (clock sys_clk_pin rise edge)
                                                      0.000     0.000 r  
    E3                                                0.000     0.000 r  clk (IN)
                         net (fo=0)                   0.000     0.000    clk
    E3                   IBUF (Prop_ibuf_I_O)         1.411     1.411 r  clk_IBUF_inst/O
                         net (fo=1, routed)           1.920     3.331    clk_IBUF
    BUFGCTRL_X0Y16       BUFG (Prop_bufg_I_O)         0.091     3.422 r  clk_IBUF_BUFG_inst/O
                         net (fo=404, routed)         1.495     4.918    keyboard/clk
    SLICE_X61Y72         FDPE                                         r  keyboard/ps2_c_filter_reg[2]/C

Slack:                    inf
  Source:                 rstn
                            (input port)
  Destination:            keyboard/ps2_c_filter_reg[3]/PRE
                            (recovery check against rising-edge clock sys_clk_pin  {rise@0.000ns fall@5.000ns period=10.000ns})
  Path Group:             (none)
  Path Type:              Recovery (Max at Slow Process Corner)
  Data Path Delay:        14.204ns  (logic 1.631ns (11.483%)  route 12.573ns (88.517%))
  Logic Levels:           2  (IBUF=1 LUT1=1)
  Clock Path Skew:        4.918ns (DCD - SCD + CPR)
    Destination Clock Delay (DCD):    4.918ns
    Source Clock Delay      (SCD):    0.000ns
    Clock Pessimism Removal (CPR):    0.000ns
  Clock Uncertainty:      0.025ns  ((TSJ^2 + TIJ^2)^1/2 + DJ) / 2 + PE
    Total System Jitter     (TSJ):    0.050ns
    Total Input Jitter      (TIJ):    0.000ns
    Discrete Jitter          (DJ):    0.000ns
    Phase Error              (PE):    0.000ns

    Location             Delay type                Incr(ns)  Path(ns)    Netlist Resource(s)
  -------------------------------------------------------------------    -------------------
    C12                                               0.000     0.000 r  rstn (IN)
                         net (fo=0)                   0.000     0.000    rstn
    C12                  IBUF (Prop_ibuf_I_O)         1.507     1.507 r  rstn_IBUF_inst/O
                         net (fo=28, routed)          6.998     8.505    game_logic/rstn_IBUF
    SLICE_X62Y18         LUT1 (Prop_lut1_I0_O)        0.124     8.629 f  game_logic/cur_y[4]_i_3/O
                         net (fo=334, routed)         5.575    14.204    keyboard/key_event_reg[0]_3
    SLICE_X61Y72         FDPE                                         f  keyboard/ps2_c_filter_reg[3]/PRE
  -------------------------------------------------------------------    -------------------

                         (clock sys_clk_pin rise edge)
                                                      0.000     0.000 r  
    E3                                                0.000     0.000 r  clk (IN)
                         net (fo=0)                   0.000     0.000    clk
    E3                   IBUF (Prop_ibuf_I_O)         1.411     1.411 r  clk_IBUF_inst/O
                         net (fo=1, routed)           1.920     3.331    clk_IBUF
    BUFGCTRL_X0Y16       BUFG (Prop_bufg_I_O)         0.091     3.422 r  clk_IBUF_BUFG_inst/O
                         net (fo=404, routed)         1.495     4.918    keyboard/clk
    SLICE_X61Y72         FDPE                                         r  keyboard/ps2_c_filter_reg[3]/C





Min Delay Paths
--------------------------------------------------------------------------------------
Slack:                    inf
  Source:                 keyboard/key_event_reg[0]/C
                            (rising edge-triggered cell FDCE)
  Destination:            temp_reg[0]/D
                            (rising edge-triggered cell FDRE clocked by sys_clk_pin  {rise@0.000ns fall@5.000ns period=10.000ns})
  Path Group:             (none)
  Path Type:              Hold (Min at Fast Process Corner)
  Data Path Delay:        0.300ns  (logic 0.167ns (55.634%)  route 0.133ns (44.366%))
  Logic Levels:           1  (FDCE=1)
  Clock Uncertainty:      0.025ns  ((TSJ^2 + TIJ^2)^1/2 + DJ) / 2 + PE
    Total System Jitter     (TSJ):    0.050ns
    Total Input Jitter      (TIJ):    0.000ns
    Discrete Jitter          (DJ):    0.000ns
    Phase Error              (PE):    0.000ns

    Location             Delay type                Incr(ns)  Path(ns)    Netlist Resource(s)
  -------------------------------------------------------------------    -------------------
    SLICE_X60Y70         FDCE                         0.000     0.000 r  keyboard/key_event_reg[0]/C
    SLICE_X60Y70         FDCE (Prop_fdce_C_Q)         0.167     0.167 r  keyboard/key_event_reg[0]/Q
                         net (fo=6, routed)           0.133     0.300    keyboard_n_7
    SLICE_X60Y71         FDRE                                         r  temp_reg[0]/D
  -------------------------------------------------------------------    -------------------

                         (clock sys_clk_pin rise edge)
                                                      0.000     0.000 r  
    E3                                                0.000     0.000 r  clk (IN)
                         net (fo=0)                   0.000     0.000    clk
    E3                   IBUF (Prop_ibuf_I_O)         0.438     0.438 r  clk_IBUF_inst/O
                         net (fo=1, routed)           0.699     1.136    clk_IBUF
    BUFGCTRL_X0Y16       BUFG (Prop_bufg_I_O)         0.029     1.165 r  clk_IBUF_BUFG_inst/O
                         net (fo=404, routed)         0.825     1.990    clk_IBUF_BUFG
    SLICE_X60Y71         FDRE                                         r  temp_reg[0]/C

Slack:                    inf
  Source:                 keyboard/key_event_reg[2]/C
                            (rising edge-triggered cell FDCE)
  Destination:            temp_reg[2]/D
                            (rising edge-triggered cell FDRE clocked by sys_clk_pin  {rise@0.000ns fall@5.000ns period=10.000ns})
  Path Group:             (none)
  Path Type:              Hold (Min at Fast Process Corner)
  Data Path Delay:        0.304ns  (logic 0.167ns (54.903%)  route 0.137ns (45.097%))
  Logic Levels:           1  (FDCE=1)
  Clock Uncertainty:      0.025ns  ((TSJ^2 + TIJ^2)^1/2 + DJ) / 2 + PE
    Total System Jitter     (TSJ):    0.050ns
    Total Input Jitter      (TIJ):    0.000ns
    Discrete Jitter          (DJ):    0.000ns
    Phase Error              (PE):    0.000ns

    Location             Delay type                Incr(ns)  Path(ns)    Netlist Resource(s)
  -------------------------------------------------------------------    -------------------
    SLICE_X58Y71         FDCE                         0.000     0.000 r  keyboard/key_event_reg[2]/C
    SLICE_X58Y71         FDCE (Prop_fdce_C_Q)         0.167     0.167 r  keyboard/key_event_reg[2]/Q
                         net (fo=7, routed)           0.137     0.304    keyboard_n_5
    SLICE_X60Y71         FDRE                                         r  temp_reg[2]/D
  -------------------------------------------------------------------    -------------------

                         (clock sys_clk_pin rise edge)
                                                      0.000     0.000 r  
    E3                                                0.000     0.000 r  clk (IN)
                         net (fo=0)                   0.000     0.000    clk
    E3                   IBUF (Prop_ibuf_I_O)         0.438     0.438 r  clk_IBUF_inst/O
                         net (fo=1, routed)           0.699     1.136    clk_IBUF
    BUFGCTRL_X0Y16       BUFG (Prop_bufg_I_O)         0.029     1.165 r  clk_IBUF_BUFG_inst/O
                         net (fo=404, routed)         0.825     1.990    clk_IBUF_BUFG
    SLICE_X60Y71         FDRE                                         r  temp_reg[2]/C

Slack:                    inf
  Source:                 keyboard/key_event_reg[1]/C
                            (rising edge-triggered cell FDCE)
  Destination:            temp_reg[1]/D
                            (rising edge-triggered cell FDRE clocked by sys_clk_pin  {rise@0.000ns fall@5.000ns period=10.000ns})
  Path Group:             (none)
  Path Type:              Hold (Min at Fast Process Corner)
  Data Path Delay:        0.334ns  (logic 0.167ns (50.067%)  route 0.167ns (49.933%))
  Logic Levels:           1  (FDCE=1)
  Clock Uncertainty:      0.025ns  ((TSJ^2 + TIJ^2)^1/2 + DJ) / 2 + PE
    Total System Jitter     (TSJ):    0.050ns
    Total Input Jitter      (TIJ):    0.000ns
    Discrete Jitter          (DJ):    0.000ns
    Phase Error              (PE):    0.000ns

    Location             Delay type                Incr(ns)  Path(ns)    Netlist Resource(s)
  -------------------------------------------------------------------    -------------------
    SLICE_X58Y71         FDCE                         0.000     0.000 r  keyboard/key_event_reg[1]/C
    SLICE_X58Y71         FDCE (Prop_fdce_C_Q)         0.167     0.167 r  keyboard/key_event_reg[1]/Q
                         net (fo=8, routed)           0.167     0.334    keyboard_n_6
    SLICE_X60Y71         FDRE                                         r  temp_reg[1]/D
  -------------------------------------------------------------------    -------------------

                         (clock sys_clk_pin rise edge)
                                                      0.000     0.000 r  
    E3                                                0.000     0.000 r  clk (IN)
                         net (fo=0)                   0.000     0.000    clk
    E3                   IBUF (Prop_ibuf_I_O)         0.438     0.438 r  clk_IBUF_inst/O
                         net (fo=1, routed)           0.699     1.136    clk_IBUF
    BUFGCTRL_X0Y16       BUFG (Prop_bufg_I_O)         0.029     1.165 r  clk_IBUF_BUFG_inst/O
                         net (fo=404, routed)         0.825     1.990    clk_IBUF_BUFG
    SLICE_X60Y71         FDRE                                         r  temp_reg[1]/C

Slack:                    inf
  Source:                 keyboard/key_event_reg[4]/C
                            (rising edge-triggered cell FDCE)
  Destination:            temp_reg[4]/D
                            (rising edge-triggered cell FDRE clocked by sys_clk_pin  {rise@0.000ns fall@5.000ns period=10.000ns})
  Path Group:             (none)
  Path Type:              Hold (Min at Fast Process Corner)
  Data Path Delay:        0.364ns  (logic 0.133ns (36.558%)  route 0.231ns (63.442%))
  Logic Levels:           1  (FDCE=1)
  Clock Uncertainty:      0.025ns  ((TSJ^2 + TIJ^2)^1/2 + DJ) / 2 + PE
    Total System Jitter     (TSJ):    0.050ns
    Total Input Jitter      (TIJ):    0.000ns
    Discrete Jitter          (DJ):    0.000ns
    Phase Error              (PE):    0.000ns

    Location             Delay type                Incr(ns)  Path(ns)    Netlist Resource(s)
  -------------------------------------------------------------------    -------------------
    SLICE_X59Y71         FDCE                         0.000     0.000 r  keyboard/key_event_reg[4]/C
    SLICE_X59Y71         FDCE (Prop_fdce_C_Q)         0.133     0.133 r  keyboard/key_event_reg[4]/Q
                         net (fo=7, routed)           0.231     0.364    keyboard_n_3
    SLICE_X58Y70         FDRE                                         r  temp_reg[4]/D
  -------------------------------------------------------------------    -------------------

                         (clock sys_clk_pin rise edge)
                                                      0.000     0.000 r  
    E3                                                0.000     0.000 r  clk (IN)
                         net (fo=0)                   0.000     0.000    clk
    E3                   IBUF (Prop_ibuf_I_O)         0.438     0.438 r  clk_IBUF_inst/O
                         net (fo=1, routed)           0.699     1.136    clk_IBUF
    BUFGCTRL_X0Y16       BUFG (Prop_bufg_I_O)         0.029     1.165 r  clk_IBUF_BUFG_inst/O
                         net (fo=404, routed)         0.826     1.991    clk_IBUF_BUFG
    SLICE_X58Y70         FDRE                                         r  temp_reg[4]/C

Slack:                    inf
  Source:                 keyboard/key_event_reg[7]/C
                            (rising edge-triggered cell FDCE)
  Destination:            temp_reg[7]/D
                            (rising edge-triggered cell FDRE clocked by sys_clk_pin  {rise@0.000ns fall@5.000ns period=10.000ns})
  Path Group:             (none)
  Path Type:              Hold (Min at Fast Process Corner)
  Data Path Delay:        0.425ns  (logic 0.151ns (35.501%)  route 0.274ns (64.499%))
  Logic Levels:           1  (FDCE=1)
  Clock Uncertainty:      0.025ns  ((TSJ^2 + TIJ^2)^1/2 + DJ) / 2 + PE
    Total System Jitter     (TSJ):    0.050ns
    Total Input Jitter      (TIJ):    0.000ns
    Discrete Jitter          (DJ):    0.000ns
    Phase Error              (PE):    0.000ns

    Location             Delay type                Incr(ns)  Path(ns)    Netlist Resource(s)
  -------------------------------------------------------------------    -------------------
    SLICE_X60Y72         FDCE                         0.000     0.000 r  keyboard/key_event_reg[7]/C
    SLICE_X60Y72         FDCE (Prop_fdce_C_Q)         0.151     0.151 r  keyboard/key_event_reg[7]/Q
                         net (fo=7, routed)           0.274     0.425    keyboard_n_0
    SLICE_X59Y70         FDRE                                         r  temp_reg[7]/D
  -------------------------------------------------------------------    -------------------

                         (clock sys_clk_pin rise edge)
                                                      0.000     0.000 r  
    E3                                                0.000     0.000 r  clk (IN)
                         net (fo=0)                   0.000     0.000    clk
    E3                   IBUF (Prop_ibuf_I_O)         0.438     0.438 r  clk_IBUF_inst/O
                         net (fo=1, routed)           0.699     1.136    clk_IBUF
    BUFGCTRL_X0Y16       BUFG (Prop_bufg_I_O)         0.029     1.165 r  clk_IBUF_BUFG_inst/O
                         net (fo=404, routed)         0.826     1.991    clk_IBUF_BUFG
    SLICE_X59Y70         FDRE                                         r  temp_reg[7]/C

Slack:                    inf
  Source:                 keyboard/key_event_reg[1]/C
                            (rising edge-triggered cell FDCE)
  Destination:            s1_reg/D
                            (rising edge-triggered cell FDCE clocked by sys_clk_pin  {rise@0.000ns fall@5.000ns period=10.000ns})
  Path Group:             (none)
  Path Type:              Hold (Min at Fast Process Corner)
  Data Path Delay:        0.429ns  (logic 0.212ns (49.428%)  route 0.217ns (50.572%))
  Logic Levels:           2  (FDCE=1 LUT6=1)
  Clock Uncertainty:      0.025ns  ((TSJ^2 + TIJ^2)^1/2 + DJ) / 2 + PE
    Total System Jitter     (TSJ):    0.050ns
    Total Input Jitter      (TIJ):    0.000ns
    Discrete Jitter          (DJ):    0.000ns
    Phase Error              (PE):    0.000ns

    Location             Delay type                Incr(ns)  Path(ns)    Netlist Resource(s)
  -------------------------------------------------------------------    -------------------
    SLICE_X58Y71         FDCE                         0.000     0.000 r  keyboard/key_event_reg[1]/C
    SLICE_X58Y71         FDCE (Prop_fdce_C_Q)         0.167     0.167 f  keyboard/key_event_reg[1]/Q
                         net (fo=8, routed)           0.217     0.384    keyboard/key_event_reg[1]_0
    SLICE_X58Y68         LUT6 (Prop_lut6_I1_O)        0.045     0.429 r  keyboard/s1_i_1/O
                         net (fo=1, routed)           0.000     0.429    keyboard_n_11
    SLICE_X58Y68         FDCE                                         r  s1_reg/D
  -------------------------------------------------------------------    -------------------

                         (clock sys_clk_pin rise edge)
                                                      0.000     0.000 r  
    E3                                                0.000     0.000 r  clk (IN)
                         net (fo=0)                   0.000     0.000    clk
    E3                   IBUF (Prop_ibuf_I_O)         0.438     0.438 r  clk_IBUF_inst/O
                         net (fo=1, routed)           0.699     1.136    clk_IBUF
    BUFGCTRL_X0Y16       BUFG (Prop_bufg_I_O)         0.029     1.165 r  clk_IBUF_BUFG_inst/O
                         net (fo=404, routed)         0.828     1.993    clk_IBUF_BUFG
    SLICE_X58Y68         FDCE                                         r  s1_reg/C

Slack:                    inf
  Source:                 keyboard/key_event_reg[1]/C
                            (rising edge-triggered cell FDCE)
  Destination:            d1_reg/D
                            (rising edge-triggered cell FDCE clocked by sys_clk_pin  {rise@0.000ns fall@5.000ns period=10.000ns})
  Path Group:             (none)
  Path Type:              Hold (Min at Fast Process Corner)
  Data Path Delay:        0.460ns  (logic 0.212ns (46.096%)  route 0.248ns (53.904%))
  Logic Levels:           2  (FDCE=1 LUT6=1)
  Clock Uncertainty:      0.025ns  ((TSJ^2 + TIJ^2)^1/2 + DJ) / 2 + PE
    Total System Jitter     (TSJ):    0.050ns
    Total Input Jitter      (TIJ):    0.000ns
    Discrete Jitter          (DJ):    0.000ns
    Phase Error              (PE):    0.000ns

    Location             Delay type                Incr(ns)  Path(ns)    Netlist Resource(s)
  -------------------------------------------------------------------    -------------------
    SLICE_X58Y71         FDCE                         0.000     0.000 r  keyboard/key_event_reg[1]/C
    SLICE_X58Y71         FDCE (Prop_fdce_C_Q)         0.167     0.167 r  keyboard/key_event_reg[1]/Q
                         net (fo=8, routed)           0.248     0.415    keyboard/key_event_reg[1]_0
    SLICE_X58Y68         LUT6 (Prop_lut6_I1_O)        0.045     0.460 r  keyboard/d1_i_1/O
                         net (fo=1, routed)           0.000     0.460    keyboard_n_10
    SLICE_X58Y68         FDCE                                         r  d1_reg/D
  -------------------------------------------------------------------    -------------------

                         (clock sys_clk_pin rise edge)
                                                      0.000     0.000 r  
    E3                                                0.000     0.000 r  clk (IN)
                         net (fo=0)                   0.000     0.000    clk
    E3                   IBUF (Prop_ibuf_I_O)         0.438     0.438 r  clk_IBUF_inst/O
                         net (fo=1, routed)           0.699     1.136    clk_IBUF
    BUFGCTRL_X0Y16       BUFG (Prop_bufg_I_O)         0.029     1.165 r  clk_IBUF_BUFG_inst/O
                         net (fo=404, routed)         0.828     1.993    clk_IBUF_BUFG
    SLICE_X58Y68         FDCE                                         r  d1_reg/C

Slack:                    inf
  Source:                 keyboard/key_event_reg[0]/C
                            (rising edge-triggered cell FDCE)
  Destination:            w1_reg/D
                            (rising edge-triggered cell FDCE clocked by sys_clk_pin  {rise@0.000ns fall@5.000ns period=10.000ns})
  Path Group:             (none)
  Path Type:              Hold (Min at Fast Process Corner)
  Data Path Delay:        0.492ns  (logic 0.210ns (42.658%)  route 0.282ns (57.342%))
  Logic Levels:           2  (FDCE=1 LUT4=1)
  Clock Uncertainty:      0.025ns  ((TSJ^2 + TIJ^2)^1/2 + DJ) / 2 + PE
    Total System Jitter     (TSJ):    0.050ns
    Total Input Jitter      (TIJ):    0.000ns
    Discrete Jitter          (DJ):    0.000ns
    Phase Error              (PE):    0.000ns

    Location             Delay type                Incr(ns)  Path(ns)    Netlist Resource(s)
  -------------------------------------------------------------------    -------------------
    SLICE_X60Y70         FDCE                         0.000     0.000 r  keyboard/key_event_reg[0]/C
    SLICE_X60Y70         FDCE (Prop_fdce_C_Q)         0.167     0.167 r  keyboard/key_event_reg[0]/Q
                         net (fo=6, routed)           0.282     0.449    keyboard/key_event_reg[0]_0
    SLICE_X58Y68         LUT4 (Prop_lut4_I2_O)        0.043     0.492 r  keyboard/w1_i_1/O
                         net (fo=1, routed)           0.000     0.492    keyboard_n_8
    SLICE_X58Y68         FDCE                                         r  w1_reg/D
  -------------------------------------------------------------------    -------------------

                         (clock sys_clk_pin rise edge)
                                                      0.000     0.000 r  
    E3                                                0.000     0.000 r  clk (IN)
                         net (fo=0)                   0.000     0.000    clk
    E3                   IBUF (Prop_ibuf_I_O)         0.438     0.438 r  clk_IBUF_inst/O
                         net (fo=1, routed)           0.699     1.136    clk_IBUF
    BUFGCTRL_X0Y16       BUFG (Prop_bufg_I_O)         0.029     1.165 r  clk_IBUF_BUFG_inst/O
                         net (fo=404, routed)         0.828     1.993    clk_IBUF_BUFG
    SLICE_X58Y68         FDCE                                         r  w1_reg/C

Slack:                    inf
  Source:                 keyboard/key_event_reg[5]/C
                            (rising edge-triggered cell FDCE)
  Destination:            temp_reg[5]/D
                            (rising edge-triggered cell FDRE clocked by sys_clk_pin  {rise@0.000ns fall@5.000ns period=10.000ns})
  Path Group:             (none)
  Path Type:              Hold (Min at Fast Process Corner)
  Data Path Delay:        0.493ns  (logic 0.167ns (33.886%)  route 0.326ns (66.114%))
  Logic Levels:           1  (FDCE=1)
  Clock Uncertainty:      0.025ns  ((TSJ^2 + TIJ^2)^1/2 + DJ) / 2 + PE
    Total System Jitter     (TSJ):    0.050ns
    Total Input Jitter      (TIJ):    0.000ns
    Discrete Jitter          (DJ):    0.000ns
    Phase Error              (PE):    0.000ns

    Location             Delay type                Incr(ns)  Path(ns)    Netlist Resource(s)
  -------------------------------------------------------------------    -------------------
    SLICE_X60Y72         FDCE                         0.000     0.000 r  keyboard/key_event_reg[5]/C
    SLICE_X60Y72         FDCE (Prop_fdce_C_Q)         0.167     0.167 r  keyboard/key_event_reg[5]/Q
                         net (fo=7, routed)           0.326     0.493    keyboard_n_2
    SLICE_X58Y70         FDRE                                         r  temp_reg[5]/D
  -------------------------------------------------------------------    -------------------

                         (clock sys_clk_pin rise edge)
                                                      0.000     0.000 r  
    E3                                                0.000     0.000 r  clk (IN)
                         net (fo=0)                   0.000     0.000    clk
    E3                   IBUF (Prop_ibuf_I_O)         0.438     0.438 r  clk_IBUF_inst/O
                         net (fo=1, routed)           0.699     1.136    clk_IBUF
    BUFGCTRL_X0Y16       BUFG (Prop_bufg_I_O)         0.029     1.165 r  clk_IBUF_BUFG_inst/O
                         net (fo=404, routed)         0.826     1.991    clk_IBUF_BUFG
    SLICE_X58Y70         FDRE                                         r  temp_reg[5]/C

Slack:                    inf
  Source:                 keyboard/key_event_reg[0]/C
                            (rising edge-triggered cell FDCE)
  Destination:            a1_reg/D
                            (rising edge-triggered cell FDCE clocked by sys_clk_pin  {rise@0.000ns fall@5.000ns period=10.000ns})
  Path Group:             (none)
  Path Type:              Hold (Min at Fast Process Corner)
  Data Path Delay:        0.494ns  (logic 0.212ns (42.890%)  route 0.282ns (57.110%))
  Logic Levels:           2  (FDCE=1 LUT4=1)
  Clock Uncertainty:      0.025ns  ((TSJ^2 + TIJ^2)^1/2 + DJ) / 2 + PE
    Total System Jitter     (TSJ):    0.050ns
    Total Input Jitter      (TIJ):    0.000ns
    Discrete Jitter          (DJ):    0.000ns
    Phase Error              (PE):    0.000ns

    Location             Delay type                Incr(ns)  Path(ns)    Netlist Resource(s)
  -------------------------------------------------------------------    -------------------
    SLICE_X60Y70         FDCE                         0.000     0.000 r  keyboard/key_event_reg[0]/C
    SLICE_X60Y70         FDCE (Prop_fdce_C_Q)         0.167     0.167 f  keyboard/key_event_reg[0]/Q
                         net (fo=6, routed)           0.282     0.449    keyboard/key_event_reg[0]_0
    SLICE_X58Y68         LUT4 (Prop_lut4_I2_O)        0.045     0.494 r  keyboard/a1_i_1/O
                         net (fo=1, routed)           0.000     0.494    keyboard_n_9
    SLICE_X58Y68         FDCE                                         r  a1_reg/D
  -------------------------------------------------------------------    -------------------

                         (clock sys_clk_pin rise edge)
                                                      0.000     0.000 r  
    E3                                                0.000     0.000 r  clk (IN)
                         net (fo=0)                   0.000     0.000    clk
    E3                   IBUF (Prop_ibuf_I_O)         0.438     0.438 r  clk_IBUF_inst/O
                         net (fo=1, routed)           0.699     1.136    clk_IBUF
    BUFGCTRL_X0Y16       BUFG (Prop_bufg_I_O)         0.029     1.165 r  clk_IBUF_BUFG_inst/O
                         net (fo=404, routed)         0.828     1.993    clk_IBUF_BUFG
    SLICE_X58Y68         FDCE                                         r  a1_reg/C





