memory_initialization_radix=16;
memory_initialization_vector=
EEE EED EEC EEC BA9 444 444 444 444 544 554 554 655 656 766 CA9 ECA ECB ECB ECA ECA ECB EDC EEE EFE EFE FFE CCB A98 EDC EDC EEC EDC EDC EDC EDC EDC EDD EBB EAA EED A89 DCD EAA EA9 EEE EDD E88 EDD EFE EEE EDD EEE EEE A9A 858 858 757 858 757 CA9 DBA DBA A99 767 657 556 657 757 657 657 657 657 657 657 657 657 767 767 767 767 768 A9A DDD EEE EDC ECB EEC EED EED EEC EDC FEC FED FEE FFE FFE EED A89 979 A89 A89 DCC FED FED FED FFE FFE FFE FFE FFE FFE FFE EEE FFE FFE EED B9B CBB ECB DBA CBA DBA EDC EEE FFE EEE DCD DBC ECA EDB EDA DCA DCD DCD DBB EC9 ECA ECA ECA ECA EB9 DB9 B87 B98 ECA EDC EEE FFE CCC CCC EDE DCE FFE FFE FFE FFE FFE FFE FFE FFE FFE FFE FFE EED DDD FFE FFE DBC A78 CA9 ECB DBB DCD EDE EEE DCC DBB ECB EDC DDC EEC FEC FEC FEC FEC FEC FEC FEC FEC FEC FEC ECB ECB FED FFE FFE FFE FFE FFE 
FFE FFD FFC FEC 876 000 111 111 211 211 321 322 323 654 BA6 DC7 EC8 EC8 EB8 EB9 ECA FDC FFE FFF FFF FFF FFF BA9 876 CA9 FEC FEC FEC FEC FEC FEC EED EED FDD FED FFE A79 958 CBB FDD FFF FED E55 FBB FFF FFF FEE FFE FFE 968 626 626 414 625 425 B98 CA9 867 535 435 425 224 325 425 425 425 425 425 425 425 425 435 435 435 435 435 535 536 768 CCC FEE EDB FDB FDC FDC FDB FDB FEC FFD FFF FFF FFF B9A 857 857 A78 ECB FEC FEC FFD FFD FFE FFE FFF FFF FFF FFF FFF FFF FFF FFF FED A7A CAA ECA DB9 CA9 ECB FFE FFF FFF FFE DCD DBA FC9 FC9 FD9 FC9 DBB DCD DBC DB9 FC8 FC8 FC9 FC9 FB9 EA8 D87 A65 C87 EDB FFF FFF AAA DDD DCE EEE FFF FFF FFF FFF FFF FFF FFF FFF FFF FFF FFF FFE DDD FFF FFF EDD A66 B77 ECA FCA DAB ECE FFF FEE DAA EBB EED FFE EDD ECA FCA FDB FDB FEB FEC EDC DCC DBA EA9 EA9 FDC FFE FFF FFF FFF FFF FFF 
AAA FFD FFD EDA 544 001 111 221 322 322 322 222 222 764 DB6 EE7 EE7 FE7 EE7 ED7 DB7 EDB FFE FFF FFF FFF FFE A97 986 987 BA9 FEC FFD FFD ECB A76 644 977 EED FFE FFF CBC 836 847 A79 DCC FEE FED FED FFF FFF FFE FED FFE 868 626 625 414 525 425 977 646 425 435 425 324 224 324 324 324 325 325 425 425 425 435 435 435 435 435 435 535 536 536 535 A9A FEE EDB ECA ECA ECA FDB FED FFF FFF FFF EDD 867 857 968 DDD FFD FDC FEC FFD FFD FFE FFF FFF FFF FFF FFF FFF FFF FFF FFF DCC 97A DBA ECA DB9 ECB FFE FFF FFF FFF FFF EDD EB9 FD9 FC9 FC8 FD9 ECA DCD DCD DBC DBA FC8 FC9 FC9 FC9 FB9 EA8 C76 955 CAA FFF DDD A9A EDE DCE FFF FFF FFF FFF FFF FFF FFF FFF FFF FFF FFF FFF FFF DDD FFE FFF FFF B99 A66 DA9 FCA EB9 DBB FFF FFF FFE FFF FFF FFF FFF EDD E99 E98 F98 FA9 DBA CBD ECE DCD CAA FDB FEE FFF FFF FFF FFF FFF FEE 
111 666 A97 764 211 111 211 211 212 332 222 111 111 111 432 BA6 FE7 FE7 FE7 FE7 ED7 ED7 EDB FFE FFF FFF FFF DCB 987 987 976 BA9 FFD EEC A75 843 532 644 EED FEE FFF FFE 857 836 836 836 968 BAA DDD FFE FFF FBB FBB FEE 978 626 525 424 425 436 435 325 425 324 224 214 214 224 324 324 325 325 325 325 325 425 425 425 435 435 435 435 535 535 435 435 A9A FFE EDB ECA ECA FEC FFF FFF FFF FFF B9A 757 857 B9A FFF FFF FED FDB FEC FFD FFF FFF FFF FFF FFF FFF FFF FFE FFE EED A8B A8A DBA DA9 CA9 CBA CCB CCC DCC DDD DDE DDD EB9 FD9 FC9 FC9 FC8 FC9 DBB DCD DCD CBD CAA FC9 FC9 FC9 FC9 FB9 EA8 A65 A88 EEE A9A BAC DCE EEF FFF FFF FFF FFF FFF FFF FFF FFF FFF FFF FFF FFF FFF EED EDD FFF FFF EED B78 B78 EB9 FCA EBA EDC FFF FFF FFF FFF FFF FFF FFF EED ECC EBA ECC EDE DCE EDE FDE EDE DDD EDE EDE FFF FFF EEE DCC FAA 
111 101 111 212 111 111 221 443 985 DC7 DC7 CB6 A96 774 332 222 985 EE7 FE7 FE7 FE7 FE7 ED8 EDB FED FFF FFF FFF CCB 987 A87 987 BA9 EED B87 964 865 976 CCB EEE FFE FFF BAB 736 837 736 736 736 736 968 CAB EDD FDC FED 978 525 525 414 425 425 324 324 213 213 214 213 214 324 325 325 325 325 325 325 325 325 325 325 425 425 435 435 435 435 435 424 435 AAB FFE EDB FDC FFF FFF FFF FFF EEE 868 757 868 EDD FFF FFF FFF FED FEC FFE FFF FEE DDC DCB CBA BA9 BA8 B98 A97 978 869 A88 A87 A98 A99 BAA BAA BAB BAB BBC BBC CBC EB9 FD9 FC9 FC9 FC9 FC8 FC9 DBC DCD DCD CBD BAA EB9 FC9 FC9 FC9 FC9 D98 A78 DCD 879 CBD DCE FFF FFF FFF FFF FFF FFF FFF FFF FFF FFF FFF FFF FFF FFF FFF CCC FFF FFF FFF EDD B77 C88 FCA FCA FC9 EDC FFF FFF FFF FFF FFF FFF FFF FFF FFF FFF DCE DCE EDE FEF FEF FEF FFF EEE FEF EEE FEF ECC EA9 
221 211 111 112 443 885 CC7 ED7 FE7 FE7 ED7 ED7 EC7 ED7 ED7 AA6 553 774 ED7 FE8 FE8 FE8 ED7 DC7 EDA FED FFF FFF FFF CCB A87 987 876 CCC CCC A76 965 754 876 DDD FEE FFF FFE 867 736 736 736 736 736 726 726 858 CAB FBB A99 414 314 314 425 214 224 213 213 213 213 213 224 324 325 325 325 325 325 325 325 325 325 325 325 425 425 425 435 324 435 324 435 535 CCC FDC FEC FFF FFF FFF FFF CBB 747 757 A8A FFF FFF FFF FFF FED FDC EDD CBA A97 976 975 986 986 A87 A97 867 869 B99 BA9 B98 CA9 BAA EDD FFE EEE EEE DDD DCD DCD DBA FC9 FC9 FC9 FC9 FC9 FC9 EC9 DCD DCD DCD CBD B9B CA9 FC9 FCA FCA FCA DA9 BAB 889 DBE EDF FFF FFF FFF FFF FFF FFF FFF FFF FFF FFF FFF FFF FFF FFF FFF DDD DDC FFF FFF FFF DBC B77 DA9 FCA FCA FC9 FDB FEE FFF FFF FFF FFF FFF FFF FFF EDE CBC DBC DBC ECD EDE FEF FFF FFF FFF FFF FFF EEE E99 
211 111 222 885 DD7 FE8 FE7 FE7 EE7 ED7 FE7 ED7 EC7 DB6 ED7 FE8 EE7 A95 885 EE8 FF9 FD7 ED7 EC7 DB6 EC9 FFE FFF FFF FFF DDD BA9 988 BBB CBB 754 323 223 334 BBB FFE FEE FFF CCC 736 736 736 626 626 736 736 726 736 846 646 213 213 324 213 213 213 213 213 324 213 214 325 325 325 325 325 325 325 325 325 325 325 325 536 436 325 425 425 325 435 324 435 324 656 DB9 ECA FED FFF FFF FFF 978 747 757 DCC FFF FFF FFF FFE ECB B98 A86 975 A87 BA9 DCB DDC EED EDD A9A 97A DDD FFE FDC ECA ECA CBB DCC FEF ECB EDB FFF FFF FFF DCD EB9 FC9 FC9 FC9 FC9 FC9 FC9 DBA DCD DCE DCE CBD A8B B9A FCA FDA FCA EBA 989 A9B DCE FFF FFF FFF FFF FFF FFF FFF FFF FFF FFF FFF FFF FFF FFF FFF FFF FFF AAA EEE FFF FFF FFF DCC B88 EB9 FDA FDA FC9 FC9 ECA ECB EDB ECB ECB ECA EB9 EB9 EB9 EB9 DB9 DBA DAA DCC EDD EDE FFF FFF FFF FFF DAA 
211 543 BB6 FE8 FE7 ED7 EE7 FE7 FE7 ED7 ED7 ED7 EC7 DC7 DB6 ED7 FE7 FE8 CC8 A96 EE8 FE7 ED7 EC7 DC6 DB6 EDA FFE FFF FFF FFF FFF FFF EEE CCC 334 123 334 445 BBC EEE FFE FEE FFF A9A 736 736 736 625 525 525 636 736 626 313 324 425 213 113 213 213 213 214 325 214 324 325 325 325 325 325 325 325 325 325 325 325 325 435 869 435 325 325 425 425 324 425 323 324 977 DB9 ECA FED FFF DDD 646 747 867 DCC CCC CCC DCC CA9 A76 975 976 CA9 EDD FFE FEE EDE CCD BAB CBC FFE FFF FDC ECA ECA ECA DCC DCC FEE CA7 CA7 FFE FFF FEF DBD A9A EB9 EBA DBA DBA B9A B9A A9A A9B CBD DCE DCE BAC A8B CAB FCB EAA D99 878 BAC DDE FFF FFF FFF FFF FFF FFF FFF FFF FFF FFF FFF FFF FFF FFF FFF FFF FFF DCD A9A FFF FFF FFF FFF EDD CA9 ECA FCA FC9 FC9 FC9 FC9 FC9 FC8 FC9 FC9 FC9 FDB FED FFE FFF FEE ECC CBB BAA BAA EDD FFF FFF FFF ECD 
764 ED7 FE8 FE8 EE7 ED7 EC7 FE7 FE7 FE7 DB7 EC7 ED7 EC7 DB6 DA6 EE8 FE8 FE8 DC7 CB7 FE8 FE7 DC6 DB6 DA6 DB6 FEB FFF FFF FFF FFF FFF FFF EEE AAB 778 445 556 334 BBB FFF FEE FFF FFE 969 736 736 736 626 525 525 625 736 625 424 324 112 213 213 213 213 324 325 224 325 325 325 325 325 325 325 325 325 325 325 325 325 425 647 647 324 325 425 324 324 325 213 323 545 CA9 DB9 ECA FED 989 636 747 646 645 645 645 646 645 646 756 857 978 989 A8A A9B BAB DCD FFE FFF FFF FDC ECA EBA EBA ECA DCC DDD FFF EED FED FFF EEE EDE DCD CBD DCD DCD CBD BAC A8B A8B A8B A8B BAC CBD DCE CBD A9B A8A E99 E98 D98 867 CBD EEF FFF FFF FFF FFF FFF FFF FFF FFF FFF FFF FFF FFF FFF FFF FFF FFF FFF FFF AAA AAB FFF FFF FFF FFF FEF DCC EBA EC9 FC9 FC9 FC9 FC9 EC9 DB9 DBA FCB FEE FFF FFF FFF FFE ECC CBB BAA BAA EDD FEF FFF FFF FFF 
BA6 ED7 FE7 FE8 ED7 ED7 EB7 FD7 ED7 FE7 EC7 D96 EC7 EC7 EC7 DB6 DC7 FE8 FD7 FE7 ED7 ED7 FE8 ED7 DB6 CA6 CA6 EC7 FFD FFF FFF FFF FFF FFF EEE CCC CCC 777 777 989 AAB EFE FFF FEE FFF EEE 969 736 736 736 736 736 626 625 525 424 113 213 213 213 213 213 325 325 324 325 325 325 325 325 325 325 325 325 325 325 325 325 536 325 436 324 224 325 213 324 324 213 213 324 977 DB9 EBA CA9 545 646 646 878 CBB B99 865 865 976 B98 CA9 CA9 CA9 DBA EED FFF FFF FFF FFE FED FDC EBA EA9 EBA EBA ECB CCC FFE FFF FFF EDE EDE ECE ECE DCE DCE DCD BAC B9C A9B A9B A9B A9B A9B DCD DCE DCE DCE B9C A8A D9A E9A E99 978 CBD FFF FFF FFF FFF FFF FFF FFF FFF FFF FFF FFF FFF FFF FFF FFF FFF FFF FFF FFF FFF 888 AAA EDE EDE EDF FEF FEF FEF EDD ECC ECA EB9 DA9 CA9 CAA DBA FCC FEE FFF FFF FFF FEE ECC CBA BAA CAA EED ECC FEF FFF FFF 
CA6 ED7 FE7 FE8 ED7 ED7 EB7 EC7 FD7 ED7 FD7 EA7 D96 EC7 DB6 EB6 CA6 DB6 FD7 FD7 FE7 ED7 FE8 FE8 ED7 DB6 CA5 DA6 ED9 FFF FFF FFF FFF FFF FFF DDE FFE EEE EEE FFF FFF FFF FFF FFF FEE FFF EEE 969 737 736 736 736 736 736 524 213 224 213 213 213 213 214 325 325 324 325 325 325 325 325 325 325 325 325 325 325 324 435 425 325 325 325 113 224 213 325 224 213 213 213 646 DA9 977 434 435 647 646 CCC DCB 976 976 B97 DB9 DB9 EBA EBA EBA FDB FED FFE FFF FFE FDC FCB EA9 E88 FA9 FDB FDB EDC CCC FFF FFF EDE ECE ECE ECE DCE DCD CBD BAC BAC A9B BAC DCD EDE EEE CBC DBD DCE DCE DCE B9C 98B B9A E9A D99 A89 DCE FFF FFF FFF FFF FFF FFF FFF FFF FFF FFF FFF FFF FFF FFF FFF FEF EEF DDE CBD BAD A8C 658 768 CBD EDF FEF FEF FFF FFF FFF DCC B99 B99 BA9 CAA DBA ECB FDD FFF FFF FFE FDC DBB BAA BAA CBB FFF EBA DBB FFF FFF 
CA6 ED7 FE7 FE7 FD8 EB7 EC7 D97 ED7 EC7 ED7 EC7 D97 DA7 EB7 DA6 DA6 C95 EB7 FD7 FD7 FD7 ED7 FE8 FE8 ED7 DB6 CA6 DB6 FEC FFF FFF FFF FFF FFF EFF FFF FFF FFF FFF FFF EFF FFF FFF FFE FFE FFF DCC 636 637 636 625 525 525 424 324 224 213 213 213 213 224 325 325 325 325 325 325 325 325 325 325 325 325 325 425 325 324 325 325 325 325 214 112 213 325 213 213 213 213 424 756 545 434 535 647 757 CBB A87 976 BA8 DB9 DB9 DB9 DB9 DB9 EBA ECA FDC FDC EBA ECB FEC FEC FCB EA9 E98 FCA FCA EDC DDD FFF FFF FFF EDE EDE EDE DCE CBC DDD EEE EEE DDD FFF FFF FFF FFF FFF DCE DCE DCE DCE B9C 98B A79 B78 B68 A79 EDE FFF FFF FFF FFF FFF FFF FFF FFF FFF FFF FFF FFF FFF EDF CBD B9D A8C 98C 97C 98C A8C B9D 879 767 BAB EEF FFF FFF FEF DBB A99 A99 B99 BA9 CAA CAA CAA EBB EDC FDD ECC DBB CAA BAA BAA EDD FFF FCA D97 FED FFF 
CA6 ED7 FE7 FE7 FE8 EA7 EB7 D96 EA7 FD7 EC7 FC7 EB7 D87 EA7 D97 D96 C96 C96 EC7 FD7 FD7 FD7 FD8 FE8 FE7 FD7 DB6 CA6 DB8 FFE FFF FFF FFF FFE EDD EDC EDB EDC FEE FFF EEE FFF FFF FFF FEE FED 978 324 535 636 647 647 536 425 424 213 213 213 213 213 324 325 325 325 325 325 325 325 325 325 325 325 325 325 436 324 213 324 325 325 325 325 113 213 325 213 113 112 213 213 546 977 424 536 647 868 B98 975 B97 DB9 EB9 EB9 DB9 DB9 EBA EBA ECA FCB FCB FDB FEC FDB E88 E98 E98 EA8 FCA FEC EDD DDD FFF FFF FFF FFF FFF FFF FFF DBB ECB FED EEE FFF FFF FFF FFF FFF FFF FEF DCE DCE DCE BAC A8B 97A A79 A68 A79 EEF FFF FFF FFF FFF FFF FFF FFF FFF FFF FFF FFF FFF FFF EDF DCE DBE CAE B9D A8C A8C A9C B9C DBC DCC CBB A9A AAB EEE DCC A88 988 A89 A99 B99 B99 A99 A99 B99 CAA CBA CBA BAA BAA BAA DDC FFF FFF ECA E97 DBA FFF 
CA6 EC7 FD7 FE7 FE8 EB7 E97 EA7 D87 EB7 EC7 EB7 FB7 E97 D87 DA7 E98 D96 C96 DA6 FC7 FC7 FD7 FD7 FE8 FE7 FE7 FE8 EC7 DB6 DB8 EDB EDB DC9 DB8 DB9 DBA DCA DCA CB9 DCC DDD DEE FFF FFF FFF CBC 435 424 536 434 323 324 323 435 324 213 214 213 213 213 324 325 325 325 325 325 325 325 325 325 325 325 535 325 325 324 213 213 325 325 325 325 224 112 213 113 213 112 213 213 646 545 324 546 647 877 976 B97 DB9 DB9 EBA EBA EBA EBA EBA EBA EBA FDB FFC FFC FFC E98 E88 E99 E88 FCA FFC FFD EED DDC FFF FFF FFF FFF FFF FFF FEE EAA FEC FEC EDC EDD FFF FFF FFF FFF FFF FFF DCE DCE DCE BAC A8B 98B 98B 97A B9A FFF FFF FFF FFF FFF FFF FFF FFF FFF FEF EDE FFF FFF FFF FFF FEF EEF EDF DCF DCE CAE BAC DBB FDD FEE FFE FDC A99 BAA A99 988 988 988 A88 A88 988 988 978 988 A89 A99 B99 B99 BAA EDD FFF FFF FFF ECB EA7 D97 FEE 
DA6 DC7 FD8 FD7 FE8 FC8 E87 EA7 D97 E97 EB7 EB7 FB7 EA7 E87 E97 EA8 EA8 D86 C96 EB7 FC7 FD7 FD7 FD8 FE8 FE7 FD7 FE8 FE8 EC7 DB8 ECA EDC FEE FFF EEE DDD CCD DDD BA9 AAA EEE FFF FFF EEE 656 424 535 536 424 323 323 323 757 324 213 224 213 213 213 324 325 325 324 325 325 325 325 325 325 325 325 645 645 325 325 214 213 224 325 324 324 325 113 112 113 113 112 213 213 325 324 435 647 647 977 A87 EDC EDB DB9 DB9 EBA ECA ECA EBA EBA ECA FFC FFC FFD FDB E98 FBA EA9 FCA FFD FFD FEC EBA DCC FFE FFF FFF FFF FFF DCE DCC EA9 FEC FFD DCD DBC EBB FED FFF FFF FFF FEF DCE DCE DCE BAC 98B 98B 98B 97A BAC FFF FFF FFF FFF FFF FFF FFF FFF FED FDC EDE CBD DCE FFF FFF FFF FFF FFF FFF FFF FEF DBC DCB DBC CBE EDE FDD DCB BA9 988 988 988 988 988 988 978 878 878 878 988 A89 BAA DDC FFF FFF FFF FFF EDD ECB EA7 E97 ECB 
DB6 DB7 ED7 EC7 FD8 FD8 E97 E97 DA7 E98 EA7 EB7 EA7 EA7 D97 E98 D97 ECA EA8 D86 DA6 FC8 FC7 FD7 ED7 FE8 FD7 FD7 ED7 FE8 FE8 ED9 EDB EEC FED FEE FEE CCC DDD EEE CA9 DB9 FFF FFF FFF A9A 424 435 636 535 434 424 323 434 868 425 324 324 213 213 213 324 324 425 745 325 325 325 325 325 325 325 325 425 A67 535 425 324 213 213 325 425 224 325 224 112 112 113 112 213 213 325 324 435 647 757 875 BA9 FFF FFE EDB DB9 EBA ECA ECA EBA ECA FEC FFC FFC FFC FEC FCB FBA FDB FEC FDC FCA EA9 DA9 DBB DDD FFF FFF FFF EDE DCE C9A FA9 FEC EDC DCD DCD FBA FCB FEC FED FFF EDE DCE DCE DCE A9C 98B A8A A9A B9A DCD FFF FFF FFF FFF FEE EDC ECB FC9 FC9 ECA FFF FEF CBD BAD EEF FFF FFF FFF FFF FFF FFF DCB CBA DBD DBE EDF FFF DCC CBA A98 988 988 988 988 978 878 877 878 989 BAA DDD FFF FFF FFF FFF FFF FDD DBB ECC EA8 EA7 DA9 
DA6 C96 EC7 DB7 EC7 FD8 EA7 EA8 E97 EB9 E98 EA7 EA7 E97 E97 EB9 FBA EB9 FDB EA9 D96 EB7 FC8 FC7 EC7 ED8 FE7 ED7 ED7 ED7 FD8 FE8 FE8 EC8 DB8 DB8 EB9 DB9 DB9 EDB DB9 DBA FFF FFF EEE 756 424 535 636 424 535 534 423 757 636 324 324 324 214 213 213 324 324 535 B77 647 536 436 436 425 324 324 545 325 967 B77 435 425 213 213 324 435 324 324 325 213 112 112 112 213 213 325 325 536 647 877 A87 DCB FFF FFF FFE EDB EBA EBA ECA EB9 FEC FFC FFC FFC FFC FEC FBA FBA FCB FDC ECB EBA EBA ECB ECB CAA EDE FEF FEF DCE DCE D9A F98 FEC EDC DCD DCD EBB FCA FEC FFC FEC EDD DCD DCE DCD A9B 98B B9B ECA DBA DDD FFF FED ECC ECA FC9 FC9 FC9 FD9 FC9 ECB FFF FFF FFF EDE BAD DCE FFF FFF FFF FFF FFF DCC CBA DCE DCE DCE FFF FEE BA9 BAA A88 988 978 878 878 988 A99 CBB EDD FEE FFF FFF FFF FFF FFF FDD DCB CBB CB9 DA7 EA8 EA8 
DA6 C86 EB7 DA6 EB7 FC8 EB7 EB9 FB9 EA8 FCA EA8 E97 E97 E97 EB9 FEC FCA FDB EDB DA8 EA7 FC8 FC7 EC7 EC7 FE8 ED7 EC7 ED7 EC7 EC7 FE8 FE9 FD9 EC8 EB8 EB8 EB8 EC8 EB8 ECA FFE FFF CBC 535 434 646 535 434 646 424 777 979 424 323 324 324 213 213 213 324 324 746 D87 968 536 425 325 325 324 324 856 425 656 ECA 966 435 434 424 324 435 425 213 325 324 112 112 112 213 213 425 425 536 868 A98 986 EED FFF FFF FFF FFF FDC ECA EBA ECA FFC FFC FFC FFC FFC FCB EA9 FDC FFF FFF FFF FDC FCB FFF FFF FEE EEE EEE EDE CBC BBC DBC E98 FCB ECC DCD DCE DBC FBA FEC FFD FFD FFC FEC EDC CBD A8B 98B DCD FED CA9 CA9 ECA FCA FC9 FC9 FC9 FC9 FC9 FD9 FC9 EDD FFF FFF FEF FEF ECE A9C CBD FFF FFF FFF FFF EDD CBA DCD DCE DCE FFF FFF A88 A88 CAA BAA A99 A99 BAA CBB DCB ECC ECC FDD FED FFE FFF FFF FDD ECB DBB CAA 977 988 EB9 EB9 
DA6 C86 EA7 DA7 EA7 FB8 EB7 EA8 FEB EA9 EC9 FDB EA8 EB9 FDA FDB ECA A87 544 333 643 B75 FB8 FC7 EC7 DB7 ED7 FE8 ED7 DB7 DB7 DB7 DB7 EC8 FE9 FE9 EC9 EB8 EB8 EB8 FC9 FC9 FDA EED B8A 535 535 646 535 535 646 656 CCC 756 424 324 424 324 213 213 113 213 213 856 EA9 856 325 325 325 325 224 224 966 746 435 EDB EB9 746 535 645 434 435 535 223 324 325 213 112 112 213 213 435 435 546 BBB B98 A87 EEE FFF FFF FFF FFF FFF EDC CA9 FDB FFC FFC FFC FFC FDB FA9 ECC FFF FFF FFF FFF FEE FFF FFF FFF FFF FFF FFF EEE 657 334 A9B C88 EA9 EBB DCD DCE DCD DBA FDB FFD FFD FFD FFD FFC EDC CAB B9B FEF FEE EB9 FB8 FC9 FC9 FC8 FC9 FC9 FC9 FD9 FC9 EB9 FFE FFF FFF FFF FEF EDF DBE A8C BAD FFF FFF FFF FEE CBA DCC DCE CBE EEF FFF DCC 864 A98 BAA BAA BAA CAA CBA CBB DBB DCB ECC FDC FDD FFF FFF FDD ECC DBA A87 556 789 CBA CBA 
DA6 C86 E97 EA7 D97 EA7 EA7 EA7 FDB FEB FCA FEB FEB FEB FEC FBA A76 433 124 235 778 966 EA7 FC8 FC7 DB7 DB7 FE8 FE8 ED7 CA6 B96 C97 CA7 DB8 EC9 EC9 EB9 EB9 EB8 EC9 FD9 FD9 CA9 636 535 646 636 534 646 646 CCC CBC 524 424 324 425 324 213 113 112 113 113 966 FCA B77 425 325 425 425 324 224 856 B77 435 CBA FEC C88 645 756 755 535 636 424 213 324 213 445 545 213 224 435 435 989 FFF BA9 A87 EED FFF FFF FFF FFF FFF EEE BAB DA9 FBA FBA FBA FA9 D99 B8A CCD EDE FEF FFF FFE FFF FFF FFE F88 FDD FFF FFE 878 223 435 445 98A C9A DAA CBC CBC DCE CBC EBA FFC FFC FFC FFD FFC FFD FFC ECB FDD ECC EB8 FB8 FC9 FB8 FC8 FC8 FC9 FD9 FC9 FC9 ECA FFF FFF FFF FFF FFF FEF EDF CBE A8C BAD FFF FFF FFF ECC DBA DCD DBE DDE FFF FFF CAA A98 CBB BAA BAA BAA CAA CBA CBA CBB CBB DBB ECC FEE FFF FEE ECB B97 556 347 569 BAA CBA 
DA6 C86 E87 EA7 D97 D96 EA7 EA7 EC9 FFC FEC FEB FEC FFC FEB EA9 A76 557 347 458 468 988 EA8 EB7 FC8 EC7 CA6 DC7 FE8 FE8 ED8 CA7 B86 B87 B98 CA9 DBA ECA ECA ECA EB9 FD9 FD9 967 535 535 646 635 535 746 A9A FFF 978 434 424 424 425 324 213 113 112 113 213 B87 FDB EA8 645 425 435 435 425 324 756 EA9 745 A99 FEC ECB A67 756 B77 645 646 535 213 324 213 324 A98 223 324 425 768 EEE FFF CBA 975 DCB FFF FFF FFF FFF FEE EDC FEE FEE FDD ECC ECC FDD EDE DCE CBD CBD CBC EDD FFE FFF FFF FEE F76 FAA FFF DDD 435 335 334 324 557 A9B 768 334 334 BAB CBD DAA FEC FFD FFC FFD FFD FFC FFD FFC FBA EA8 FB8 FB9 FB8 FB8 FC8 FC9 FD9 FC9 FC8 FC9 ECB FFF FFF FFF FFF FFF FFF FFF EDF BAD A9D CBE FFF FFF FFF ECC ECC DBD DCE FFF FFF FFF FFF EEE CBB BAA BAA BAA BAA BAA BAA BAA CBA ECB FEE FFF FED CA8 667 358 457 558 A99 CBA 
CA6 C86 E88 E97 D97 D86 E97 E97 EB9 FEC FFC FFC FFC FFC FFC ECA DBA 668 347 235 346 777 EA8 EB7 FC8 EC8 C97 C96 ED8 FE8 FE8 FD8 EC8 DA8 DB9 EDC FFE FFF FFF FFF FED FD9 DC8 645 535 536 646 535 635 968 EEE DDD 656 999 434 424 424 324 213 113 213 223 213 C98 FEC FCA A66 435 545 535 535 425 756 ECB A77 878 EDB EEC EBA 966 B99 966 646 646 323 324 213 113 777 334 324 767 EDD FFF FFF EED A98 A87 EED FFF FFF FED FCB FCB A99 BBB DCC DDD CCC BBB AAA 999 989 989 989 CBC FBB FEE F88 FA9 FFF FEE FFF DCD 667 546 335 213 113 223 223 223 223 657 CCD CBC ECB FFD FFC FFC FFD FFD FFD FFD FCA EA8 FB8 FB8 FB8 FB8 FC8 FD9 FD9 FC8 FD9 FC9 CAC DCE EEF FFF FFF FFF FFF FFF FEF DCE B9D B9D DCE FFF FFF FFF FED ECC CBC FFF FFF FFF FFF DDC DCC CAA BAA BAA BAA BAA BAA BAA BAA DBB FDD FFC DDA 78A 46A 458 457 557 A99 CBA 
C96 C86 E98 EA9 E97 D97 D97 EB9 FDB FFC FFC FFC FFC FFC FFC FEC FFD AAA 578 8AA 8AA 998 DA8 EB7 FC8 EC8 B96 B96 DA7 ED8 FE9 FE9 FD9 EC9 EC8 EB9 EDB FFE FFF FFF FFE FDA B97 535 535 646 646 535 646 A89 EED A89 CBB DCD 434 424 424 324 213 113 323 534 324 DA9 FEC FEC E98 756 746 746 646 635 756 EDB DA9 867 EDB ECA A87 533 544 644 634 746 424 324 324 213 324 223 656 EDC FEC FFE FFF FFF CBB A86 B98 EEE FED ECB FCA FDB CCB CCC CCC CCC DCC DDD EEE EEE FEF FFF FEF EDD FCC FCC F99 F98 FFF FEF EDE FEF FFF EEE CCD 98A 446 112 224 334 335 446 BAC CBD DBB FFC FFC FFC FFD FFD FFD FFD EB9 EB8 EB8 EA7 FB8 FC8 FC9 FD9 FC9 FC9 FD9 EB9 CBD DBE DBE DCE FEF FFF FFF FFF EDF ECE CAE BAD BAD EDF FFF FFF FFF FED DBB DBB CBB DCB DCA 975 CBB DCB BAA BAA BAA BAA BAA BA9 BA9 CA8 DC9 BDB 7AE 68D 57A 469 458 557 988 888 
C96 C96 E87 FDB EB9 E98 D98 EBA FDB FEC FFC FFC FFC FFC FFC FFC FFC EED ABB DCC CBA DBA DA7 EB8 FC8 EC8 B97 B86 CA7 DA7 EC8 FE9 FE9 FD9 FD9 EC9 EB8 ECA FFF FFF FFE FDA 866 435 536 646 646 535 746 CA9 CA9 DCC FFF DDD 534 424 424 324 213 113 434 755 434 DBA EEC EEC ECA C88 756 A67 746 746 756 DCB FDB B88 DA9 955 323 325 546 877 534 746 434 324 324 213 213 213 BAA FFD FEC FED FFE FFF FFF BA9 976 BA9 ECB FDB FDC FEC EDC FFF FFF FFF FFF FFF FFF FFF EDD CB8 DDC EDD FED FCB FDD FFF FEE EDE FFF FFF FFF FFF FFF EDF CBD 879 435 324 223 223 AAB DCE CBB FEC FFC FFC FFC FFC FFD FEC EA8 EB8 EA7 FB7 FC8 DA7 C96 EC8 FC9 FD9 FC9 EBA DCE DBE DBE DBE DCE EEF FFF FEF EDF DCE CBE BAD BAD CAC EEE FFF FFF FFF DCE DCD CA9 B95 DB5 A75 DDC 998 876 987 987 987 977 876 877 78A 7AD 8CE 7AE 69D 57B 569 558 558 778 789 
B85 C96 D87 FDB DB9 754 433 423 A87 FEC FFC FFC FFC FFC FFC FFC FFC FFC FEC ECA FCA FB9 EA7 FB8 FC8 EC8 B97 B97 CA7 CA7 DA8 DB8 ED9 FD9 FDA FDA FDA EC9 EDC FFF FFE EC9 644 535 536 636 636 635 977 ECA ECA FDB FFE EDD 535 424 424 323 224 213 534 A77 645 DCA EDC EDB EDB EA9 B78 966 B77 856 756 CBA FEC DA9 B88 856 327 226 226 989 A88 746 535 424 324 213 213 546 EEC FED FEC FEC FED FFE FFF EED A97 976 ECA FEC FEC FFD EDC EDE FFF FFF FFF FFF FFF FFF DDC B96 DDC EDE FFD FFE FFE FFF EDE EDE FFF FFF FFF FFF FFF EEF DCE DCE A9B 546 435 546 BBC CBD BAC EDC FFD FFC FFC FFC FFD FCB EA8 EA7 EA7 FC8 FC8 C96 CA6 EB8 FD9 FD9 FC8 ECB FFF EEF DCE DBE DBE DCE DCE DBE CBD CAC DAB DAA EB9 EB9 DBB FFF FFF FFF EDF EDE FFF ECB DB6 A75 CBA 99B 457 457 457 457 457 458 469 58C 69D 7AE 7AE 68D 57A 569 568 679 89A 999 
A75 B86 D87 EBA 755 666 225 347 678 CBA FFC FFC FFC FFC FFC FFC FFC FFC FEB FDB FCA EB9 EA8 FB8 FD9 FD9 B97 B97 DB8 DA8 C97 C97 DA8 DB8 DB8 DB8 EB9 EB9 EB9 FDC FED DA9 424 535 536 636 636 636 B99 FDB FDB FCB FDC EDD 646 424 424 324 214 213 534 D98 867 DCA BB9 B98 C98 EA9 EA9 B88 C88 B87 956 A88 FEC EDB DBA 768 226 114 214 335 BAA 867 746 434 324 213 213 988 FEC FEC FDC FDB FDB FDC FED FED B98 975 DB9 FDB FEC FEC FDC DCD FFF FFF FFF FFF FFF FFF FFF EEE FFF EDE FFD FFE FFF FFE DCD DCE FEF FFF FFF FFF FFF EDE DCE DCE DCE CBD 99A 98A BAC BAC A8B CAA FEC FFC FFC FFC FEC EA9 EA8 EA7 FC8 FC8 FD9 FC9 FC8 FC9 FD9 FC9 FC8 EDC FFF FEF DCE DBD CBC CAB DAA DA9 EB9 FC8 FC8 FC8 FC9 EB8 B9C DCE FFF FFF EEF DDE FFF FFF DB9 C96 B86 A87 779 568 457 457 457 458 469 57A 68C 69D 69D 68B 57A 569 569 68A 89A CC8 
B85 A75 D87 C88 976 777 247 346 346 567 FEC FFC FFC FFC FFC FFC FFC FEC FEB FDB FDB FCA EB8 EB8 FD9 EC9 B87 B88 CA8 EB9 DB9 C98 DA8 DB9 EBA EBA EBA EB9 EA8 EA8 FCB B98 324 535 535 636 636 746 DBA FDB FDB FDB FDB FED 767 424 424 324 213 214 645 EA9 B98 433 333 223 313 644 C98 EBA CAA EBA D99 A78 EDB FEC FEC 878 215 225 326 436 DCB 977 966 535 324 213 213 877 ECB ECA ECA EBA ECA FCA FDC FDC B97 975 DB9 FDB FDB FEC FEC DCD EDE FFF FFF FFF FFF FFF FFF FFF FFF EDE FFE FFF FFF FFF DCD DCE DDE FFF FFF FEF EDE DCE DCE DCE DCE DCE CBD CAD BAC A8B B9A C88 E98 FA9 FBA FBA FA9 D97 EA7 FC8 FC8 FD9 FD9 FC8 FC8 FD9 FC9 FC8 FC8 ECC DCD DBC DAA EB9 EB9 FC8 FC9 FDA FC9 FC9 FC9 FC8 FC9 C9A BAD CAD EEF FFF FEF DCE FFF FFF FFF DCB CA7 DB6 A97 88A 668 668 568 558 568 569 57A 68B 68B 67A 569 668 679 679 A97 AA7 
DA6 A75 B86 D98 B87 999 346 346 578 789 DDB FFC FFC FFC FEC FFC FFC FFC FEC FEC FEC ECA EB8 EB8 FD9 DB8 A77 A88 CA9 ECA ECA ECA EBA DB9 EBA EBA FCA FCA EB9 EBA ECB A88 323 535 535 536 536 867 ECB FDB FDC FEC FED FFF 989 424 424 324 213 324 534 DA9 A87 766 878 326 216 114 878 FDB FDB EDB FDB ECB DBA EEC FFC CCB 647 969 B7A 968 ECB A88 B77 745 324 214 213 766 DB9 DA9 DB9 DB9 EBA FDC FFE DCC A86 A87 ECB FDB FDB FEC FED EDD EDE FEF FFF FFF FFF FFF FFF FFF EEE DCE EEE FFF FFF FFF EDE DCD DCE EEF FEF DCE DCE DCE DCE DCE DCE DCE CBD BAC A9B B9A DA9 E98 FA9 F98 F98 F98 E98 EA8 FC8 FC8 FC9 FD9 FC9 FC8 FC9 FD9 FC8 FC9 FC8 EB9 EC9 FC9 FC8 FC9 FC9 FC9 FDA FC9 FC9 FC9 FC8 FC9 EB9 B9B BAD B9D CBE FFF FEF DCE FFF FFF FFF FFF EDC EC7 DB6 B99 99B 889 779 778 668 568 679 679 57A 569 656 975 876 876 767 877 
DA6 C96 A75 DA8 ECB EED 678 689 CDC BBB DDB FFC FFC FFC FEC FFC FFC FFC FFC FFC FEC EC9 FC9 DA8 EC9 CA8 B88 B88 C98 EDB EA9 E98 EB9 FDB FDB FCB EBA FDC FDB FED FDC 988 323 535 535 536 535 978 FDB FDC FEC FFD FFF FFF CBB 434 535 324 323 324 313 977 B88 B99 868 327 225 215 557 EDB FEC FEC FEC FEC FEC FEC FEC FEC CAA B79 C89 D99 FB9 B88 C88 535 324 324 213 766 DB9 DA9 EB9 EBA FDC FFE EDD B98 986 DCB FFD FED FEC FFD FFD FFD DCC DBC EDD FED FDD ECC EDD FFE FFE FFE FFF FFF FFF FFF FFF FEF DCD EDE EDE DCE DCE DCE DCE CCD DCD DCE CBD A9C A8B CA9 DA8 E98 FA9 F98 F98 F98 EA8 FC8 FC8 FC9 FC9 FC9 FC8 FC9 FD9 FC8 FC8 FC8 FC8 FC9 FDA FC9 FC9 FC9 FC9 FDA FC9 FC9 FC9 FC8 FC9 FCA DA9 B9C BAD B9D BAD EDF EEF DCE FFF FFF FFF FFF FFF EDC DB9 EDD EEE CBC 99A 88A 779 678 668 568 557 655 964 A75 A75 976 667 767 
C96 CA6 B85 A86 DCA FFC EED CBA CBA DBA FEB FFC FFC FFC FFC FFC FEC FEC FFC FFC FEB EC9 FD9 DB8 DA8 B98 B99 B99 C99 FDB EBA EA9 EA8 EB9 FBA FDB EB9 ECB FED FFE FEE 878 324 535 535 536 535 A88 FEC FEC FFE FFF FFF FFF EDD 646 757 424 324 323 324 434 BA9 CAA A89 225 214 214 426 CCB FEC FEC FEC FFC FFC FFC FEC FEB FCA EA8 EA8 FA9 FB9 CA9 C99 989 435 324 214 866 DB9 DB9 EBA FDC FED CBB A98 A87 CBB FFE FFE FFE FFE FFE FFE FFE EDC EB9 E98 E88 E88 E87 FDD FFF FFF FFF FFF FFF FFF FFF EDE DCE DCE DDE DDE DCD EEE FFF FEF DCD DCE DCE CAC A9B A8B DA9 D98 FA9 FA9 F98 F98 EA8 FC8 FC8 FC8 DA7 C96 EC8 FC8 FD9 FC9 FC8 FC8 FC8 FC8 FDA FC9 FC8 FC9 FC9 FDA FC9 FC9 FC9 FC9 FC9 FCA FC9 C9A BAD BAD B9D A9C CBE DCE DCE FFF FFF FFF FFF FFF FFF FFF FFF FFF DBB A88 988 987 865 754 754 753 A74 B95 B95 B95 776 666 989 
A85 B96 B96 A75 A86 DCA FEB FCA FCA FCA FEB FFC FFC FFC FFC FDB E99 FBA FEC FFC FEB EC9 FD9 FD9 CA8 DBA C99 C99 CA9 ECB FDB ECA FB9 EB9 E98 E98 EA8 FCB FDC FFE FFF 878 424 435 535 536 535 BA9 FEC FFE FFF FFF FFF FFF FFF 878 767 545 324 323 324 323 756 EDB EDC 557 537 96A 969 DCB FEC FEC FEC FFC FFC FFC FEC FEB FCA FB9 FB9 FBA FCA EBA DBB EEE 657 325 324 877 DB9 ECA FDC DCC BAA A98 B99 DDC FFF FFF FFF FFF FFE FFE FFE FFF FED FDC FDB F98 E88 E87 ECC FFF EEE EEE FFF FFF FFF EEE DCD DCE DCE DCE DCE DCE DCD EEF FFF EDE DCE DCE BAC A8B B9A DB9 EA9 FA9 FA9 E98 EA8 FC8 FC8 FC8 FC9 C96 CA6 EB8 FC9 FC9 FB8 FB8 FC8 FC8 FC9 FD9 FC8 FC8 FC8 FC9 EB8 FC8 FC9 FC8 FC9 FCA FC9 EB8 BAC CAD BAD BAD A9C CAD CBE DCE FFF FFF FFF FFF FFF FFF FFF FFF EDD B88 A87 A77 975 854 854 853 A85 DC6 FD6 EC6 A96 457 887 DBB 
A85 A75 A85 A85 A75 A86 EB9 FCA FCA FDB FEC FFC FFC FFC FFC FDB E99 FBA FEC FFC FFC EC9 EC9 FEA EDA EDC EDC C9A DBB FDC FCB FEC FEC FEC FEC FDB FCB FDB FDB EDC FEE 767 435 435 435 536 536 BAA FFD FFF FFF FFF FFF FFF FFF CBC 646 878 434 323 323 324 323 988 EEC DBB A79 C8A D9A FCA FEB FEC FEC FEC FFC FFC FFC FEC FDB FDB FDB FDB FDB ECB EDC EEE 878 425 425 987 DB9 DCB BAB BAA B99 CCB FEE FFF FFF FFF FFF FFF FFF FFF FFF FFF FFE FDC FFC FDB FA8 E87 EAA FFF FFF FEE EEE FFF FFF EEE DCE DCE DCE DCE DCE DCE DCD DDE FEF EDE DCE DBD B9B A8B CAA EBA FA9 FA9 E98 EA9 FC9 FC8 FC8 FC9 FD9 FC8 FC8 FB8 EB8 EA7 EA7 FB8 FB8 FC9 FC9 FC8 FC8 FC8 FC9 CA7 B95 EB8 FC9 FC9 FCA FC9 FC8 DA9 CAD CBE BAD B9D A9C BAD DBE DCE FFF FFF FFF FFF FFF FFF FFF FFE CA9 B88 A88 A87 964 964 864 A85 EC6 FF7 ED7 996 347 667 ECC ECC 
B96 A85 A85 A76 A75 A76 B87 FCA FDA FEB FFC FFC FFC FFC FFC FFC FEB FEC FFC FFC FDB E98 C99 DCA FEB EDB EDD DBB DCB CBB DBB ECA FEC FEC FFC FEC FEC EDC DCC CBB BAA 656 545 435 435 536 536 BAA FFF FFF FFF FFF FFF FFF FFF DDD 656 CCC 878 324 323 323 324 434 CA9 FCA EB9 EA9 EA9 FBA FDB FEC FEC FEB FFC FFC FFC FEC FEC FEC FEC FEC FEC DCB CBD CBD 979 436 436 BBB EED BAB A9A B9A DCC FEE FFF FFF FFF FFF FFF FFF FFF FFF FFF FFF FFE FDC FFC FFC FDB FA9 E98 FFE FFF FFF FFF EEE FEE FFF EEE DCD DCD DCE DCE DCE CCD DCD DCD DCD DCD BAC A8B B9B EDD EBA FA9 EA9 EA9 FC9 FC8 FC8 FC9 FD9 FC8 FB8 EA7 EA7 D86 D86 E96 EA7 FB8 FC9 FC8 FC8 FC8 FC9 FD9 DA7 DA7 FC8 FC9 FCA FC9 EB9 878 656 88A BAC B9D B9D A9C A9C DBE DDE FFF FFF FFF FFF FFF FFF FFF ECC B98 B98 B88 A87 767 975 A85 CA6 BB6 996 567 347 457 CCC FFF ECC 
B96 B86 B86 B86 A86 A86 A86 CA8 FEB FFC FFC FFC FFC FFC FFC FFC FFC FFC FFC FDB E98 E87 D88 CBC DCC EDB CBC BAB 866 322 766 DBB EBA FCB FDB ECB DCB CBB DCC EDD EEE 989 767 435 424 535 535 AAB FFF FFF FFF FFF FFF FFF FFE A99 A9A AAB A9A 424 324 323 323 323 755 DA9 EA9 FA9 FA9 FBA FDB FEC FEC FEC FEC FFC FFC FFC FFC FFC FEC FEC EDB CBC DBE DCE B9B 536 547 DDD FFF A99 DBC EBB FEC FEC FED FEE FFF FFF FFF FFF FFF FFF FFF FFF FFF FDC FFC FFC FEC FDC EA9 ECD EEE EEE EEE EDE DCC EDD EDD EDD CBC CBD DCE DCE DCE DCE DCD CBD BAC A9B A9B DCC FDD EA9 FA9 EA8 FC9 FC9 FC8 FC8 FD9 FC9 FC8 FB8 EB8 EB8 EA7 EA7 EA7 FB7 FC9 FB8 FC8 FC8 FC9 FDA FC9 FC9 FC9 FC9 FCA FC9 FC9 FC9 868 113 113 335 447 769 98B A9C DBE EDF FFF FFF FFF FFF FFF FFF FEE DAA C99 B99 B98 879 67A 778 666 457 347 347 347 557 CCC FFF FED FCB 
B96 CA7 B96 DA7 DA7 CA7 B87 B87 CA9 FDB FEC FEC FFC FFC FEC FEC FEC FEB ECA D87 E87 E87 D99 CBC FEE EDC CBA 656 311 311 422 A98 ECB ECB DAA CBB BBB EEE FFF FFF FFF AAA 768 546 424 535 535 767 EEE FFF FFF FFF FFF FFF BAA AAA DDD 868 535 424 324 323 323 213 323 A87 EA9 FA9 FB9 FCA FEB FEC FEC FEC FEC FEC FDB FEC FFC FFC FFC EDB CAB CBD DBE EDE CBC 537 658 EEE EDD A99 ECD FDB FFC FFD FFD FEC FED FFE FFF FFF FFF FFF FFF FFF FFF FDC FEC EDC EDD DCD DBD CBD DCD DCD DCD CBD B9B CAB DCC DCC DCC CBB CBD CBD CBD CBD BAC B9C A9B A9B B9A ECB EBA EA9 EA8 FC9 FC9 DA7 B86 FC9 EB8 EC8 FC8 FC9 FD9 FC8 FC8 FC8 FC8 FC9 FC9 FC8 FC8 FC9 FDA FC9 FC9 FC9 FC9 FCA FC9 FC9 EA8 D97 A77 235 113 224 235 235 336 668 BAC EEF FFF FFF FFF FFF FFF FFF EDC CAA CA9 C99 A88 889 89A AA7 767 666 656 556 777 DCC FFE DCC B88 C99 
B96 CA9 C97 DA7 EB8 EB8 DA8 C97 C98 C98 CA9 CA9 DBA EDC EDC DBA D98 C87 C77 D87 E87 E98 DAA CBD DDE DDC 765 211 322 545 766 433 987 ECB DCC AAA EEE FFF FFF FFF FFF CCC 778 868 324 435 536 424 778 EEE FFF FFF FFF BBB 767 989 757 535 535 435 424 424 323 323 213 534 DA9 FCA FDB FEB FEC FEC FEC FEC FDB FDB FDB FEC FEC FFC FEB CAB BAD CBD DCE FEF BAB 436 98A FFF BBB BBB ECC FEC FFC FFD FFD FFD FEC FDC FFE FFF FFF FFF FFF FFF FFF DCC DCD DCD DCD DCD DCD DCD DCE DCE DCE DCE CBD B9B CBB CBB CBB CBB BAB A9B A9B A9B A8B A9B A9B B9B DA9 EB9 E98 EA8 FC9 FC9 EB8 733 854 DB8 B95 CA6 FC9 FD9 FC9 FC8 FC8 FC8 FC9 FC9 FB8 FC8 FC8 FC9 FC9 FC9 FC9 FC9 EB9 EB8 EA8 D97 D87 D98 A79 447 113 224 224 235 235 235 336 99A EFF FFF FFF FFF FFF FEE DBB CAA CAA B99 779 78A AA8 997 667 556 456 789 CBB DCB DAA B78 B68 B68 
B96 DB9 DA8 DA7 EB8 EB8 EB9 DA8 ECB ECA C99 C99 B99 DCC BBC A8B A7A 97A 97A 97A A7A C99 DAA CBD BAC 767 211 323 656 544 321 211 544 DBA CBA BBB FEF FFF FFF FFF FFF EEE 768 A9B 424 324 535 435 313 656 99A AAA 989 546 535 535 536 546 536 535 766 A88 434 324 324 214 655 DCA FEC FEC FEC FEC FEC FEC FEC FEC FEC FEC FEC EDB CAB CAD BAD CBD EDE FFF 879 436 CCC FFF A9A DDD EDC FFC FFC FFD FFD FFD FFC FFC FEC FFE FFF FFF FFF FFF FFE ECC DCD DCD DCD DCD DCD DCD DCD DCD DCD DCD DCD CBD A9B CAB CBB CBB BAB A8B A8B A9B BAC A9B A9B DAA EB9 EA9 E98 FC9 FC9 C97 A77 633 743 DA8 CA7 EB8 FC9 FC9 FC8 FC8 FB8 FB8 EB8 EA7 D96 D96 CA6 B96 DA7 EA8 EA7 DA8 D97 D87 D87 D88 D99 C88 A7A 659 123 224 224 235 235 235 235 235 668 DDE FFF FFF FFF EDD CBA CAA CAA 989 679 68B 788 457 347 458 99A CBB BA9 A88 A68 A68 B68 B78 
C97 DA8 FCA FCA EB9 EB9 EB9 EB9 ECB FFE FED DCB C99 CAA BAB 98C 98C 98B 98B 97B A9C CBD CAB CBB BA9 432 444 545 322 211 322 766 C88 B9A CAB CBB EDE EEE FFF FFF FFF FFF 878 A9A 646 313 424 535 324 323 324 424 424 535 535 546 646 646 646 978 DBA EBA 877 324 325 325 324 757 B99 DCB EDB FEC FEC FEC FEC FEC FEC FEC EBA C88 B9C BAD BAC DCE FFF DDD 768 768 EEE EEE AAA EED EEC FFC FFC FFD FFD FFC FFC FFC FFC FEC FED FFF FFF FFF FFE FDC FEC EDC DCC CBD CBD BAD BAC BAC BAC BAC B9C A9B A8B A8B B9B BAB BAC BAC CCD EDE CBD A9B CAA EB9 EB9 E98 EA7 FC9 EB8 633 755 755 632 DB8 FC9 FC9 FD9 FC8 FC8 FC8 FC8 FC9 FB8 EA7 EA7 D97 B96 C96 C86 D86 D98 D98 D87 D87 D98 D99 C88 B78 A9B A9B 335 123 225 235 235 235 235 235 235 457 CCC FFF FFF DCC CAA CAA CAA 668 57A 679 567 568 89A BBB CAA 988 556 757 A68 A68 B68 B68 
EC8 DA7 EB9 FCA FCA FCA EB9 DA9 ECA FFE FFF FFF EDC C99 CA9 A8B 98C 98B 98C A9C CBD CBC BB9 876 654 875 543 211 332 777 AAA BAA EA9 E98 B99 BAB BBC ECE EDE FEF FEE EBB B77 966 A88 545 313 435 424 323 324 424 435 535 536 646 647 867 BA9 ECA ECA ECA DB9 646 546 436 436 436 87A 97A A8A B9A CAA DBA ECA ECA EBA D98 D87 B8A BAD A9C CAD EEF FFF BAB AAB AAB FFF CCC BBB EED FEC FFC FFC FFC FFC FFC FFC FFC FFC FFC FEC FDC FFF FFF FFE FDB FEC FEC FEC FEC EDC CBC B9B A9B A9B A9B A9B A9B A9B B9B A9B CBD DCE EEE FFF EEE BAC B9A EB9 EB9 EA9 D87 EA7 FC9 EB9 744 533 867 622 DA7 FC8 FC9 FC9 FC8 FC8 FC8 FC9 EC9 C97 EB8 FC9 FCA FB8 EA8 D86 D97 D98 D87 D98 D99 D99 C88 C88 A8B B9C DDD 668 113 224 235 235 235 235 235 235 235 346 BBC FEE DBB CAA CAA A99 557 579 88A AAA CBB BAA A99 657 235 225 546 B8A C8A C9A D9A 
FEA ED9 DA8 EB9 EB9 EB9 EB9 DA9 DA8 EDC FEE CBB DCC EDC EDD DCD CBD CBD CBD CBD 989 655 875 885 985 653 543 323 667 BBB DDD AAA DBA EB9 ECA CAA BAB CBD DCE DBC E99 E87 E87 966 D88 BA9 656 324 424 324 324 425 435 535 646 767 A99 ECB FDB FCA FCA ECA ECA A88 646 658 537 436 658 98B 97B 97B 97B 97B A79 C77 D87 E87 C88 A9C A9C A9C DCE EEE DDD EEE CCC DDD FFF BAA DDD EED FFC FFC FFC FFC FFC FFC FFC FFC FFC FFC FFC FDB FCB FEE FFD EDB FEC FEC FEC FFC FFC FFC EDB EDC EED EED EEE EEE EEE CBD CBD EDE FEF FFF FFF DCC B9B DA9 EB9 EB9 D98 C86 EA8 DB9 988 756 423 867 622 DA7 FC9 FC9 FC8 FC8 EB8 DA7 C98 744 865 FC9 FD9 FC9 FC9 FC9 EB8 D98 D87 D98 D99 C88 B99 BAB CAA B9A A9C CBB BAB 225 124 235 235 235 235 235 335 335 235 346 BBC EDD DCC CBB CAA A99 BAA CAA B9A 988 657 335 124 224 235 557 EBB FCC FCC FCC 
FDA FEA FD9 EB8 EB8 EB9 EA9 EA9 DA9 EDB FDC DDC AA9 CBB FFF FFF FFF FFF DDD 766 211 221 654 543 874 653 543 223 334 445 667 778 CAA EBA FDB ECB CAA CAB CBC C88 E98 FBA FCA CA9 A88 EBA DDC 999 656 435 324 546 757 989 BBB EDC FEC FDC FCB FCB FCA ECA EBA D98 646 768 658 537 547 87B 97B 97B 87B 97B 97B 97A C88 D87 A7A 98C A8B BAC EEE EEE FFF FFF DDD FFF EEE 999 EEE EDC FFC FFC FFC FFC FFC FFC FFC FFC FFC FFC FFC FFC FDB FBA FDC ECB FEC FEC FFC FFC FFC FFC FEC FCB FEC FFE FFE FFF DDE DCD EDE FFF FFF FFF DDD BAB CAA EB9 EB9 DA9 B76 C86 DB9 BAA 777 BBB 533 866 733 DA7 FC9 FC9 FC8 FC9 B76 523 866 522 B97 FC9 FC9 FC9 FC9 FC9 FCA EA8 D98 D99 C88 DA9 DA9 CAB BAC A9B B9C B9B DBA 668 124 235 235 235 235 235 235 335 335 235 346 CCC FEE EDD DDD DDD DCC 879 446 335 235 235 124 224 235 557 EBB FCB FCB FCB 
FC9 FDA FEA FDA EB9 EB9 EB9 EA9 FDB FFC FEC ECB EDD CBB BAA EEE FFF CCC 544 211 111 444 876 875 875 764 777 666 444 333 434 666 888 CA9 FDB FEC ECA DA9 CAB B89 EA8 FEC FEC FEC CBA A98 B99 CBB 989 546 878 DDD EEE EEE EEE EEC EDB ECB ECA DBA DBA CBA C99 D88 A77 657 98A 658 537 86A 97B 97B 97B 87A 87A 97B 97A B88 98A 97B 98B CBD DCD CBC CBC BAB BBB DDD CCC A9A EEE ECB FEC FFC FFC FFC FFC FFC FFC FFC FFC FFC FFC FFC FEC FCA FA9 DA9 FEC FFC FFC FFC FFC FFC FEC FCA FDB FEC FFE EDD DCD EDE FFF FFF FFF DCD B9B CAB EBA EB9 EB9 A66 833 A77 BBB 999 A9A DDD 645 755 844 DA8 FC9 FC8 FC8 FC9 965 533 755 644 DA8 DA8 EB8 FC9 FC9 FDB FCA EA9 E9A D99 EBA EBA DA9 DA9 CAB BAB A9C BAD CBC CCC 446 224 235 335 235 235 235 235 235 235 235 457 DDE FFF FFF FFF DCD 557 336 235 335 235 123 224 235 446 DBB FCB FCB FCA 
EC9 EB9 FC9 FDA FCA EB9 EB9 ECA FFC FFC FFC FEB EBA EEE DDD BAA 999 433 211 111 544 767 322 A99 877 324 545 BBB CBC AAA 888 666 556 767 A99 EEC FEC EBA EDC EDE DAA FCA FEC FFC FFC CCA 988 867 978 BBB DDD DDD CCB BAA BA9 B98 B98 B99 B99 BA9 BAA BAB C89 E88 C87 989 989 A9C 547 759 97B 97B 97B 97B 97B 97B A8B AA9 A97 988 647 636 636 626 626 626 626 736 736 978 DCC DBA FCB FEC FFC FFC FFC FFC FFC FFC FFC FFC FFC FFC FFC FEC FBA FA9 FDB FFC FFC FFC FFC FFC FEC FCA FCA FCB EDC DCD EDE FFF FFF EEE CBC A9B CBD FED EBA DA9 C99 845 623 734 877 EDE BBB CCC 867 534 844 DB8 FC8 FC8 FC8 FC9 865 644 645 B97 DA8 B95 C96 FC9 FDA FDB FCA EAA E9A EAA FCB ECA DA9 DA9 CA9 BAB A9B BAD CBD FEF BBC 335 224 335 235 235 235 235 235 235 335 225 678 FFF FFF FFF 999 88A 336 235 335 225 113 224 235 336 CAA FCB FCB FCA 
FEE FCB EB9 FDB FCA EB9 EB9 FEB FFC FFC FFC FFC FDB EBA FFE EEE 655 211 211 444 777 311 544 AAB BBB 656 555 666 78A 9AB BBC AAB 888 789 567 776 EEC FEC EDC FFE FEE EB9 FEC FFC FFC FFC FFC FEC DBA BAA B99 A98 A98 A88 BA9 BA9 CBA CBA CBA DBA DBA DBA D88 E87 D87 B9A AAA BBB A9B 758 98B 87B 869 758 647 546 987 665 765 653 545 425 536 646 747 737 736 626 626 847 99A B88 FA9 EA9 FDB FEC FFC FFC FFC FFC FFC FFC FFC FFC FFC FFC FDB FBA FBA FEC FFC FFC FFC FFC FFC FDB EBA EBA DBC EDE FFF FFF EDE BAC B9B DCD FFF FFF FDD B87 956 A88 522 723 844 DCC DCC BBC 988 412 844 EB8 FC8 FC8 FC9 FC9 744 645 866 EC9 EB9 CA7 EB9 FCA FDB FCA FCB EAB D99 ECB FDB FCA DA9 DA9 CA9 CA9 CBC A9C CBE DDE DDE 87A 224 224 335 335 235 235 235 235 235 235 235 ABB FFF DDD 99A BBD 336 235 335 224 113 235 235 336 B9A FCA FCA FCA 
FFE FFE ECA FFE FED ECA EB9 FEC FFC FFC FFC FFC FFC FDB EBB FFF DDC 432 433 888 322 322 999 99A EEE 899 666 544 356 589 699 8AB ABB 9AB 578 334 998 FFC FEC EDC FFE FDC FCA FFC FFC FFC FFC FFC FEC DBA CBB CBB DCB DDD EDD EEE FFE FED FDB FCB FCB EBA D98 EA9 D87 C88 DDD AAA BBC 769 868 636 626 636 536 535 764 654 A95 653 766 536 747 747 757 758 869 969 858 A9A 879 867 E99 E88 E88 EA9 FCB FEC FEC FEC FEC FEC FEC FEC FFC FEC FEC FDB FCA FDB FFC FFC FFC FFC FFC FDB EBA DBA DCD FFF FEF DCE CBD CBC ECC FCC FCC FCC FCC B77 833 A88 755 622 723 967 DDD BAB 989 412 955 EC8 FC8 FC9 FD9 DB8 533 756 DB9 FCA FC9 FC9 FCA FDB FCA FCB FCB EAB D9A FED FDB EBA DA9 DA9 DA9 EDC FEE CCD DCD EEF CBD BAC 87A 335 224 235 335 235 235 235 235 235 235 557 EEE A9A DDD BBD 336 235 335 113 123 235 235 336 A9A FDB FCB FCA 
FFF FFF EDB FFF FFF EDC EB9 FFC FFC FFC FEC FFC FFC FEC FCB ECB FFF A99 877 433 211 777 A9A CCC DDD 8BB 788 766 345 7AA 9CC ADC 9DC 8BB 799 445 555 EDB FFC FEC FDC FEE FCB FEC FFC FFC FFC FFC FFC FEC EDC FFE FFE DDC CB9 CB9 FEE FFF FED FDB ECA 989 B99 FDB EBA D88 DBB A9A 857 636 626 747 858 646 424 213 543 653 653 975 657 658 636 625 525 525 525 525 757 DDD 768 536 C87 E88 E88 ECC FDD ECC ECB EDB FEC FEC FEC FEC FEC FFC FFC FFC FEC FEC FFC FFC FFC FFC FFC FEC DBB DBC EDE DCD BAC CBC ECC EBB EBA FBB FBB EBB FDD CAA 733 844 A89 633 723 734 CCC AAA 988 512 A75 FC8 FC8 FC9 FC9 B86 423 A87 FCA FC9 FC9 FC9 FDA FCB FCB FCB FCC E9A EBC FFE ECB DCB DBA DB9 EDC FFF FFF FFF DDD CBC A9B BAC CBC CBC 556 224 235 235 235 235 235 235 235 235 889 AAA FFF DCE 447 235 225 112 224 235 225 336 B99 FCA FCA FDB 
FFF FED FED FFF FFF FEE ECB FFC FEC DDC CBB CBA FEC FEB FEC EB9 A9A DDD A99 432 433 778 999 EEE BCC 9DC 8AA 777 345 689 9CC 9DC ADC 9DC 9CB 445 334 BB9 FFC FFC FFC FEC EBB FCA FFC EEC DDC DDC DDC DDC DCC CBC BBC CCC EED DB9 BBA DDE CCC A9A 989 458 978 FDB FEC FCB C88 736 626 747 869 758 547 537 436 336 435 645 755 545 435 657 879 87A 757 637 537 526 658 DDD 758 537 967 E98 E99 FEE FFF FFF FEE EDD ECB DBA ECA FDB DDC DDC DDC DDC DDC DDC DDC DDC DDC DDC DDC DCB A89 BAB 768 436 547 C99 FBA FBA FBB EAA EBB FEE FFF DDD 966 722 955 988 723 722 A99 BBB 767 622 A65 FC8 CBA CBC BBB 645 865 EC9 DB9 DCB ECA FCA FDB FCA FCB FCB EAB D9A EDE FFF EDD FFF FEE DCC EEE FFF FFF FFF FFF DDE BAC A9B A99 CCC DCC 767 224 235 235 235 235 225 235 235 345 DDD FFF EEE 558 235 113 113 235 235 224 346 CA9 FC9 FC9 FC9 
FFE FEE FFF FFF FFF FEE EDB FFC ECB BA9 A98 988 CBA FDB FDB FB9 877 467 AAB CCC CCC AAA 999 AAB 9CC ADC 8BB 776 466 578 9CC 9CC ADD 9DC 8BB 334 324 887 FFC FFC FFC FFC FDB EA9 FDB CCC DDE DEF DEF DEF DEF DEE DEE BCE FFF CDD CCD DEF DEE CDE CDE CCE BBD BBC EDC FEC ECA 957 858 879 99B CCD EEF EFF EEF CDE 78A 559 436 224 657 98A 999 999 BBC ABD DDE DDE BCE BAC 637 537 747 D88 EAA FFF FFF FFE DCD A9B 979 868 757 868 AAC DEF DEF DEF DEF DEE DEF DEF DEF DEF CDE BAA EA7 856 215 436 B98 FBA FBA FBA E99 DBB FFF FFF FFF EEE A9A 633 722 966 A77 722 855 CBC 644 733 A65 EB8 CCC FFF DDE 757 DBA DCB CBB FEE ECA FDB FCA FCB FBB EAB E9B DAB FFF FFF FEE FFF FFF FFF FEF EEE EDE DDE DDD CCD EEE EEE CBB B99 DBA ECB 999 335 225 235 235 225 224 235 335 CDD FFF FEF 669 113 112 224 235 225 224 447 DA9 FC9 FC9 FC9 
EDD FFF FEE FDD FFF FEE EDB FFC EDC BA9 BA9 988 A99 EBA FB9 FA9 B99 689 578 89A CCD AAA EEE ACC 9CC ADD 8AA 555 567 589 9CC 9CC 9DC ADD 9A8 654 434 665 FFC FFC FFC FFC FFC FCA EBA CCD FFF FFF FFF FFF FFF FFF FFF CDE FFF CCD EEF FFF EFF EEF EEF FFF FFF EFF BCD EEC FEC ECA 879 CCE FFF FFF EEF DEF EFF FFF FFF BBD 224 112 647 769 DDE DDD AAB CDE FFF FFF FFF 88A 537 647 647 C77 ECC FFF DCD 98A 758 647 647 647 547 437 9AC FFF FFF FFF FFF FFF FFF FFF FFF FFF EEF B99 D86 746 536 C98 FBA FB9 EA9 D88 A79 CBC EEE FFF CDE BCE 89B AAA 633 622 867 966 623 A9A 845 A87 A65 EB8 BBB BBD BBD CCD FFF EDD CCC FEE ECB FCA FCA FBA E9A EAB E9B EBC FFF FFF FFF FEE FED FEE EEE EEE DDE DDE EEE FFF FFE FED EDC EDB FEC FFC FFC CCB 556 224 235 235 224 224 124 889 FFF FEF 769 112 113 235 235 224 225 668 EB9 FC9 FC9 FC9 
B99 EED EBB EA9 FCB FDD FDB FFC EEC CAA DCB BA9 877 D98 E98 FA9 CA9 9CC 9CC 8CC 9CC 9BB CDD ACC 9DC 9CC 556 434 467 689 9CC 9DC 9DC ADD 9B9 AB8 8A9 787 EEC FFC FFC FFC FFC FFC FCA BBC FFF FFF BCD CCC CCC CCC CBC CBC FFF CDE EEF FFF BBD BAB CCD CCE DDE FFF EEF CCC FEC DDC CDE FFF EFF 88B 669 88B 77A 99B FFF FFF 88B 113 647 324 445 AAB BCD FFF EEF CCE FFF 89B 537 647 647 A78 EDC A9B 658 648 658 648 647 547 547 537 548 559 559 559 9AC FFF DEE 559 669 779 989 C87 C76 747 C98 FB9 EA8 E98 D88 B77 647 98B EDE FFF BCE FFF BCE FFF CBB 534 412 756 756 534 756 CBB B98 CA9 A66 A89 CCD EEE EDD CBC AAA BBB CAA FCA FBA E99 E9A EAB D9A EDD FFF FFF FED FDB FCB FCB FEE FFF FFF FFF FFF FED FEC FFC FFC FFC FFC FFC FFC FFC FEC 978 224 224 224 113 113 445 EDE FEF 668 012 224 235 224 123 225 878 FC9 FC9 FC9 FC9 
966 DBA DB9 EBA EBA ECC FDB FFC EEC CBA EDC DCC 656 C87 E98 FA9 DA9 9CB 9CC 9CC 9DC 9DC 9CC ADC 9DC 577 334 223 578 79A ADC 9DC 9DC ADD ADC 9CC ADD ADC CDB FFC FFC FFC FFC FFC FEC CBC FFF FFF CCD FFC FFC FFC FEC EBA FFE CDE EEF FFF BBD DCB FEE FFE CCE EFF FFF CCD FEC CCC FFF FFF 9AC 87A 778 778 636 537 ABD BBD 77A 325 646 556 214 325 99C FFF BCD 9BD FFF CDE 548 537 648 867 979 547 648 658 648 647 547 547 537 436 436 436 426 325 89B FFF DDE 448 536 536 A66 D86 B66 B87 DA9 B9A B9A B9A A89 747 436 879 CCE CCE CDE FFF BCE CDE DDE CCC 645 435 779 766 766 99A ABC 978 989 89B 89A AAA BBB BAA AAB BBD AAB CBC B9A D89 E9A E9A D9A FFF FFF EDC EBA ECA EBA EB9 ECA FEE FFE FED FEC FFC FFC FFC FFC FFC FFC FFC FFC FFC FFC FDB B77 434 113 113 112 113 778 AAB 224 123 235 124 113 114 446 C98 FC9 FC9 FC9 FC9 
845 B98 DB9 EB9 EB9 DA9 FDB FFC FEC DCB EDC EED 766 C88 E98 FA9 DA9 ACB 9DC 9CC 9CC ADC 9DC 9CC 887 323 334 234 689 7AB ADD 9DC 9DC ADC ADD 9DC 9DC ADD BCB FDB FEC FFC FFC FFC FFC CCC FFF FFF CCD FFC FFC FFC FFC FCA DCC AAB DEE FFF BCD DCC FDC EDC BBC EEF FFF CDD EEC CDD FFF EEF 99B CBC CCC 647 626 879 547 437 436 426 636 778 325 437 CDE FFF 88B 77A EEF FFF 66A 537 648 547 536 547 648 648 647 547 547 536 436 436 436 425 324 214 89B FFF DDE 548 537 536 C76 C76 B76 B99 CCD EFF FFF FFF EEF 99C 437 658 ABD EFF FFF FFF FFF FFF DDF DDE CCD DDE EEF 779 BBD FFF DDE 879 ABC EEF DDE CDE FEE BBC BCE FFF FFF FFF EEF BAC C9A D78 DBB FFF EDC DA9 DA9 DA9 DA9 EBA ECB FEC FFC FFC FFC FFD FFC FFC FFC FFC FFC FFC FFC FFC FFD FEC F99 D88 755 112 112 113 336 224 124 224 113 113 113 335 966 D98 FCA FCA FC9 FB9 
744 A87 DB9 EB9 EB9 DA9 FEB FFC FFC EDC DCB FFE A99 D88 E98 FA9 EA8 ABB ADC 9DC 9CC 9DC ADC 9BB 322 445 212 466 79A 8CB ADD 9DC 9DC 9DC ADD 9DC 9DC ADD 9CB CA9 FCB FDB FDB FEC FEC CCD FFF FFF BCC EDC EEC EEC EEC ECB 878 568 DEE FFF CCD EDD FDD DBA AAB FFF FFF CCD DDC DDE FFF DDE DDC CBA 767 636 868 547 426 426 536 426 526 878 325 66A FFF EEF 448 326 ABD FFF AAC 437 648 537 436 547 648 647 547 547 436 436 436 436 325 214 324 326 99C FFF DDE 548 537 746 C86 B65 B77 DDE FFF DDE A9B A9B EEF FFF 88B 537 99B CBD EEF FFF DDE CDE BCE BBD AAD EEF FFF ABD EFF BBD AAC 755 98A FFF DEE 857 855 99B FFF DDE 878 A9B EFF EEF A89 E87 ECB EDC DA9 DA9 DA9 ECA FDB FEC FFC FFC FFC FFC FFC FFC FFC FFC FFC FFC FFC FFC FEC EDC CCB A99 867 756 767 335 113 224 224 112 123 112 112 324 645 A67 B76 D98 FB9 FCA FCA FB9 
634 976 DB9 EB9 EB9 EB9 FEC FFC FFC FEC EDC FFE DDC D87 E88 FA9 EA9 ABA ADC ADC 9CC 9CC ADD 688 222 555 111 688 8BB 9CC 9DC ADD 9DC 9DC ADD 9DC 9DC ADD ACC CCC FDC EBA EB9 FBA FBA CBB FFF FFF DDE DDE DDE DDE DDE AAB 557 458 DEF FFF BCD CCD CCC AAB DDE FFF DEF CCC DDC DEE FFF CDE EDC EDB 757 547 88B 558 559 558 559 437 426 868 336 AAD FFF ABD 437 426 66A FFF DEF 548 547 547 436 547 547 547 537 436 325 436 426 324 214 325 436 437 99C FFF DDE 558 647 856 D86 B65 BAA FFF EEF A89 A66 A67 98B FFF DEF 86A D8B B8B DDE FFF CCE EDD CBB A68 87B DEF FFF DEF 788 444 765 855 98A FFF DDE 524 412 AAC FFF 99B 623 B77 A8A B8A D89 E88 DA9 DA9 DB9 ECB FEC FFC FFC FFC FFC FFC FFC FFC FFC FFC FFC FFC FFC FEC EDC CBD AAD 98C 77A 559 89B BCD CDE CCE ABC 779 224 012 112 336 558 879 A79 B77 B76 D98 FB9 FB8 FB9 FC9 
534 966 DB9 EB9 DA9 ECA FFC FFC FFC FFC FEC FFE FEE B87 B77 E98 EA8 AAA 9DC ADD 9DC 9CC ADD 555 444 433 223 7AA 9CC 9DC 9DC ADD 9DC 9DC ADC ADD 9DC 9CC ACC BCC FDB ECA EB9 EB9 EA9 BAB FFF FFF FFF FFF FFF FFF FFF 78B 446 567 DEE FFF FFF EEF EEF FFF FFF EEF BAB DCA DDC DEE FFF CDE EEC DCB 535 89B FFF FFF FFF FFF DDE 437 426 646 558 DEF FFF 669 426 436 437 DDE FFF 77A 437 537 436 437 559 559 558 458 558 448 225 214 325 436 536 437 99C FFF DDE 658 647 966 D86 B76 CCD FFF CCD 979 979 979 87A EFF FFF B9C C8A A9B DEF FFF BCD CAA B78 A68 77B DEF FFF BCD 998 975 633 744 99B FFF DEE 535 423 99B FFF DEE 879 978 C77 E87 F87 E88 EB9 FDB FEC FFC FFC FFC FFC FFC FFC FFC FFC FFC FFC FFC FEC FDB CCC BBD AAE AAE AAE 99D 88C BCE DEF DEF DEF DEF DEF DEF BCD 567 112 224 66A ABE BCE B9B A77 D98 FB8 FB8 FB8 FB8 
423 866 DB9 DB9 DA9 ECA FFC FFC FFC FFC FFC EDC B98 CA9 988 878 C88 9AA 9CC ADC ADD 9DC 9CC 8BB 8BB 677 678 8CC ADD 9DC 9CC 9DC ADC 9DC 9DC ADD 9CB BA6 AA8 ABB ECA EB9 EBA ECA FCB CCC FFF FFF BCD CDD BCC 88A 57A 468 447 458 DEE FFF DEF CDE CDE BCE 9BD BAB DB9 B98 CCB DDE FFF DDE DDC A88 425 77A ABD ABD CCE FFF DEF 437 426 324 78A FFF FFF AAD AAC BCC AAC DDE FFF BBD 437 437 336 437 CCE FFF FFF FFF FFF CDE 336 325 536 537 537 537 99C FFF DDE 659 758 A66 C75 B76 CDD FFF FFF EFF EFF EFF EFF FFF FFF A9C B6A A8A DDE FFF AAC A68 B67 C9A 88B DEF FFF AAD 98B 87A 424 411 879 FFF EEF 978 966 989 DEF FFF FFF EEF CCD B8A D98 FDB FFC FFC FFC FFC FFC FFC FFC FFC FFC FFC FFC FFC FFC FDB CBB AAC AAE AAE ABE ABE 99D 89D CDF DEF DEF DEF DEF DEF DEF DEF DEF DEF 88A 113 224 99D CDF DEF CCE CAB EA8 EA8 EA8 FA8 
322 976 DB9 DB9 DA9 ECA FFC FFC FFC FFC FFC EDB A75 CA8 DA9 998 689 89A 9CC 9DC ADD 9DC 9DC ADD 9DC 9CC ADC 9CC 9DC ADC 9CC 9DC ADD 9DC 9DC ADD 9CB A97 AB9 ABC EED ECB EBA FCA FDB CCC FFF FFF CCD FFE CB9 678 468 457 447 458 DEF FFF 9BD 9A8 89A 57A 679 DBA CA9 678 999 CDD FFF EEF CCC 756 436 756 436 326 77A FFF DEF 437 324 225 BCD FFF FFF FFF FFF FFF FFF FFF FFF EEF 559 436 326 337 BBD DEF DEE DEE DEE BCD 437 536 537 537 537 537 99C FFF DEE 769 968 B76 C75 B76 CCD FFF DDE A9B A9C A9C A9B BBC BCD BAB C99 A89 DDE FFF AAC A67 C99 BAC 88B DEF FFF AAD 98C 98C 97A 535 98A FFF DDE 634 622 633 646 98A BBD EFF FFF EEF CCC FFC FFC FFC FFC FFC FFC FFC FFC FFC FFC FFC FFC FFC ECB BAB AAD ABE BBE BBE BCF ABE 99D CDF DEF DEF DEF DEF DEF DEF DEF DEF CDF CDF DEF 89B 225 558 BBE DDF DEF DEF DCD DA9 EA8 FA8 
322 A87 DA9 DA9 DA9 EDB FFC FFC FFC FFC FFC FEC B97 CA8 CA9 CA8 899 79A 9CC 9DC ADC ADD 9CC 9DC ADC 9CC 9DC 9CC 9CC ADD 9DC 9CC ADD 9DC 9DC 9DC 9CC 8BB 8BB 9BB DEE FFE FDB FCA FDB CCC FFF FFF CDD DCA 987 579 569 457 447 458 DEF FFF 9BD 7AB 79A 568 679 A99 779 678 BBB BBC FFF FFF BBC 435 536 A77 857 435 999 FFF EEF 337 213 558 EFF FFF 78B 559 569 569 559 569 EEF FFF 88B 326 325 336 337 337 336 226 336 437 537 537 537 537 647 647 9AC FFF DEF 978 C76 D86 D86 955 BBC FFF CCE 968 B68 B78 CA9 CCB EDC FEC FFC DDC DEE FFF BAC C99 ECC A9B 879 DEE FFF AAD A8C A8C 98B B99 CBC FFF DDE 424 411 412 412 412 645 B9A DEE FFF CDD FEC FFC FFC FFC FFC FFC FFC FFC FFC FFC FFC FDB CAB 99C AAE BBE BBE BBE CDF CCF AAE CDF DEF DEF DDF DEF DEF DEF DEF DEF DEF CDF DDF DEF DEF 89B 235 78A CDF DEF DEF EEF DCD DA9 EA8 
222 544 544 544 544 776 BB9 FEC FFC FFC FFC FDC CBA CA9 ECA DA9 CA8 899 8BB ADD 9DD ADD 9DC 9DC ADD 9CC 9BA AA7 9BA ADD 9DC 9CC 9DC ADC 9CC 9CC 9CC 8BB 8AB 8BB DED FFF FFE FDB FDB CCC FFF FFF CCD FEC 9AA 57A 569 458 457 458 DEF FFF 9AD 57A 57A 579 69A 79A 7AB 8BB 9CB 9AB CDE FFF EEF 77A 447 877 A89 558 CCD FFF EEF 225 335 89B FFF DEE 337 214 214 315 214 215 9AC FFF CCE 226 225 326 326 325 214 225 326 537 537 537 537 647 647 748 AAC FFF DEE A78 D86 D86 A65 A65 A9A FFF FFF 98A B78 DA9 CBC DDE CDD DDC FFC DDC DEE FFF CDD DDB EDB DA9 B78 EEE FFF AAD A9C A9C B9A EBA CBC FFF DEF 889 657 779 88A 435 A76 ECB CDE FFF CDE FEC FFC FFC FFC FFC FFC FFC FFC FFC FEC EBA B9A 99D AAE BBE BBE BCF CDF CDF ABE CDF DEF DEF CDF CDF DEF DEF DEF DEF DEF DEF CDF DEF CDF CDF DEF 77A 346 BBD DEF DEF DEF EEF DCC D98 
223 223 323 323 223 212 666 666 AA9 EDC FEC FDC EDD BA8 FEE ECA DA8 CA8 8AA 8AB 789 ACC ADD 9CC ADC 9DC 9A8 B95 9BA 9DC 9DC 8CC 8CC 9CC 8BB 7AB 8BB 7AB 7AA 8AB CDD FFF FFF FFE FEC CBC FFF FFF CDD FFE 9AB 57A 57A 569 457 458 DEF FFF 9BC 68A 7AA 8BB 8BB 8CC 9CC 9CC 9CC 9CC 9AB DEE FFF FFF DDE CCD DDE FFF FFF EEF 679 224 558 CDE FFF 99C 225 214 214 315 315 214 569 FFF FFF 559 326 325 325 325 325 326 537 537 537 537 647 748 758 858 AAC FFF EEE B88 E86 B65 A55 B66 A77 CCD FFF EEF BBC CCD EEF FFF CDE DDC FFC EEC CDE FFF FFF CDE CDE CBB C89 EEE FFF AAD B9C B9C DA9 EBA BAB FFF EEF DDE BCD CCE FFF BCD BBC CDD EFF FFF CCD FFC FFC FFC FFC FFC FFC FFC FEC FCB C99 B9B BBE BBE BCE DDF BCF CDF CDF BBE BCF DEF DEF CDF BCF DEF DEF DEF DEF DEF DEF DEF CDF DEF CCF CDF DEF CDF 557 77A DEF DEF DEF EEF EEF DBC 
223 223 223 223 223 223 556 333 666 556 887 DCB FFE BA8 EED FFE DCA DA8 CA9 555 323 667 ACC 9DC 9DC ADC 9CB 9CB 9DC 8CC 9CC 8CC 8BB 9CC 8BB 8BB 9CC 9CC 9CC 9CC ACC EEE FFF FFF FFE CCD EEF EEF CDE FFF 9AB 57A 57A 569 458 468 CDE EEF 9BD 7AB 8BB 8BB 8CC 9CC 9CC 9CC 9CC 9DC ACB AAB CCD DDE FFF FFF FFF EEF AAC 448 113 435 669 DEF EEF 457 214 214 214 214 325 214 326 CCE EEF 89C 337 436 224 224 325 436 537 537 537 647 747 758 868 869 AAC EEF CDE B88 D86 A66 A66 B66 B67 978 CCD EFF FFF FFF EEF CCD DDC FFC FFC FFC CCC DEF FFF FFF DEF DDC CBB CCE EEF A9C B9C B9A FBA E99 A9B EEF CDE CCD CBB 89B DEF FFF FFF FFF EEF CCD EEC FFC FFC FFC EDC FEC FFC FDB DA9 A88 AAC 9AD AAE BBE DEF DDF CDF DDF BBE BBE DEF DEF CDF ABE CDF DEF DEF DEF DEF DEF DEF DEF CDF DEF BBE CCF DEF DEF ABD 447 CCE DEF DEF DEF EEF EEE 
223 223 223 223 223 223 223 556 667 223 223 888 FFF BA8 DCB FFF FEE ECA ECB 666 222 323 778 9DC 9CC ADD 9DC 9DC ADD 9CC ADD 9DC 9CC 9DC ADD 9DC 9DC ADD ADD ADD ADC BDD EFE FFF FFF EEE DDD DDD EEF FFF BBC 57A 57A 579 589 68A 69B 69B 7AB 8BB 8BC 9CC 9CC 9CC 9CC ADC ADC ADC ACC AAA CBB AAA BCC CCC CCC CCC 657 215 214 325 224 336 336 113 214 214 214 214 325 214 215 437 337 447 326 436 326 224 214 214 325 325 436 647 757 867 968 978 B88 B88 B88 D86 B76 A66 A66 B66 C88 DBA DDC CCD AAB BAB CBB ECB FEC FFC FFC FDB E99 D9A CAB CCC DDC FEC FEC C99 C89 C88 C9A DAA FBA D88 A7A AAD AAD DCD BBB BBB DDE CCC CDD CDD DDC FEC FFC FFC FFC FFC FEC DCB CAA B99 B99 BBC 9AD 99D AAE CCF DDF CCF DDF CCF ABE DDF DEF DDF AAE CDF DEF DEF EEF EEF EEF DEF DEF DEF DEF DEF ABE CDF DEF EFF EFF 778 89B DEF DEF EEF EFF FFF 
223 223 222 212 112 445 CCC DDC DDD AAA 334 445 EFE DCA BA8 FFF FFF EDB EDC A99 212 323 434 8AA 9DC ADC 9DC 9CC ADC 9DC 9CC 9DC 9CC 9DC ADD 9DC 9DC ADD ADD AB9 BA7 BDC BDD EFF FFF FFF FFE FFE FFF EFF BCC 689 689 69A 69A 7AA 7AB 8AB 8BB 8BB 8BB 8BB 8CC 9CC 9CC 9DC 9CC 89A 669 547 989 FEC FEC FEC FEC FEC DCA 535 214 214 213 214 214 113 113 214 214 214 325 324 214 325 214 325 426 326 436 326 214 214 214 324 325 535 646 966 967 B77 D87 E97 E86 D86 A65 A66 B66 CA9 DBA C99 CCC 546 769 DAC EBA FEB FEC FFC FFC D88 D67 F99 F99 FCB FFC FFC FFC FCA F88 F88 D88 EA9 FA9 C78 B8A DBE DBC DBC BAB BBB FFF FEC FFC FFC FFC FFC FFC FFC FFC FFC FEC FCB EDC ECC DCB AAD 89D AAD BBE DDF CCF CCF CCF AAE CCE DDF DDF BAC BBE DDF DEF DEF DDF EEF EEF DEF DEF DDF DEF CDF 9AD CCF DEF EEF DEF BBD 668 DEF DEF DEF EEF EEF 
223 223 334 777 545 334 EEE FFF FFE FFF AAA 334 CCD DCC B96 EEE CBB CA8 DB9 BBA 223 323 323 556 9CC 9DC ADC 9DC 9CC 8BC 7AB 8CC 8BB 8CC 9DC 9DC 9DC ADD ADD AA8 BA7 BDC ADD ACC FFE FED FEC FED DDD CDD CDD 889 ABB DEE BCC 79A 69A 69A 7AA 7AB 8BB 9CC 9CC 9CC 9CC 8AB 669 649 548 548 547 DCB FEC FEC FEC FEC FEC B99 324 215 214 214 325 214 214 214 214 214 765 864 214 214 325 325 537 436 326 436 326 324 546 325 425 536 746 966 B77 D87 E97 E87 D86 C86 A65 A66 DA9 FEC A87 988 436 114 437 B8B DBB FEC FFC FFC FFC EBA C67 E89 F89 FCB FFC FFC FFC FEC FA9 E88 D87 EA9 E98 C77 B89 CBD DAB CAC A9B BBB FFF FEC FFC FFC FEC FEC FFC FFC FFC FCB ECB FEE FDC DB9 BAA 99D 99D AAE BBE CCE BBE BBE BAD BAD DCE DCE D9A C9A DCF DDF DDF DDF DDF EEF DDF DDF DCE DCE DEF BBE 99D CCF DEF DEF DEF DEF 668 BCE DEF DEF EEF EEF 
223 223 778 333 667 556 DDD FFF FFF FFF DDD 334 9AC 9BD BA7 AA9 323 333 977 BA9 466 212 323 323 8AA 9DC ADC 8CC 7AB 8AB 7AB 8BB 8CC 8CC 9CC 9CC 9DC 9DD ADD ADC ADC ADD BDD 9BB ABB DCB ECB EED FFF FFF CCC AAA FFF EEE BAC 98B 78A 7AB 8BC 9CC ADC ADD ADD ADC 89A 659 659 659 548 548 437 878 EEC FEC FEC FEC FEC FEC 977 214 214 214 325 214 214 214 214 214 544 765 214 214 326 426 547 436 326 336 326 436 AAB BAB 868 746 857 967 C87 E97 E97 E86 D86 C86 A55 C98 FEC FEC 755 879 548 215 114 657 EDB FFC FEC FFC FFC FFC EBA D88 FAA FEC FFC FFC FFC FFC FDB E98 C87 EA9 E88 B67 C89 CBC DA9 CAC A9B A9A FFE FEC FFC FFC FFC ECB FEC FEC FCA ECB FFE FDC DA9 CA9 99C 88D AAE AAE BBE BBE BAD A9D A9D CBD DBD D9A D88 DBC DCE DCE DCE DCE DDF EDF DDF DCE CAC DDE DDF A9B 99C CDF DEF DEF DEF DEF 99A 9AB DEF DEF EEF EEF 
223 223 777 001 555 555 BBB FFF FFF FFF 989 223 79C 8BF CCA A97 112 212 222 677 79A 334 323 323 566 9CC 9CC 7AB 69A 9A8 898 8BC 9DC 9DC 9BC 99B 9BC 9DC ADD ADD ADD ADD ADD ACC 8AA AAA EEE FFF FFF EEE 999 EEE EEE B9C A8C A8C 98B 8AB 8CC 9CC 9CC 9CC 9CC 78A 659 659 659 549 548 548 437 436 BBA FEC FEC FEC FEC FEC EDB 756 214 214 325 325 214 225 215 214 214 325 214 214 326 537 437 436 326 326 325 547 989 BBB DDD CBC A89 A67 D87 E97 E97 E86 D86 C76 B76 FCB FEC DA9 966 224 226 115 335 BBA FEC FFC FEC FFC FFC FFC FFC FEC FEC FFC FFC FEC FEC FFC FEC C87 B76 E98 D87 A66 C88 EBB DA9 BAB BAC 889 EDE ECB FDB FDB FDB EBA EA9 EBA EDC FFF FDC DB9 DA9 BAB 88C 89D AAE AAE BAE BBE 98C A9C B9C DBC D9A E88 D99 CBC DCD DCD DBD DCE EDF DDE DCE DAB CAC DDF DCD C88 A9C CDF CDF DEF DEF DEF BBD 89A DEF DEF EEF EEF 
223 222 445 777 666 223 556 DDD EEE 99A 223 225 69C 8BE AA9 BA7 222 222 212 234 79A 799 223 312 323 799 7AB 7AB 7AA A96 AA7 9CC ADD 9CC 99B A9C 98C 9AB 9DC ADD ADD 9DC ADC ADC ACC FFF FFF FFF FFF BBB CCC EEF A9C 98B 88B 88B 89B 79A 69A 7AA 8AB 8BB 77A 65A 659 659 559 549 548 548 437 326 657 EDB FEC FEC FEC FEC FEC DBA 425 214 224 325 214 215 325 315 325 325 325 325 436 648 436 426 436 326 325 769 CCD CCC BBA CBB DDC DAA EA8 E97 E97 E86 D86 D76 E88 ECB EB9 D87 EB9 765 323 645 CB9 FDB FEC FFC FFC FFC FFC FFC FFC FFC FEC FEC FFC FFC FDB FEC FEC B87 C87 E87 C76 A66 B67 EA8 DA9 DBB CAB 879 CAD DAB FBA FCA FCA EA9 D99 FDD FFF FDC EB9 EB9 DA9 99C 88C 99D AAE AAD BAE A9C 98B A8B CAB D9A D88 E98 C9A DBC DBC CBD DCD EDE EDE DCE DBC C99 DCD DCE DAB E88 BAC CDF CDF DEF DEF CDF CCE 88A DEF DEF DEF EEF 
223 223 222 333 333 223 223 434 445 222 224 236 347 469 667 B95 332 112 223 112 445 456 222 212 322 556 8BB 9CC 9CC 9CB ADC 9DC 9DD 9BC A9C DBE CBD A9C 99B 9CC ADD 9DC 9DC ACC EFF FFF FFF FFF FFF A9A EFE AAC 568 468 478 8BB 9CC 9CC 9CC 9CC 9CC 67A 659 659 659 659 659 548 448 437 336 326 326 A98 FEC FEC FEC FEC FEC FEC 977 214 214 325 325 325 436 426 325 325 426 426 537 547 436 326 436 436 436 87A DCD EEE FEE EDD DCB CA9 EA8 E97 E97 E97 D86 D76 E98 DBA C86 E98 FDB EA9 C98 DA9 EB9 FDC FEC FFC FFC FFC FFC FFC FEC FEC FDB FEB FEC FEC FDB FDB FEC C87 D87 D86 B76 A66 C87 EB8 DA9 FDC FCB DBA CAB CAA DA9 EA9 D98 D99 EBB FFE EDC EB9 FB9 EB9 CAA 88C 88B AAD AAD AAD BAD 98B A8A C8A DAA D88 F98 ECB C9A DAB CAB DBC ECD ECE ECD DBD D89 DAA DCE DAC EBA EA9 CAC CBE CCF DDF DEF CDF CDF 88A CDF DEF DEF EEF 
222 223 223 223 333 333 223 222 212 123 57A 58A 567 9AC 78A C95 864 112 212 223 112 112 212 212 323 534 8AA ADD 9DC 9DD ADD 9DC 9DC 9AC CBD DCE CAD A9C BAD BBD ACC 9DC 9CC EEE FFF FFF FFF FFF DDD CCC FFF 78A 478 578 69A ADC ADD ADD ADC ADC 78A 549 659 659 659 659 549 548 548 437 326 437 225 545 EBA FEC FEC FEC FEC FEC EDB 646 325 436 426 426 537 426 325 325 537 537 437 537 537 426 436 436 536 978 BAA CBB DDD FFE FEE DCA EA8 E97 E97 E97 D86 D76 E98 D87 D76 EBA FDB D98 D98 D98 FCA FEC FEC FFC FFC FFC FFC FFC FEC FDB FCB FCB FDB FEC ECA FCA ECA C76 D86 D76 B65 A65 EA8 EA8 CA9 DBB EBA EBA EBA DAA DA9 C99 C89 EAB EBB ECC DA9 DA9 EB9 EB9 98A 77B 99A AAD 99D AAD A9D 97A C89 C9A D99 D98 DCB C9A C9A DAA C9B ECC ECD EBC DBC D9A D88 DBC DBD D99 FDB ECB CBD BBD CCE DDF DDF CCF CDF 99B CDF DEF DEF EEF 
222 222 223 223 223 223 223 222 111 356 8BF 8BE 57A 9BD CCC EB6 EC7 988 112 222 112 112 222 212 323 533 778 9DC 9CC 9DC ADD 9DD 9CC AAC CBD BAD CBD DDE FFF EDE CBD 9AB DDE FFF FFF FFF FFF FFF CBB EEE EEE 679 468 468 7AB 9CC 9CC 9CC 9CC 8AB 548 548 548 649 649 548 437 437 437 325 436 437 325 215 A77 FDB FEC FEC FEC FEC FEC B99 426 537 436 426 426 426 326 426 546 536 437 437 537 436 436 436 966 B9A CBC CBC B99 DBB EDD ECA EA8 E97 E97 E96 D86 D86 D87 D86 D87 EBA EA8 D87 D87 D87 FCA FEC FEC FFC FFC FFC FFC FEC FEC FDB FCA FCA FCA FCB EB9 EA9 C97 C86 D86 B65 B65 D97 FB8 D97 A66 B66 D88 D98 E99 E9A D9B C8A E9B FAC EAA ECC CA9 CA9 CA9 CA9 77A 77A A9A 99D 99D AAD 98C 97A D88 C9A D88 DBA C9A C89 D9A D9A EBC EBC EBB EBC C9A E88 D9A DBD B9A EAA FEC ECC BAC CBD CCE DDF DDF CCF CDF AAC CCE DEF DEF EEF 
444 212 223 223 223 223 222 212 111 468 8CF 8CF 68B 8BD DDD EC8 CA5 DCB 777 112 112 111 112 212 312 423 656 ACC 9CC 9CC 9DC 9DC 9BC CCE DDE EEF FFF FFF DDE CBD BAD CCD FFF FFF FFF FFF FFF EEE CBB FFF EEE 568 357 578 9CC 9CC 9CC 9CC 9CC 568 437 548 548 547 437 326 326 326 326 436 437 436 325 215 535 EBA FEB FEC FEC FEC FEC EDB 646 426 426 426 426 537 426 536 A85 655 437 436 537 537 436 436 977 AAB DCD EDE EDD C99 DBB ECA E98 EA7 E97 E96 D86 D86 D76 D86 D87 EA9 D97 E97 D87 D98 FCA FDB FDB FFC FFC FFC FFC FFD EDC DBB EBA FBA FBA FCA EA8 C87 C76 C86 C76 B65 D87 FB8 EA7 B76 B66 D87 E88 E99 E9A D8A C7A E9C FBC EAC EBB FBB ECC CA9 CA9 B99 66A 989 A9B 99D 99D A9D 88B B78 D99 C9A C89 DAA EBA EAA EAA DAB EAB EAB DAB C99 E88 E99 DBC DAB EAA FEC EDC CAB B9A CBD CBE DDF DDF BCF CCF ABD BCE DEF DEF DEF 
766 655 223 222 223 223 223 223 223 335 568 456 556 9AB EEE BA7 974 A97 EEE 445 112 112 111 212 212 322 756 EEE DEE BDD 9CC 8CC ABC DCE DDE EDE DDE CCD CBD CBD DCE FFF FFF FFF FFF FFF FFF DDD DDD FFF DEE 578 468 8AB ADC 9DC 9DC 9DC 8AA 437 437 437 436 326 325 325 325 325 436 668 326 326 326 325 113 977 FDB FEC FEC FEC FEC FEC A99 426 436 426 426 537 436 436 755 647 436 436 436 537 437 779 BAA DDD EEE FFF FFF DCC C99 ECA EB8 EB8 EA7 E96 D86 C76 D86 D86 D87 E98 E98 D87 E97 E98 FCA FCB FDB FFC FFC FEC FFD AAA 769 C9C C9A EBA FCA FB9 D97 B66 C76 C76 B65 C86 FB8 FB8 C76 B66 D76 E87 E88 D88 C79 C8A EAC FAC FAC DAC EDD E99 FED ECC DA9 B99 66A B99 AAB 99D 99D A9D 86A C78 C9A C99 ECB FEC FEC EBA D9A EAA EAA D9A D99 E98 FA9 DBB DBB EBA FDB FFC ECC D9A D99 CAD CCE DDF CCF BCF CCF BBE CCE DEF DEF DEF 
334 A98 887 455 223 223 223 223 223 223 222 222 212 223 444 544 874 CB9 EEE 777 111 112 112 112 212 756 CCC FFF FFF FFF EEE ABC A9B A9C BAD CBD CBD CBD BAD CBD EEF FFF FFF FFF FFF FFF FFF CCC EEE FFF DDD 468 579 9CC 9DC 9DC 9DC 9DC 668 326 325 325 325 325 225 325 325 215 658 879 436 325 326 325 114 324 CBA FEC FEC FEC FEC FEC EDB 757 547 426 426 536 536 426 426 537 537 436 436 537 98B EEE EEE FFE FFF FFF FFF FEE DAA EB9 EA8 FB8 FC8 EA7 D86 D76 D86 D86 D87 FA8 E98 E87 E98 E98 ECA EBA FDB FEC FEC ECB A99 224 326 A8B C9C B9A FCB EA8 C86 B65 C76 C76 C76 EA8 FB8 EA7 954 C76 D86 D87 C77 C78 EAA FBC FAC FAC EAC EDE EDE DAB DBC FEE ECB A99 76A CA9 AAC 89D 99D 99D 769 C99 DAB ECB FDB ECB ECB DAA D9A EAA DAA EA9 F99 FBA ECB DBB ECB FDB FFC FEC DAA FCB EAA CAC DCE DDE CCF BBE BCF BBE CDF DEF DEF DEF 
123 445 8BB 9CC 677 212 323 323 323 323 323 223 223 223 222 222 223 876 776 212 112 112 212 212 656 EEE FFF FFF FFF FFF FFF FFF FFF DCE BAD BAD BAD BAD CBD DCE ECE EDF FEF FFF FFF FFF FFE CCC FFF FFF CDD 467 689 8BB 8CC 9CC 9CC 8BB 335 315 325 215 215 214 225 325 325 214 779 879 769 325 325 326 224 113 545 EDB FEC FEC FEC FEC FEC CA9 97A 658 426 426 537 426 426 536 537 436 436 879 EEE FFF FFF FFF FFF FFF FFF FFF ECC EB9 E98 EA8 EA8 EA7 E96 D86 E86 D76 E97 FA8 E97 EA8 E98 E98 EA9 EB9 FEC FDB FCB B88 989 336 114 225 649 989 ECA EA8 C76 B65 C76 B76 EA7 FB8 FB8 B76 A55 D86 D76 D76 E87 FA9 FBB FAB FAC EAC EDE FFF FFF FEF C8A C89 EDD BAB 879 CA9 A9B 88D AAD 99C 769 DBA DCC CAA 765 555 866 C99 DAA ECB FCB FCB FDB FEC DBB ECB FCB FCB FCB EBB FCB FEC EBB CAC DCD DCE CBE BBE BBE BBE CDF DEF DEF DEF 
223 123 689 ADC 9CB 545 312 312 322 222 222 222 222 222 223 222 222 654 874 223 222 112 223 323 989 FFF FFF FFF FFF FFF FFF FFF FFF FFF FFF EEE EDE EEE EEE EEF FEF FFF FFF FFF FFF FFF DDD CCC FFF FFF BCC 578 79A 69A 69A 6AA 7AB 689 214 214 214 214 214 214 325 325 214 214 98A 98A A9C 537 325 326 426 113 113 877 FEC FEC FEC FEC FEC EDB A8A 97B 759 426 537 436 426 436 537 436 658 DDE FFF FFF FFF FFF FFF FFF FFF FFF EED ECA E98 EA8 EA8 E97 D86 E96 E86 D86 FA8 FA8 E97 FA8 E98 D98 D98 FB9 FEC FDB EBA 755 336 337 226 115 214 AAA EA9 EA8 A65 B66 C76 D97 FB8 FB8 D97 954 B66 D86 D86 E86 FA8 FB9 FAA FAB EAB EDD FFF FFF FFF FFF EDE B67 B89 AAC A9B CA9 A9B 88C AAD 98C 76A DCB B9A 644 767 235 113 866 FDC FEC FEC FFC FFC ECB EDC FEC FDB C98 977 987 DCB FFD ECB DBC DCD DCE BBE BBE BBE BBE CDF DEF DEF DEF 
223 223 345 8BB 9DC 9BB 545 312 312 312 212 212 212 212 212 323 874 974 A84 433 223 112 212 323 756 FFF FFF FFF FFF FFF FFF FFF FFF FFF FFF FFF FFF FFF FFF FFF FFF FFF FFF FFF FFF FFF AAA DDD FFF FFF 9AB 468 69A 79A 7AA 7AA 7AA 456 214 214 214 214 214 214 325 214 113 335 99A 98A CBD 97A 325 326 426 214 113 213 A98 FEC FEC FEC FEC FEC CAA 98B 98B 759 436 536 426 436 537 537 BAC FFF FFF FFF FFF FFF FFF FFF FFF FFF EED DBA EA8 EA8 FA8 E97 D86 E86 D86 E97 FB8 EA7 FA8 FB8 E97 D87 D98 FCA FEC FEC FCB A88 112 114 115 225 656 B88 EA8 C87 A55 C76 D97 FB8 FB8 EA7 A55 A55 C76 D86 E86 E97 FA9 FA9 FAA EAB ECC FFF FFF FFF FFF FFF FFF C99 B66 98A CCD EDC 99C 88C AAD 98C 76A CBB A88 A88 457 126 226 878 FEC FFC FFD FFC EDC FDC FFC FFD DBA A88 766 334 233 887 DBB DBC ECD CBE BAE BBE BBE ABE CDF DDF DDF DEF 
223 223 123 588 9DC ADC 9BB 645 322 322 323 323 323 323 223 333 974 864 974 543 223 222 212 312 656 EFE FFF FFF FFF FFF FFF FFF FFF FFF FFF FFF FFF FFF FFF FFF FFF FFF FFF FFF FFF BBB AAA FFF FFF EEE 679 579 69A 69A 69A 69A 79A 335 214 113 214 214 214 325 325 214 113 446 99A BBB DCE CBD 768 325 326 325 214 113 324 DCA FEC FEC FEC FEC DA9 CAB A8C 97B 658 436 426 436 436 769 EEE FFF FFF FFF FFF FFF FFF FFF FFF FFF EEE DCA EA8 EA8 FA8 E97 D86 E97 D86 EA7 FB8 FA8 FB8 FB8 D97 D97 E88 FDB FEC FEC FEC ECA A76 544 223 534 965 C87 EA8 B65 B66 D97 FB8 FB8 EA7 A65 A55 B76 D76 E86 E97 FA8 FA9 EA9 EAA EDD FFF FFF FFF FFF FFF FBC FAA CAA A56 A78 DDE EDE 99C 88C AAE 98C 76B BAB CBA CBB 236 126 236 668 EEC FFD FFC FEC FEC FFD FFD FFC DCB 989 337 226 125 224 766 DBC ECD CBE BAE BBE BBE ABE CDF CDF DDF DEF 
223 223 223 234 9CB ADD 9DC 9AB 645 422 423 423 423 323 323 223 654 974 974 443 864 533 212 766 DDD FFF FFF FFF FFF FFF FFF FFF FFF FFF FFF FFF FFF EEE DDD CCC BBB BBB BBB CBC AAA AAB FFF FFF FFF 89A 478 69A 69A 69A 69A 69A 689 224 113 113 213 214 214 325 214 214 103 668 99A CCD FFF EEE CCD 879 436 325 325 113 103 656 EDB FEC FDB EA9 DBB EEE BAC 97B 97B 658 426 436 437 A9B FFF FFF FFF FFF FFF FFF FFF FFF FFF FFF FFE DBA EA8 EA8 FB8 E96 D86 E97 E96 FA8 FB8 FB8 FB8 EA7 E97 E97 E98 FDB FEC FEC FEB EA8 EB9 FEC DB9 C87 E97 FB8 D87 A55 D87 FB8 FB8 EA7 B65 955 B65 C76 D86 E96 FA8 EA8 C87 C88 ECC FEE FFF FFF FFF FFF FFF F88 E66 C99 A56 CAB EEF DCD 88C 88C AAE 88B 77B 98B EDC DDD 225 236 236 346 EDB FFD FFC FFD FFC FFD FFC FFD FEE 557 226 236 236 779 656 CAB DBD BAD AAE BBE AAE ABE DDF CCF DDF DEF 
223 223 233 123 689 9DC 9DC 9DC 9BB 656 423 422 423 423 433 654 543 764 754 654 975 544 777 BBB EEE FFF FFF FFF FFF FFF FFF FFF FFF EFE DDD BBB AAA AAB BBB CCC DDD DDD DDD EED EEE FFF FFF DEE 89A 467 578 7AB 7AB 69A 69A 69A 689 214 113 213 214 214 325 214 214 213 113 879 98A DDD FFF FFF FFF EEF CBC 658 426 214 214 769 A89 D99 DAA EDC FFF FFF DCD 97B 97B 97B 658 426 648 CCD FFF FFF FFF FFF FFF FFF FFF FFF FFF FEF FEF DCC DA8 EA8 FB8 D86 E97 E97 E96 FB9 FB9 FB8 FC9 EA8 EA8 E87 FCA FDB EDB FDB EA9 D97 FCA EA9 C87 EA8 FB8 FB8 C88 C76 FA8 FB8 EA7 B75 955 B65 C76 C75 E86 E97 C87 B77 C89 D99 EAA EBC EEE FFF FFF FFF FDD E54 D44 B66 C99 FFF FFF CCE 99D 88C AAD 77B 77B 87B EDC EDD 569 79A 9AA 779 FEC FFD FFC FFD FFD FFD FFC FFD EEE 336 115 126 114 335 88A CAC DBD BAD AAE BBE AAE ABE CDF BCF DEF DEF 
223 223 223 123 345 9CC 9CC ADC ADD ACC 889 544 422 322 322 764 975 643 974 864 643 975 EDC EED CCC CCC DDD EEE FFF FFF EEE DDE CCC BBB CCC EEE FFF FFF FFF FFF FFF FFF FFF FFF FFF DDE ABC 689 568 568 689 8BB 8AB 8AB 8AB 7AB 568 113 224 324 325 425 314 214 325 324 113 99B 98A EEE FFF FFF FFF FFF FFF EEE 98A 547 879 BAC B9C DCD FFE FFF FFF FFF FEF A9C 98B A8C 97B 648 98A DCE FFF FFF FFF FFF FFF FFF FFF FFF FFF FEF FFF EEE EB9 EA7 EA8 D86 E97 E97 FA8 988 AAB FB8 FA8 FDA EB8 EA9 FDB FDB FDB DA9 D97 D87 D87 C87 EB8 FB8 FB8 DB9 788 DBA FB8 FA7 D87 A66 B76 C98 B88 C99 C98 B77 C87 DA9 788 DCD FCC FBC EBC ECC ECD FDD FCC D55 B55 C99 FFF FFF FFF CCE 99C 98B AAD 87C 76B 87B DBB FDB BBB AAA BBA CCA FFC FFC FFD FFD FFD FFD FFD FFD EED 67A 679 457 236 557 CAB DBC CAD AAD AAE AAE AAE BBE CDF BCF DEF DEF 
123 223 223 223 223 BBB EEE BCD ACC 9DC ADD 9AB 667 534 423 543 643 974 A96 A86 A75 A75 B97 DCB FFF EFE EED DDD DDD DDD CCC DDD EEE DEE CCD ABC ABC 9AB 9AB ABB ABC ABC ABC ABC 9BB 679 568 689 679 578 7AA 9BB 899 ABB 788 777 678 113 767 889 777 889 447 667 777 777 667 BAC A9A 888 888 CCC FFF CCC 888 888 CCC DCD CBD CBD CBE AAA 888 888 EEE FFF 999 BBC 888 667 99A 97B CBD 999 888 888 DDD FFF FFF A99 777 888 EEE FFF BBB 888 777 C99 FA8 D86 EA7 FA8 BA9 333 667 BAA EB9 CB9 777 777 988 EBA D87 EA8 D86 D76 C97 887 888 BA9 ECA 666 344 999 CBA D98 877 777 877 CDD DEF AAA BBB 888 CCB 777 333 889 DCD FBC FAC FAB E9A E99 D98 DA9 EDD FFF FFF FFF FFF BBE A9B A9A 98C 88C 77B 87B CAA FCA FCA ECA ECB FEC FFC FFC FFD FFD FFD FFD FFC FFC FED BAB BBA BBA 569 BAA DAB DBC BAD AAD BBE AAD AAE BCE BCF BCF DEF DEF 
123 223 223 223 123 878 EDE CBD DDE BDD 9BB 7AA 7AA 788 667 986 A74 A86 BA9 CAA 954 B85 A86 B97 BCC EEE FFF FFF FFF FFF FFF DDD 9AB 689 568 467 468 467 357 357 468 689 8BB 9CC 9CC 8BB 689 579 68A 689 8BB 9AB 433 9AB 8AC 778 566 447 556 666 9AC 68B 778 666 79B 678 666 BCD 666 9AB CDE 9AC DEF 555 9BC CCD 9BC DEF DCD CBD CBD 555 ACD BCC 9BD DEE 444 899 9AD 88A 444 AAC CBD 89A ACE 9AA 566 EFF AAA 566 ACE 889 99A BCC 555 9BD BCD 555 CAA D86 EA7 EA7 CBA 455 89A ABB CBA 455 89B AAA 777 666 DA9 E97 D75 F97 766 79A CBB 9AB BAB 888 556 9AC AAA BBB 89B ABD 777 788 CBC 766 777 9AC AAC 889 555 9BD 99C E9A D9A D99 D99 EAA ECB FED FFE FFF FFF FFF FFF BBE 99B A9C 88C 88C 87C 87B B9A FCA FCA FCB FDB FEC FFC FFC FEC FFD FFD FFD FFC FEC FDB FCB DA9 DBA DBA DAA CAB DBD BAD AAD BBE 99D AAE BCE ABE BCE DEF DEF 
122 123 123 223 123 445 CBD CBD EEE FFF CDD 8AA 7AA 7AA 898 986 A85 854 976 CBA A77 B95 C96 B97 9BB 9BB ABC CDD EEE DEE ABC 789 689 689 578 578 589 79A 69A 8BB 9CC 9DC ADD ADD ADD 9CC 8BB 689 679 8AB 9CC 9BB 555 8AC 9AC CCC 455 67A 656 667 56A 325 556 666 778 777 444 ABC 778 666 BBB EEF FFF 777 666 BBB EEF FFF FFF DDE CBD 666 777 CCC EFF EEE 444 9AC BAC 98B 555 8AB CCE AAC AAA 999 455 DEF 776 79A EFF EFF CDF 889 555 AAB BAB 555 99A D97 EA8 EA7 FB9 555 9AB FB8 A87 567 BAA E86 C98 445 BAA D86 E96 FB8 A98 555 A98 DB9 D97 B98 567 BAA CBB CCD 9AA A99 766 667 DAA 766 678 A9A D99 A99 566 ABC A9A A99 C98 DBA ECA FDB FDB FDB FDC FDC FFE FFF FFF AAD 99C AAD 88C 87C 98C 88C B9A FCB FCB FDB FEC FFC FFC FFC FFC FFD FFD FFC FFC FEC FDB FCA FBA FBA EAA DBA DBC CAD BAD BBE AAD 99D ABE ABE AAE CCF DEF DEF 
112 123 122 223 223 224 BAC CBD DCE DDE CCC 99A 567 456 444 443 553 532 622 CAA B87 A74 DC7 CB9 CCA BDD 9CC 9CC ACC 9CC 8BB 8BB 9CC 9CC 8BB 8BB 8CC 9CC 9CC 8CC 9CC 9DC 9DD BDD ADD ACD 9BC 79A 679 79A ACD ABB 455 ABD EEE BBC 444 68A 656 678 447 325 555 677 78A 689 8AB 9AD 98A 9AB 667 666 EFF FFF ABB 666 777 EFF FFF FFF EDE CCD 89A 555 899 EEF 555 9AB 989 CBC 555 8AC 99A 566 9BD 9AB 555 CEF 766 89A FFF FFF FFF 999 556 9BC 9AC ABC 9AB D87 EA8 EA7 FB9 555 9AB FB8 A87 567 DA9 E96 DA8 445 99A E96 FB8 FB8 FC9 BAA 777 555 DBA B98 567 99A B87 766 678 9AB 878 667 DAA 766 789 CBB ECA BA9 566 BBB DA9 B99 B99 EA9 FBA FBA FBA EA9 EA9 FA9 FCC EEF CCE 99C 99C 99D 88C 87C 88C 98C A9B FDB FEC FEC FFC FFC FFC FFC FFD FFC FFC FFC FFC FEC FDB FCA FBA EBA FCA ECB DBC BAD BAD BBE 98D 99D AAD AAE AAD CDF DEF DDF 
112 112 112 123 223 123 98A BAC 667 334 234 233 223 212 212 212 212 212 323 534 745 A66 DA7 DCA CB9 BCB 9CC 9CC ADC 9CC 9CC 9CC 9CC ACC 8CC 8CC 8CC 8CC 9CC 8BC 8CC 9DC 9DD ADD BCC BBD CBD CBD 99B 79A 8AB 99A 333 BBC EEE 777 666 67A 656 677 447 214 667 566 557 446 889 CCE 999 DDE DDD 555 BCE CCB FFF CCC 555 BDE FFF FFF EEE AAB CCE A9A 566 CDE 444 889 CCC BAB 444 9BD 777 667 DDF AAA 444 CEF AA9 667 EFF 999 9AA BCC 444 CDD EDE AAA CBB D87 EA8 FA7 FB9 555 999 FB9 DA9 445 BA9 FB9 987 567 BAB FB8 FB8 FB9 CA9 EB9 EBA 555 AAB B98 455 A89 E98 555 889 EB9 766 567 DAB 766 789 DCB ECA BA9 445 BBB DA9 DB9 EB9 EA9 E99 EA9 E98 E98 FCA FCB DBB BBE BAC 99B 89C AAD 88C 88C 98C 98C 98B ECB FFC FFC FFC FFC FFC FFD FEC EA9 FEC FFD FFC FFC FEC FDB FDB FDB FDB EBC CAD BAD BBE BBE 87C 99D 99D AAD AAD DEF DEF DDF 
112 112 111 112 223 112 334 223 011 112 223 222 222 323 323 323 323 323 323 323 323 534 B78 A77 A77 A98 9BB 9CC ADC 9CC 9CC 9CC 9CC ADC 9CC 8CC 8CC 8CC 9CC 9CC 8CC 9CC ADC CDD CCD CAD CBD CBD A9C 87A 97B 98A 555 9AB 778 677 79C 336 778 89A 447 213 435 777 778 788 79B ABE 989 788 788 79B CDF 999 788 778 79B CEF FFF FFF FFF 888 788 788 79B 89A 555 9AB 788 667 8AB ABE CBD 667 888 AAB 788 CDF FFF 888 677 677 8BD EFF AAA 677 777 78A ACE DBB D97 FB8 FB8 A98 566 9AB EBA BA9 677 778 678 9AC EB9 FB8 FB8 FB8 BA9 778 888 79A 778 955 666 788 BBB B99 667 899 9AA 789 CAC 999 89B DBB EBA CBB 667 778 ABC EDB FDB FA9 FA9 FCA FDB FEC FCB FBA EEE DDE AAD 9AD 88C 99D 88C 88C 98C 99D 99D B9B FEC FFD FFC FFC FFC FFD FEC E99 FCB FFD FFD FFC FFC FEC FEC FEC EDC DAC CAD BAD CBE 99D 87C AAD 99D 99D BCE DEF DEF CDF 
112 111 111 112 123 112 011 011 111 212 212 212 212 222 222 222 222 322 323 323 323 434 534 323 434 545 656 778 9BB 9CC 9CC 9CC 9CC ADC 9CC 9CC 9CC 8CC 8CC 9CC 9CC BDC EEE FFF EBB B66 B77 B88 97A 97B 97B 98A 455 BAB 778 569 336 315 437 558 325 214 214 325 457 458 99C DCD 889 ABD BCE DEF FFF FFF CDE CDE DEF FFF FFF FFF FFF EFF CDE ABD AAC CBC 555 9AB CAA BBB BBD CBD CBE CCE ABE CDF DEF EEF FFF EFF CDE CDF EEF FFF FFF CDE BDE CDF EDE BAB CAA EB8 FB8 FB9 CBA BBA EB8 FB8 DBA BAA CAA EB8 FB8 FB8 FC8 FB8 FB8 CBA 99A 756 622 843 B99 ABC BCD DDD CDE BCE CDF BDF CDE CDF BCE CCD CBB CCC DDE BDE AAB FEC FEC FDB FEC FFD FEC FCA EBB DBC CBE AAE AAE AAE 99D 88C 88C 98D 99D 99D 99D A9C B9A EDB FFC FFC FFC FFC FFC FEC FEC FFD FFD FFD FFD FFD FFD FEC CBC CAD BAD CBE BAE 87B 98D 99D 99D 99D CDF DEF DEF BCE 
445 111 111 112 122 112 111 112 212 212 212 212 222 222 222 222 212 212 222 212 323 433 323 323 323 323 323 323 445 889 ACC 9CC 9CC 9CC 9CC 9CC 9CC ACC BCC DDD EFE FFF ECB DAA E88 EA8 C76 C66 C88 A7A 97A B99 677 A9A 535 426 325 325 425 314 214 214 214 214 102 113 A9B EDE 889 CBD DDE FFF FFF FFF FFF FFF FFF FFF FFF FFF FFF FFF FFF FFE BAB C99 677 AAB FA9 EA9 CBC CBE CBE CBE DBE EDF FFF FFF FFF FFF FFF FFF FFF FFF FFF FFF FFF EDD BAB DCD EDE CA9 FB8 FB8 FB8 FB8 FB8 FB8 FB8 FA7 FB8 FB8 FB8 FB8 FB8 FB8 D97 964 622 622 855 CAA DCD DDE EDF EEF EEF EEF EEF EEF DEF DEF DEF DEF CCD BAB 999 BAB CBC EDD FEC FFC FFC FDC EBA DBC BBE AAE AAE AAD 9AD AAD AAE 99D 88C 99D 99D 99D A9D A9D 99C A8B CBB FEC FFD FFD FFC FFD FFC FFD FFD FFD FFD FEC ECB C9A B9C BAD CBE BBE 98C 77B 99D 99D 9AD AAD DEF DEF DEF AAD 
A9B 222 111 111 112 112 112 222 223 323 323 323 323 323 323 323 323 323 222 323 423 322 322 323 323 323 323 323 323 323 667 CCC DEE DED DDD DEE EEE EED FEE FFF FFF EDD E88 E98 FCA FEC FCA C77 D76 D87 D88 E98 CCC 88A 436 426 325 325 426 315 214 214 214 213 113 213 BAC EDE 989 CBD DCE EEF FFF FFF FFF FFF FFF FFF FFF FFF FFF FFF FFF FFF EEE CAB AAC BAB FA9 C99 A8C CAD CBE CBE CBE DCE FEF FFF FFF FFF FFF FFF FFF FFF FFF FFF CCC BBB EEE EDE 879 535 B87 FB8 FB8 FB8 FB8 FB8 FB8 FB8 FB8 FB8 FB8 FA8 D97 965 522 311 422 867 CCD EDF DDE EDF EEF EEF EEF EEF EEF DEF DDF DDF DDF CDF DDE FEE EEE BBB 778 99A DCC EED DDC A9A 879 ABD BBE BBE BBE BBE BBE BBE BBE AAE 99D 99D 99D 99D 98C 88C 88C 98C 98C A9B DBC FEC FFD FFD FFD FFD FFC FEC FCB E98 B89 B9C BAD CBE BBE A9D 87B 88C 99D 99D 99D BCE DEF DEF DEF 99C 
556 112 111 111 112 112 212 222 222 222 323 323 323 323 334 334 334 323 323 433 323 222 212 222 323 323 323 323 323 323 212 445 BBB EDC EAA ECC DBA D98 D99 DA9 DAA EA9 FCA FEB FFC FFC FEC FCA D98 D88 E87 EA9 FEC 978 536 426 425 426 426 325 214 214 214 213 113 214 BBC EEE 99A CBD DCE EDE FFF FFF FFF FFF FFF FFF FFF FFF FFF FFF FFF FFF FFF EEE CBD CAC DAA A89 98C A9C CAD CBE CBE DCE EDF FFF FFF FFF FFF FFF FFF FFF EEE BBB CCC FFE CCC 546 214 425 646 967 DA7 FB8 FB8 FB8 DA7 976 755 745 855 744 522 522 211 433 99A DDE EDE DCE EDF EEF EEF EEF EDF DDF DCF DCE CCE CCE CCE CCE CCC CA7 CB9 FEF DCE CBC BBB BBB BBB AAA AAB CDF CDF CDF CDF CCF BBE BBE ABE AAE 99D 99D 88C 87B 76A 87B 87B 88C 98C 98C 98C A9B CAA ECA ECA EBA EA9 E98 C78 A78 A9C BAD CBE BBE 99C 88C 87B 99D 99D AAE 99D CDF DEF DEF DDF BAC 
011 111 111 111 112 112 323 323 323 323 323 323 323 323 323 434 434 323 434 323 323 323 323 222 212 323 323 423 323 323 322 212 323 966 EA9 EA9 EB9 FB9 FB9 FB9 FCA FEC FFC FFC FFC FFC FFC FEC FCA EBB EBA EA9 ECB 868 536 426 426 536 426 325 214 214 214 113 113 224 BBC EEF A9A CBC DCE DCE EDE FFF FFF FFF FFF FFF FFF FFF FFF FFF FFF FFF FFF FFF DDE CBD CBD A9B 98B A9C B9D CBD CBE DBE DCE FEF FFF FFF FFF FFF EEE BBB BAB EED FFF AAB 335 213 324 536 537 536 535 855 A76 966 534 212 211 211 201 212 422 522 545 BAC EDE DCE DCE EDF EEF EDF DDE DCE DCE DCE DCE DCE DCF DDF DDF DDF DCC B96 CA9 EDE DCE FFF FFF FFF FFF FFF CCE CDF CDF CCF BCF BBE AAE 9AD 88C 558 558 558 76A 98B 97A A8C 98B 97B 87B 88B 98C 87B 969 D87 E88 E88 D89 C9A B9B 98C BAD BBE BAD 98C 88C 88C 88C 98C 99D AAD AAD DEF DEF DEF CCE EDC 
112 112 011 112 223 323 323 323 323 323 323 324 334 334 324 434 645 745 644 323 323 323 323 323 322 222 322 323 433 423 323 322 323 323 988 FEC FEC FFC FFC FFC FFC FFC FFC FFC FFC FFC FFC FFC FEC FCA EDD ECB DA9 757 536 536 536 537 426 325 214 214 214 113 113 224 BBC EEF AAB BBC EDE ECE EDE EEF FFF FFF FFF FFF FFF FFF FFF FFF FFF FFF FFF FFF FFF DCD DCE DCE BAD A9C A9C BAD CBE DCE DCE EDF FFF FFF FFF CBC 99A CCC EEE BBB 667 113 213 325 436 436 436 536 436 324 412 312 211 211 311 311 211 323 312 322 BAB EDE DCE DCE EDE EDE ECE DBE DBE DBE DBE DBE DCE CBD CBD BAD BAD CCD FFF EEE DCE DCE EDE FFF FFF FFF FFF FEF AAD BBE ABE AAE AAD 99C 77C 77B 558 235 224 113 124 224 658 98B A9C A8C A8C 98C 97B 97B 97A D88 D89 DAB CBD DBE BAD AAD BAE AAD 98C 98C 98D 88C 88C 88C AAE 99D BCE DEF DEF DEF DCC FFD 
223 112 011 223 324 334 324 324 323 423 423 323 323 323 323 434 756 645 755 966 744 433 323 423 423 323 322 323 323 433 423 323 434 766 323 A98 FFC FFC FFC FFC FFC FFC FFC FFC FFC FFC FFC FFC FFC FEC ECB FFE EDC 858 536 536 536 537 536 325 214 214 214 113 113 224 BBD EEF BBB BBB EDE EDE EDE EDE FFF FFF FFF FFF FFF FFF FFF FFF FFF FFF FFF FFF FFF FEF DCE EEF EEE DCE BAD A9C BAD CBE DCE ECE EEF CCC 999 BBB EEE BBB 445 112 001 111 213 436 436 436 436 426 424 423 422 312 312 522 622 311 412 423 322 989 DCE DCE ECE EDE EDE DCE DBD DBD CBD DBD DCE DDE CBD B9C A8C BAD EDE EEE EEE EEE EDE ECE EDE FFF FFF FFF FFF EDE BBD CDE DDE DDE BBD 88C 77C 77B 669 779 779 557 335 123 012 113 557 98B A8C A8B A9B A9B 97B B8A CBD DBE DBE CBE AAD AAE AAD 98B 98C 99D 88C 88B 88C 99D AAE 9AD DDF DEF DEF DDE EEC FFD 
123 111 111 223 334 324 334 324 323 434 434 434 434 323 323 545 645 434 434 534 856 B76 855 534 434 434 423 323 323 423 434 423 323 666 998 433 BBA FFC FFC FFC FFC FFC FFC FFC FFC FFC FFC FFC FFC FFC FEC EDD FFF 989 636 637 637 647 536 325 325 325 214 113 113 324 BBC EEF CCC AAB EEF EDE EDE EDE EEF FFF FFF FFF FFF FFF FFF FFF FFF FFF FFF FFF FFF FFF EDE DCE FFF FFF EDE CBD 98B A9C CBE CBC 989 999 DDD EEE 889 112 001 111 111 112 112 335 537 436 435 524 523 522 522 623 623 522 412 522 522 533 868 CBE DCE DCE EDE ECE CBD B9B B9A DAA DBA ECB FDD DBD C9D B9C DCE FFF FFF FFF FDC DBA CAA DBD EDF FFF FFF FFF FFF DCE EEE FFF FFF BBD 88C 88C 77C 66A 224 235 346 446 546 667 657 445 113 224 778 BA7 887 998 BAA CBD DBE DBE DBE BAD AAD A9D 88B B9D CBE A9C 88B 99C 88C 99D 99D BBE DEF DEF DEF CCC FFD FFD 
112 112 223 323 334 334 323 333 323 323 323 334 755 755 534 434 433 433 434 534 534 645 B76 C77 855 644 534 534 423 323 433 434 423 323 A98 AA8 545 DDB FFC FFC FFC FFC FFC FFC FFC FFC FFC FFC FFC FFC FFC EDC FFE BAB 637 637 647 647 537 425 325 325 325 113 113 224 BBC EEF DDD AAA EEF EDE EDE EDE EDF EEF FFF FFF FFF FFF FFF FFF FFF FFF FFF FFF FFF FFF FFF EDE EEF FFF CCD 999 AAB DCD CBD 98A BBC DDE EEE 888 111 001 111 111 112 112 112 213 547 536 634 633 633 744 733 733 522 522 723 723 422 867 CBD DBE DCE ECE DCE A8A 746 B98 EBA EBA EBA EB9 CAB DAD CBD EDE FFF FFF FFF FDC EBA EB9 DA9 DA9 EBB FEE FFF FFF FEF DCD DDE CCE 99D 88C 88C 88C 88C 559 224 224 235 235 012 012 123 445 557 446 764 544 776 775 986 CBC DBE DBE CBE AAD AAD 98C B9D CBE BAD BAD DCE CBE A9D 9AD AAD DDF DEF EEF BBE CBB FFD FFD 
223 224 323 333 433 434 434 323 334 323 323 323 433 856 A66 645 434 434 434 534 644 645 645 966 C87 B76 855 644 534 433 323 434 434 323 434 DB9 987 988 FFC FFC FFC FFC FFC FFC FFC FFC FFC FFC FFC FFC FFC FEC EDD DDD 747 647 748 647 537 426 325 325 325 214 113 224 BAC EEE EEE 99A EEE EEF EDF EEF EEF EEF FEF FFF FFF FFF FFF FFE EFE EEE EEE EEE EEE DDD CCC BBB AAA 989 AAA DDD FFF EDE EDE BAC 779 AAB AAB 112 001 011 112 112 122 112 112 112 435 845 744 734 956 DCC A89 734 733 733 733 622 756 BBD CBD DCE ECE DCD 967 723 622 855 DB9 EB9 EB9 DAA DBD DAC DCD FFF FFF FFF FDD FBA FBA FCA EB9 DA9 E98 EA9 EBA ECC EDD BBC 99D 99D 88D 88C 88C 88C 88C 87C 989 A89 98A 779 879 668 557 446 435 446 765 654 CA6 654 654 CAB CBE CBE CAD AAD 98C BAD DDE DDE EEE FFF EDF CBE A9D 99D BCE DEF DEF CDF 87C CBC FFD FFD 
223 223 434 323 323 334 434 434 323 323 434 534 434 434 855 C77 966 645 534 534 644 645 755 755 966 C98 E98 A66 745 534 433 423 434 433 323 655 CB9 A98 EDB FFC FFC FFC FFC FFC FFC FFC FFC FFC FFC FFC FFC FFC FDB EDD 979 647 748 647 647 426 425 325 325 214 214 224 BAC EDE FFF AAA EEE FEF EEF EEF EEE DDE DCD CCC BBB BBB BBB BBB BBB BBB BBB BBB BAB BAA BBB BBB CCC DDD FFF FFF FFF DDE 879 436 326 326 325 111 111 111 112 122 123 112 112 112 212 745 955 845 CAA FBB FCC B89 834 733 723 745 BAC CBD DBD DCE DCE 656 522 723 723 623 B88 EB9 DA9 DBC DBD CAA EBA FED FFF FDC EB9 EB9 EBA EBA DAA B99 EBA FDB FEC FFC FEC BAC 99D 99D 99D 99D 98D 88C 77B 779 888 668 457 557 668 557 446 335 224 223 555 754 654 654 A87 CBD DCE DDF CCE AAD BAD FFF FFF FFF FFF FFF EDF A9B 99C AAE DEF DEF DEF 99C 77B CBB FFD FFD 
112 323 434 333 323 323 323 434 434 323 323 645 755 434 323 755 D87 C87 966 745 645 745 755 856 856 966 C98 E98 C87 866 534 433 423 434 323 222 655 BA9 DCB FFC FFC FFC FFC FFC FFC FFC FFC FFC FFC FFC FFC FFC FDB ECB CBB 758 758 748 647 436 426 425 325 214 214 224 BAC EDE FFF BAB DDD FFF DDE CBC BBB BBB BBB CBC DCD DDD EEE EEE EEE FFE FFE FFE FFF FFF FFF FFF FFF FFF FFF FFF BBC 547 325 437 548 537 326 113 001 111 112 112 112 112 112 112 112 423 634 978 ECC F99 FA9 ECB B9A A78 967 A9B CBD CBD DCE ECE A79 312 412 733 733 723 955 DB9 DAA DBD CAA DA9 EB9 EBA EDC DBA CAA CAB CAC BAD BAD BAC FEC FFD FFD FFD FEC BAC 99D 99D 99D 88C 669 346 335 335 335 224 223 335 546 668 668 557 557 658 658 766 976 876 888 EEF FFF FFF EEF BBE EEF FFF FFF FFF FFF FFF CAC 99B 9AD CCF DEF EEF BBD 77B 77B CAA FEC FFD 
223 434 434 434 333 323 323 334 434 434 434 434 534 855 644 434 645 C98 EA9 D87 956 755 856 956 966 966 966 655 844 A66 977 534 433 434 433 323 212 434 A99 FEC FFC FFC FFC FFC FFC FFC FFC FFC FFC FFC FFC FFC FDB EBA DDC A8A 748 748 647 536 436 426 325 314 214 214 AAB EDE FFF CCC AAA BBB BBB CCD EDE EEE EEE EEE EEE EEE FFF FFF FFF FFF FFF FFF FFF FFF FFF FFF FFF EEE BBC 667 324 325 548 648 548 648 648 436 112 001 111 112 112 112 112 112 312 312 001 445 EBB FBA FCB FDC FEE EEF EEE EEE DCC CBD DCE BAB 734 412 311 723 733 723 733 CA9 DBC DAC DA9 EB9 DA9 DAA CBC DBD DBD DBE CBD CAD BAD CAC FEC FFD FFC FFD FEC BAC AAD 99C 558 335 445 556 445 224 446 99A 99A CCD CBD BBD 9AD 89C 78B 347 556 335 335 556 446 FFF FFF FFF EEF DDF FFF FFF FFF FFF FFF DDD BAB BAE BBE DEF EEF CDF 88C 77C 88C DCD FDC FEC 
323 434 434 434 434 333 323 323 334 534 434 434 323 434 966 966 534 645 BA9 FDB EB9 B88 A77 A77 966 A66 766 333 A98 B87 C98 866 433 433 434 323 223 212 323 777 EDB FFC FFC FFC FFC FFC FFC FFC FFC FFC FFC FEC FCA EBB EEE DCD 869 748 647 536 536 436 425 325 315 214 99A EDE DDD 99A 888 DDD EEE EEF EEF EEE EEE DDE DCD CCD BBC BBC BBB BBB BBB BBB BBB AAB A9A 99A 778 546 224 325 436 537 548 658 648 548 648 659 546 111 111 111 112 112 212 622 522 412 111 112 BBB FEE FFF FFF FFF FFF FFF FFF FFF FFF DDE 867 733 522 312 623 733 733 733 B88 DBC DAA EB9 CAA CAB DBD EBE DBE DBD CAD CAD CAD CBE CBC FEC FFD FFC FFD FEC BAC AAD 669 556 667 446 334 545 457 99B BCD 9AD 9AD 9AD 9AD 9AD 9AD 558 556 435 547 224 667 335 CCD FFF FFF FFF FEF FFF FFF FFF FFF EEE DCD DCE AAE DDF DEF DDF 99C 77C 87C 87B DDE FEE ECC 
323 434 434 434 434 434 323 323 434 434 333 434 434 434 434 855 B77 855 755 A98 EDB FEC DCA ECA DCA DA9 655 223 544 CBA EDC B99 534 433 433 323 323 223 223 213 655 DDB FFC FFC FFC FFC FFC FFC FFC FFC FFC FEC FBA FCC FFF EEE CBC 758 648 536 536 536 436 425 325 314 88A CBC A9A CCC AAA EEE FFF DDE BAB 889 657 446 335 224 214 113 113 113 113 113 113 113 113 113 214 325 436 426 436 537 537 648 758 648 648 759 769 435 001 111 111 422 722 822 522 212 011 333 DED FFF FFF FFF FFF FFF FFF FFF FFF FFF FFF DCD 867 645 523 522 733 733 723 967 CAC CA9 CAB DBD ECE DBD DBD DAD DAD DBD CBE CBE CBE DBB FFC FFC FFC FFD FFC CBC A9D 779 446 224 545 B88 B9A 67A 78B 99C 99D 99D 99D 9AD ABD BCE ABD BBD 99B 99B 446 779 447 89A EEF EEF EEF EEF FFF FFF FFF DDD CCD CCE AAD CDF DEF DDF B9A 87A 87C 87C 77B 889 CCC EEE 
323 434 434 334 434 334 434 434 323 223 323 434 434 434 534 534 855 C77 C77 966 A77 DCA FEC FEC FEC FCA 755 224 232 444 EED EDC 745 434 424 323 323 223 223 323 323 555 DDB FFC FFC FFC FEC FEC FFC FFC FEC FCA EA9 FEE FFF EEE EEE A8A 648 637 537 536 536 426 425 325 657 AAA DDE EEF BBB BBC 889 446 214 113 113 113 214 324 425 325 324 324 325 325 436 325 325 325 325 325 436 436 436 437 537 548 648 758 648 759 769 87A 445 211 412 722 722 522 212 112 112 99A FFF FFF FFF FFF FFF FFF FFF FFF FFF FFF FFF FEF DCE 9AC 89C 778 745 723 723 855 BAB CAC EBE EBD DAD CAD DAD DAD DBD DBE DBE CBE CBE DBB FFC FFC FFC FFC FFC DCC CCE 889 224 767 B9A A9B 99C 99A 999 99C 9AD 9AD 99D 99D 99D AAE ABE BBE BBE BBE BBE BBE AAD 9AD BBE BCE CCE CCE BCE BBE AAD 99D 9AD AAE CDF DEF CCF B9C D88 97B 77C 88C 88C DDD DCD DDD 
323 434 434 323 434 534 534 434 323 323 222 323 434 434 534 545 645 755 B77 D87 D88 C98 DA9 EDB FEB FDB 976 555 453 231 998 FEC A77 534 434 323 323 223 223 323 755 434 666 EEC FEC EDB FDB EBA EBA FEB FD9 FB8 ECA FFE FFF FFE EDE CCC 979 647 537 537 536 536 436 425 657 DDD EDE DDD 878 325 214 224 324 325 436 536 537 537 647 537 436 436 436 426 537 536 426 325 325 325 326 537 436 437 537 548 648 658 759 769 98B CBD 667 211 412 422 312 112 112 112 888 FFF FFF FFF FFF FFF FFF FFF FFF FFF FFF FFF FFF FEF EDE CBD 9AD 9BE 9AD 779 734 856 BAC EBE DBD C9C CAD DAD DAD DBE DBE DBE CBE CBD BAC DBB FFC FFC FFC FFD FFD EDC FED A99 779 A9C A9B A9B 8AD AAB 9AB 9AD 9AD AAD AAE BBE BCE BCE BCE BBE BBE BBE BBE BBE BCF BCF BCF BCF BCF CCF BCF BBE AAE AAE BBE DDF DDF BBE AAD C89 EB9 98B 87C 98C 87C EDE FFF FFF 
323 434 434 434 645 534 434 334 434 434 434 323 323 645 645 645 645 755 855 966 C87 ECA FDB FDB FEB FEC FDB 987 232 673 AA5 ECB EB9 645 434 545 324 323 323 213 545 B99 445 987 EDB FCB FBA EC9 EB7 FD9 FD9 FD9 FD9 FEA FFD EEE DCD DCD CBC 768 647 537 537 537 536 536 647 CCD CCD 658 325 435 436 647 648 648 648 648 648 547 647 647 537 537 436 436 436 537 426 426 325 325 326 436 537 437 547 648 648 658 98A BBC DDD CBD 334 111 112 111 011 112 234 999 FFF FFF FFF FFF FFF FFF FFF FFF FFF FFF FFF FFF FFF FEF EDF EDE AAD 9BD 9BE 9BE 99B BAC BAC CAD B9C C9D CAD DAD DBD CAD BAD BAC BAD BAD B9A DBA FFD FFD FFD FFD FFD ECB C9A A9C A9C DAA EAA AAC 9BD 9AD 9AD AAE AAE AAE BBE CCE CDE CDE CDF CDF CDF CDF CDF CDF CDF CDF CDF CDF CDF CDF CDF CCF BCF BCF DDF CCF AAE AAE A9C E98 FDB 98B 99C 98C 87C DCE FFF FFF 
223 434 756 756 434 324 323 334 434 434 434 644 644 433 855 855 755 855 966 966 A66 C98 FDB FEC FFC FEC FFC EDB 785 BC5 CC6 ECA FCA B87 434 778 657 323 323 223 434 CCC BAA 545 DB9 EA9 D97 EB8 FDA FC8 FC8 FC8 FC8 EC9 ED9 EDC EDE ECE DCD B9B 869 869 647 647 647 647 647 A9B 869 647 658 758 758 859 869 868 968 978 978 868 648 648 647 537 537 436 426 537 436 426 426 326 426 426 537 537 547 758 98A BAC CCD DCD DCD DCD 878 111 011 112 333 777 DDC FFF FFF FFF FFF FFF FFF FFF FFF FFF FFF FFF FFF FFF FEF EDE EDE EDE BBD 9AD 9BE 9AD BAD DCE B9C A8B B9C B9C A9C A9C 9AD 9AD AAD 9AD 9AD 9AD A9C DBA FFD FFD FFD FFD FFD CBB A9C CAB EBA FBA DAB 9AD AAD AAE AAE AAD 9AD 89C 558 558 89A 346 458 78B BCE ABD BCE CDF DDF DEF DEF DEF DEF DEF DDF CDF CDF CCF BBE 99D AAE A9D C89 FBA FEC A9B BAD 87C 87B CBE FFF FFF 
323 A78 856 434 333 323 323 323 434 434 434 434 755 A66 744 855 A66 A66 966 A66 A76 DB9 FEB FEC FFC FFC FFC FFC EEB CC8 DB9 FCA FCA FCA 866 546 AAA 324 324 324 324 BAA ECB 977 867 DBA DB8 EDB FB8 E97 E98 E98 E97 EA7 EB8 DB9 DCD CCD CCD CBC CBC DCD BAB 98A A9B BBC BBB 879 869 869 869 979 B99 CAA DCB EDB EDB EDB EDB EDB CA9 868 758 658 658 658 647 537 536 426 426 326 426 436 658 87A BAC DCD DCD DBB DBC ECC EA9 EAA ECB A9A 889 ABA DDD FFF FFF FFF FFF FFF FFF FFF FFF FFF FFF FFF FFF FFF FFF FFF FEF EDE ECE ECE CBD ABD 9BE 9AD CBD CAD A8C 87B 88B 89C 79C 8AD ABE ABE BCF ABE 9AE 8AE 9AD DCB FFC FFD FFD FFD EDC AAC CAB FCA FCA FBA AAB 9AD AAE 9AD 9AD 9AD 9AD 569 225 779 557 224 336 68A BCD 669 346 669 AAC AAC BCE CDF DDF CDF CDF BCE BAD A9B 99C 9AD AAD B8A E98 FEC FEC CBB 99C 77C 87B CBD FEF FFF 
323 756 434 434 434 323 323 223 323 434 434 434 434 755 A76 C77 A66 B76 C87 B87 D98 FDB FEC FEC FFC FFC FFC FFC FFC FEC FDB FDB FDB FDB DB9 545 CCC 656 324 324 324 A89 EBA DA9 766 CB9 ECA FBA E98 C78 B67 A56 A56 C66 E87 DA8 AB9 9CA BDB BDB BCB BCC DDD EEE EFE FFF FFF BAB 979 CAA DCB EDC FEC FEC FEC FEC FEC FEC FEC FEC FEB CA9 A8A A9C A9C A9C A9C BAC A9B A9A A9A A9A A9B BAC CAB DBC ECE EDE DBB EA9 DBB EBB E99 EAA FED FFF FFF FFF FFF FFF FFF FFF FFF FFF FFF FFF FFF FFF EEE EEE FFF FEE FFF FFF FFF FEF DCE DCE CBE ABD ABE BAD CBD 99C 9AD 9AD 67B 78B 89D 89D ABE ABE ACF ABE 9AE 8AE 9AD ECB FFC FFD FFD FFD CBD CAA FBA FCB FCB CAA AAD AAD 9AD 9AD ABE 9AD 78B 336 446 88A 225 875 986 89B 9AD 9AD 336 446 779 235 346 67A 77A B9A C9B D9A C89 A8B AAD AAE A9C E98 FCB FFD FFD CAA 77B 77C 869 C9A DCD FEE 
434 544 534 434 434 323 323 323 222 323 434 434 544 645 745 C87 EA9 DA8 D98 EA9 ECA FEB FEC FFC FFC FFC FFC FFC FFC FEC FEC FEB FEB FEC EDB 756 CCC 879 324 324 324 A88 EB9 EA9 877 BB9 ECB E99 B78 957 846 835 734 834 A55 D97 BA8 9BA BDB BDB BDB BDB BDB BDC DDD EFE FFF EDD DA9 EDB FEC FEC FEC FEC FEC FEC FEC FEC FEC FEC FEC ECA C9A CCD DDE EEE EDD EDD EEE FFF FFE EBB DAA DAA D98 E99 EAA EBB EBA EDB EDC DCC EBA FDC FFF FFF FFF FFF FFF FFF FFF FFF FFF FFF FFF FFF FFF FFF AAA BBB FDC FCB FFE FFF FFF FEF DCE DBE CBE AAD 9AD BBD AAD ABE ABE 9BE 8AD 67A 79C 8AD 9BE ABF ACF ACE 9AE 8AD 99C ECB FFC FFD FFD EEC CBC EBA FBA FCB DBA A9C AAC 99B 9BE ABE 9AD 8AD 457 235 779 557 236 776 A97 9AC ABE 9AD 346 447 679 457 458 67A 68B C9A FAA C9A A9C 9AD 9AD A9C D99 FBA FEC FFD FFD DCB 77B 77B A68 E88 E99 E99 
434 323 534 434 434 434 323 223 223 212 323 434 545 855 856 855 B77 EB9 EA9 B87 C98 EDB FEC FFC FFC FFC FFC FFC FFC FEC FEC FEC FEC FEC FEB 867 DCB 989 324 324 435 C98 EA9 DA9 656 CB8 EBA C78 957 846 735 634 624 623 734 B76 CB9 9BA ACB ACB 9BB 9AB 9AB 9AB 99B BBC EEE EEE ECC ECB EEC FEC FEC FEC FEC FEC FEC FEC FEC FEC FEB FCA EA9 DCC EEE EEE DBA DA9 D99 DBB DBB E98 FB9 EA9 E98 FA9 FAA FCB FDC FDC EDC DBC EDD FEE FFF FFF FFF FFF FFF FFF FFF FFF FFF FFF FFF FFF FFF FFF FFF FFF FED FEE FFF FFF FFF FEF DCE DBE DCE AAD 9AD BAD 9AD ABE ACE ABE ABE 89D 57A 79C 8AD 9BE ACF ACF 8AE 8AD 89C EBA FEC FFC FFC FEC ECB FBA FCB ECB A9B 9AD 9AC 9AD ABE ABE 9BE 78B 235 446 88A 235 347 358 67A 8AD 89C 68B 67A 68A 57A 68B 78B 78B 67A A8A B9B 99C 99D 9AD A9C D99 FA9 FEC FFD FFD FFD FEC 87B 77B DBA FDB FEC FEC 
434 323 323 434 434 434 434 323 223 223 222 323 534 645 A66 C77 A76 B77 644 754 CA9 DCB FEC FEC FFC FFC FFC FFC FFC FFC FFC FFC FFC FEC EDB A77 C98 756 324 324 656 DA9 EB9 977 655 DC9 DBA A68 846 735 634 623 523 523 623 A65 CB9 9BA 79A 67A 66B 66B 66B 77B 66B 55A 77A CCD EEE EDD EBB EDB FEC FEC FEC FEC FEC FEC FEC FEC FDB FBA EA9 EBA EED EDD FEC FDC FCB EBA EB9 FCA FEC FDB E99 FBA FDB FEC FEC FEC EDC CBC EDE FFF FFF FFF FFF FFF FFF FFF FFF FFF FFF FFF FFF FFF FFF FFF FFF FFF FFF FFF FFF FFF FFF EEF DCE DCE DCE ABD 9AD AAD 9BD 9BE 9BE ABE ACE ABE 89C 57B 78C 8AD ABE BCF 8AE 89D 89C EBA FEC FFC FFC FEC FDB FBA FCB 99A 99C 9AD 9AE ABE ABE 9BE 9BE 569 235 778 568 235 347 458 67A 78B 68B 78C 9AD 89C 89C 78B 67B 67A 68B 99C AAD AAD AAD 88C A79 FA9 FDB FFD FFD FFD FFD FFC 98B A9B FFC FFD FFD FFD 
434 434 222 323 434 434 434 333 323 323 323 322 423 534 745 A66 D88 855 112 443 655 CCB FFE FEC FFC FFC FFC FFC FFC FFC FFC FFC FEC FEC ECA D98 967 324 324 435 878 766 866 434 A88 DB9 DBA A68 746 635 624 523 523 523 523 975 AA9 66A 55A 56A 789 9A8 BB8 BA8 988 669 449 448 AAB EEE DCC DAA DAA EDB FEC FEC FEC FEC FEC FEB FCA FB9 E98 EAA FED FED FED FED FED FED FEC FEC FEC FEC FBA FBA FCB FDC FDC FDC ECC CBD EEE FFF FFF FFF FFF FFF FFF FFF FFF FFF FFF FFF FFF FFF EEE FFF FFF FFF FFF FFF FFF FFF FFF EDE DCE EDE CCE 9AD 9AD AAD 9AC 9AC 8AD 8AD 8AD 99C 89C 88B 78B 9AD 8AD ABE 9AE 79D 88C DAA FEC FFC FFC FEC FDB DBB 99B 78B 99C 9AD 9BE ABE 9BE 9AE 9BE 9AD 78B 78A 336 235 468 67A 9AD 9AD 9AE ABE ABE 9AD 78C 78B 9AC BBD BCE BBE BAE 99C 87B 87C 97A EBA FEC FFD FFD FFD FFD FFC C9A DCB FFD FFD FFD FFD 
434 434 323 212 323 434 334 434 333 323 323 323 323 433 644 755 A66 433 224 233 221 343 CCB FEC FEC FEC FEC FFC FFC FFC FEC FEC FEC FEC ECA 967 435 324 325 657 334 223 324 555 B98 B99 BA9 B89 746 634 524 523 523 512 744 A87 769 449 669 BB8 EE9 EEA EEB EEA DC9 B96 766 448 337 89A CCD CBD BAC CAC CBB EDB FEC FEC FEC FDB FBA E98 D87 C98 ECB EDB EDB EDB EBA FEC FFD FFC FFC FEC FCB FBA FCB FDB FDB ECB DAB DCD FFE FFF FFF FFF FFF FFF FFF FFF CDC DDD FFF FFF FFF FFE AAA DDD FFF FFF FFF EEE FFF FFF FEF ECE DCE DDE AAC AAC BAD BAD BAC BAD BAD AAD AAD 9AD 9AD 99C 77B 89B BCD BBD 89C 78C 78C B99 FDB FEC FEC DCC BAB 99A 78A 89C 89C 9BE ABE 9BE 9BE 9BE ABE 9BE 9BE 8AC 568 346 68A 9AD 9BE 9BE 9BE BCE ABE BBE CCE DDF DDF CCE BAE A9D 98C 88C 98C 98C 97B DAA FEC FFD FFC FFD FFD FFC ECA FEC FFD FFD FFD FFD 
434 434 323 212 212 434 434 323 434 323 323 323 423 423 534 645 745 223 335 333 232 442 895 EDB FEB FEB FEC FEC FFC FEC FDB FEC FEC FEC 977 424 324 325 325 435 324 435 556 334 334 879 98A A98 A88 745 624 523 523 755 A97 768 348 569 CC8 EEA EED FFE FFE FEE EEE EDC BA8 876 448 337 789 99B BAD CBD BAB DA9 FDB FDB FCB FBA E99 D87 EB9 EDB FEC FEC FEC FEC FDB EBA FEC FFD FFD FFD FDB EA9 FBB FCB EBA EBA DBB EEE FFF FFF FFF FFF FFF FFF FFF FFF AAA ABB FFF FFF FFF FFF DED FFF FFF FFF CBB 955 DCC FEF EDE DCE DCE DCD DCC EDC DCB CAB A8B A8C CAD CAD CBD CBD BAD AAD 9AD 67B 78B CCD AAB 668 78C 77A A99 AAB 99B 9AC 89B B96 A86 79B 79C ABE 9BE 9AE 9BE ABE 9BE 9AD AA9 997 89C 78B 8AC 9BD 9BE 9BE BCE CDF DDF DEF DDF CCE BBE AAD 98C 98C A8C A8C A8C A8C 98C B89 FDB FFD FFC FFD FFD FEC FDB FFD FFD FFD FFD FFD 
434 434 434 323 212 222 434 334 323 334 323 323 423 434 434 534 866 433 667 332 232 9A4 CC6 DB9 FCA FDB FEB FEC FEC FEC FEC FEC FEC EDB 645 324 324 435 324 223 445 667 234 123 123 456 779 568 877 AA8 987 987 A98 BB9 889 337 338 AB8 EEA EFE FFE FFE FFE FFE FEE EEE EDD BA7 666 338 447 578 88A BAC BAC C88 EA9 EBA EB9 EA9 EB9 EDB FEC FEC FEC FEC FEC FEC FEC FDB ECA FED FFD FFD FDC FDC FFF FFE FED FDC ECB EEE FFF FFF FFF FFF FFF FFF FFF FCC FDD FFF FFF FFF FFF FFF FFF FFF FFF DDD 844 722 955 DCD DCE DCE DDE DDD FFD FFD FFD FEC EDC B9A A8B 98B A9C CBD CBE CAD A9C 99C 67B 78B DDE AAA 779 77A 67A 67B 8AC 9BD ABD AA9 9AB 89C 89C 9BD 9AE 9AE ABE 9BE 9BE 9BD A97 A97 8AC 9BE 9BE 9AD BCE DDF DEF DEF DDF CCF CBE BAD 88B 88B A9C A9D A9C A9C A9C A9C A8B C98 FCA FFC FFD FFD FFD FDC FEC FFD FFD FFD FFD FFC 
434 434 434 323 212 112 223 334 334 323 323 323 323 433 534 534 866 855 765 232 783 DD6 DC8 EB9 FCA FDB FEB FEC FEC FEC FEC FEC FEC DBA 657 768 769 334 012 345 567 234 223 223 234 688 8AA 678 557 334 567 9AA 9BB 8AB 568 226 667 DE8 EED FFE FFF FFF FFF FFF FFE EEE EED DCB 975 448 448 567 567 78A BAC B8A C88 D98 EA9 ECA FEC FEC FEC FEC FEC FEC FEC FEC FEC FDB EBA FEC FFD FFD FDC FFE FFF FFF FFE FED ECC DCD EEE FFF FFF FFF FFF FFF FEE FBB FDD FFF FFF FFF FFF FFF FFF FFF FFF 978 622 722 833 B9B DCE DCE DCD FED FFD FFD FFD FFC FFD FDB C9A A8B 97B A9C B9C BAD CBD A9C 99C 67B 78B DDE 889 99B 88B 87B 99C 99C 99C 99C 99D 9AD 89C 89D 9AD 9BE ABE 9AE 9BE ABE 9AD 9AC 9AD 9BE ABD CDE DEF DEF DEF DDF CCF BBE 99C 77B 88B B9D B9D B9D B9D B9D B9D B9C CBB DA9 DA9 FEC FFD FFD FFC FEC FFD FFD FFD FFD FFD FFD 
434 434 434 323 223 212 112 223 333 434 323 323 323 423 434 534 644 866 976 887 996 DB8 EB9 FB9 FCA FDB FEB FEC FEC FEC FEC FEC FEC CAA A8B A8C 768 112 334 456 233 223 223 234 546 667 8AA 8AA 345 345 679 79B 9BB 9BB 447 116 997 EEA FFE FFF FFF FFF FFF FFE FEE EED EDD EDC B97 557 348 457 467 578 779 A9C A9B B9A DBB EDC EDC EDC FEC FEC FEC FEC FEC FEC FEC FDB FBA FCB FFD FDC FED FFF FFF FFF FFF FFE EED CBD EDE FFF FFF FFF FFF FFF FFF FFF FFF FFF FFF FFF FFF EDD B99 866 756 645 522 522 745 BAC DBD CCD EED FFD FFD FFD FFD FFD FFC FEC FBA D99 A8B 97B A7A A78 CAB DCE A8C 88C 459 89B CCD 878 CBD A8C A8C A8C A8C A9C A9C A9C 99C 89C 8AD 9BD 9AD 9AE ABE 9BE 9AD 9AD 9AD BBE DDF DEF DEF DDF CDF CCE AAD 78C 77B 99C B9D B9D B9D B9D B9D B9D B9C DDE FFE DBB C9A FDB FFD FFD FEC FFC FFD FFD FFD FFD FFD FFD 
434 434 434 434 323 212 112 212 222 323 434 323 323 323 423 434 534 644 756 BA9 ECA EBA EB9 FB9 FCA FDB FEC FEC FEC FEC FEC FEC DCA A8A A8C 97A 223 224 335 123 223 223 234 445 658 556 566 455 788 9BB 78A 67A 68A 8AB 336 125 A96 EEB FFE FFF FFF FFF FFF FFE EEE EED EDC DDC BA8 666 338 456 467 457 457 779 99B BBC DED EEE EEE EDD EDC FEC FEC FEC FEC FEC FEC FDB FBA EBA FDC FED FFF FFF FFF FFF FFF FFF FFE DCD EDE FEF FFF FFF FFF FFF FFF FFF FFF FFF FFF FFF DCC 833 722 512 412 98A 867 622 845 B9B DCC FED FFD FFD FFD FFD FFC FFC FFC FEC FBA FBA D9A C9A E99 E98 DAB FEF CAD 98C 78B 569 BCD AAA AAB DDE A9C A9C B9D B9D A9C A9C 99C 9AD 9BD 8AD 8AD 9AD 9BD 8AD 8AD 9AD BBE DDF DDF DEF DDF DDF BBE 99C 78C 78B A9D BAD BAD BAD BAD C9D CAD BAD DDE FFF EEE CAD C9B ECB FFD FFD FEC FFD FFD FFD FFD FFD FFD FFD 
434 434 434 334 323 222 212 112 212 222 323 434 323 323 323 423 433 434 534 644 866 A87 C98 DA9 FCA FEB FEC FEC FEC FEC EDB CA9 A79 A8B A8C 557 223 335 122 223 123 123 112 112 223 345 677 9BA BDC ACB 8AA 568 568 679 336 115 985 EDB FFE FFF FFF FFF FFE EEE EED EDC EDC DCB BA8 667 338 668 356 356 356 456 9BA ACB BCB DDD FFE EEE DDC FEC FEC FEC FEC FEC FEC FCA FBA EBA FEE FFF FFF FFF FFF FFF FFF FFF FFF EDE DCD EEF FEF FEF FFF FFF FFF FFF FFF FFF FFF FFF EED 955 722 722 312 756 CBD A89 BAB EED FFD FFD FFD FFD FFD FFC FFC FFD FFC FEC FCA EBA FDB FEC FEC FDC EBB EBB DBC A8C 99C 67A 67A CCD 888 EEE DDE A9C BAD CBE CBD CAD AAD 9AD 9BD 9AC 999 9AC 9AD 8AD 89C BBE DDF DDF DDF DDF CDF 9AD 78B 79C 67B 99C BAD BAD BAD CAD CAD CAD BAD DDE FFF EEF CAD CAD CAD EBB FEC FFC FEC FFD FFD FFD FFD FFD FFD FEC 
323 434 434 434 334 223 212 212 212 212 212 323 434 334 323 323 323 423 433 434 534 876 CA9 ECA FDB FEB FEC FEC FDB EB9 D88 B66 A79 A8B 87A 224 335 112 112 112 111 011 112 335 557 899 ACB 8AA 899 899 678 556 345 234 236 126 765 DC9 EEE FFE FFE FEE EEE EED EDC EDC DCB DCB B97 557 348 BBC 899 456 345 8A9 ADB ADB BDB ACB CDC EEE DBB FEB FEC FEC FEC FEC FDB FBA FB9 EBB FFF FFF FFF FFF FFF FFF FFF FFF FFF FEE DCD DDE EEF EEE EDE EEF FFF FFF FFF FFF FFF FFF FEF DCD 955 733 534 878 CBD DCD EED FFD FFD FFD FFD FFD FFD FFD FFC FFC FFC FEC FCA FDC FFC FFC FFC FFC FDC E98 DAA CAD 98C 88B 458 AAC AAA BBB FFF DDE B9C CAD CBE CBE BBD 9AD 89C 888 B95 999 8AD 89C ABD CDF DDF DDF DDF CCE 89C 67B 79C 57A 459 56A 88C BAD CAD CAD CAD CBD EEF FFF EEE CAD CAD DAD DBE EBC FDB FEC FEC FFD FFD FFD FFD FFD FFD FDC 
323 434 434 434 434 323 212 212 112 212 212 212 323 434 334 434 323 323 323 423 433 434 645 977 CBA EDB EDB EBA E98 D87 D87 D87 B77 98A 767 434 222 011 111 111 112 122 123 123 123 234 455 223 123 223 345 566 678 677 457 337 445 B96 DDD EEE EEE EEE EED EDC EDC DCB DCB DBA A86 448 569 DDD EEE ABB 899 ACB ADB BDB ADB ADA ACA CDD DBB ECA FEC FEC FEC FEC FCA EA9 FA9 EBA FFF FFF FFF FFF FFF FFF FFF FFF FFF EEE DDE CCD EDE EEE EDE DCE DCE EDE EDE EDE EDE EDE DCE DCE DCD BAC BAC DCD EED FFD FFD FFD FFD FFD FFD FFD FFD FFD FFC FFC FFC FDC FDC FFC FFC FFC FFC FFC FEC FBA EAA EDE A9C 99C 56A 569 CCD 989 EEE FFF DDE B9D BAD CBD BAD 89C 8AD 89B 9AA 78B 67A 89C CCE DDF DDF DDF CDF 89C 67A 78B 88C 88B AAC 99C 88B 98B A9C B9C CCD FFF FFF DDE CAD CAD DAD DBE ECE DBD EBA FDB FEC FFD FFD FFD FFD FFD FFD FED 
434 424 434 434 434 334 223 212 212 212 212 212 876 856 434 323 434 434 433 323 323 323 323 323 434 645 856 A66 B77 A78 A79 979 98A 879 554 433 112 122 223 234 234 234 223 123 123 112 112 112 223 455 677 687 345 345 668 449 348 776 BA8 EDD EED EDD EDC EDC DCB EDB ECB CA7 767 349 99B EEE EEE FFE DED BCB ADB ADB ADA ADA ADA ACB DDD DCB EDB FEC FEC FDB EA9 E98 FB9 EBB FFF FFF FFF FFF FFF FFF FFF FFF DDE DDE EEE EEE EDE DCD DDE EDE DCE DCE DCE DDE EDE EDE EDE DCE CCD DCD DDD FFD FFD FFD FFD FFD FFD FFD FFC FFC FFC FFC FFC FFC FEC FDB FFC FFC FFD FFD FFD FFC FFC FDC EAA EEE CBD 98C 88B 458 ABC AAA CCD FFF FFF DCE B9D B9D BAD 99C 8AD 9AD 8AD 78B 78B BBE CCF DDF DDF CCE 89C 68B 67B 78B 78B CBD EEE EEF FFF EEE CBD 98C CCD FFF CCD CAD CAD DAD DBD ECE ECE DBD DAA FCB FEC FFD FFD FFD FFD FFD FEC FEE 
767 434 434 434 434 434 323 212 212 112 212 212 876 EB9 B88 544 323 323 434 434 434 434 434 323 323 323 323 434 434 435 435 445 545 545 323 435 445 445 446 556 667 677 667 566 456 345 234 576 9A9 ACB BDB BDB 9BA 466 234 568 559 448 875 BA8 DCC DDC DCC DCB DCB ECB ECA 987 459 558 989 CCC EEE FFE FFE DED ACB ADA ADA ADB BDB ADB BCB DCD DA9 FEB FEC EBA E98 FB9 FB9 EBA FEE FFF FFF FFF FFF FFF EEE EEE DEE EEF FFF FFF FFF EEE DCD DCE DDE DCE DDE DDE DDE DCE CCD DCD EEE FFF EDD FFD FFD FFD FFD FFD FFD FFC FFC FFC FFC FFC FEC FEC FCA FEC FFC FFC FFD FFC FFD FFD FFC FEC EBA FEE EDE A8C 88C 57A 78A CCC BAB FFF FFF FFF CBD B9D A9C 99C 9AD 9BD 89C 78B 9AC CCE CCF DDF DDF 99C 67A 78B 68B 78B 569 67A 78B 77B 89B AAC DDE CBD AAC CBD CAD DAD DAD DAD DBE DBE DBE DBE DAC FCA FEC FFD FFD FFD FFD FFD FED FFF 
A99 766 324 434 434 434 323 222 212 212 212 212 323 988 DCA C99 866 434 222 323 334 434 434 434 434 434 434 434 434 324 324 324 324 324 324 324 324 324 323 223 223 223 234 345 455 456 567 9BA BDB BDB BDB BDB ADB 9BA 577 678 87A 449 447 655 986 BA8 CB9 CB8 CB7 DC9 DCB 77B 66A B99 CAB 989 CCC FFE FFE FFF DDD ACA BDB BDB ADB ADA ACA BBC CAB DBA ECA D98 EA9 FBA EA9 EBA FDC FEE FFF FEF EEF EEF FFE FFF FFF FFF FFF FFF FFF FFF FFF EEE DCD DDE DDE DDE EEE EDE EEE FFF FFF FFF EDD FED FFD FFD FFD FFC FFC FFC FFC FEC FEC FDB FCB FB9 FDB FFC FFC FFC FFC FFC FFD FFD FFD FFC FDB ECC EDE BAD 98B 89C 569 CCD AAA EEE FFF FFF EEE CBD CAD 99C 9BD 9AD 89C 89C ABD CCE CCF DDF BBD 68B 57A 78B 78B 77B 559 57A 459 45A 45A 46A 87B BAD A9C CAD CBD DAD DAD DBE DBE DBE DBE DBE CAD DAA FEC FFD FFD FFD FFD FEC FFE FFF 
B98 B98 434 434 434 334 333 323 212 112 212 212 212 323 544 655 655 433 111 112 212 323 323 334 434 434 434 434 434 434 434 434 434 434 434 434 334 324 324 324 324 324 323 223 223 112 667 BCC ACB ADB ADB ADB ADB 9CA 7A9 779 98B 76A 338 338 447 667 777 877 878 BAA EDC A9A C99 ECB DBB CBC 989 DDD FFF FFF FFE CDC ACB ADA ADA ADA ADA ABB DCD DBC B9A B9B CAA DAA D99 ECB ECB ECC EEE FFF FFF FFF FFF FFF FFF FFF FFF FFF FFF FFF FFF FFF FFF FFF FFF FFF FFF FFF FFF FFF FFF FFF EDD FED FFD FFC FFC FEC FEC FEC FDB FCB FBA EA9 E98 EA9 FEC FFC FFC FFC FFC FFC FFD FFD FFD FFC FEC FBA E99 CAC 98B 89C 569 AAC CBC DDD FFF FFF FFF DCE DCE CBD 9BD 8AD 89C 89C BBE CCE DDF CCE 89B 77B 98B 87A 87A A9C 669 459 459 459 459 55A 87B 98B A9C BAC CBD DBD DBE DBE DBE DBD CAD BAD A9C A9A EBA FEC FFD FFD FEC FED FFF FFF 
B98 B98 434 323 434 334 334 323 212 112 212 212 212 212 212 212 212 323 212 111 111 112 212 324 334 334 324 324 434 434 434 434 434 434 434 434 434 434 434 434 324 324 324 324 324 223 667 DDD DDD BCC ACB ADB ADB 9CA 7A9 688 668 87A 77A 559 449 449 459 55A 77B CBB EEC EB9 EBA EDB DCC DCD CAC A9A EEE FFF FFF EEE ACB ACA ADA ADA ADA 9BA CBC EDE DCD BAC BAD CAD BAC EDC EEE EFF FFF FFF FFF FFF FFF FFF FFF FFF FFF FFF FFF FFF FFF FFF FFF FFF FFF FFF FFF FFF FFF FFF FFF FFF EDD FDC FDC FDB FDB FCB FCA FBA EBA E99 E88 E88 E88 FDB FFC FFC FFC FFC FFC FFC FFD FFD FFD FFC FEC FBA E99 ECC A9C 88C 68B 78A DDD BBC FFF FFF FFF EEF EDE DCE 9AD 8AD 8AD 99C BBE CBE DDF BBE A9C BAD CBD 779 AAB DCE 78B 459 358 459 56A 77A 97B 66A 99C B9C A9C A9C B9C AAD 99C 99C 89C 89D 89D 8AD AAB EBA FEC FEC ECC FFF FFF FFE 
C98 977 323 323 434 434 334 323 223 112 112 212 212 212 212 212 212 212 323 222 112 111 323 879 879 768 657 546 546 546 545 545 545 546 546 546 646 656 646 546 546 435 435 424 324 424 435 667 BBB BBB ABB BCB ACB ACB 8BA 698 466 577 799 688 678 669 779 88A 98B DCB EEC EDB ECB ECB EDD DCE CBD BAC BAB EEE FFF FFF DED ACA ADA ACA 8A9 698 AAB EDE DCE BAC CCD DDE EEE FFF FFF FFF FFF FFF FFF FFF FFF FFF FFF FFF FFF FFF FFF FFF FFF FFF FFF FFF FFF FFF FFF FFF FFF FFF FFF FFF DCD EBA FBA FBA FBA FA9 EA9 EA9 ECB EA9 E88 E88 EB9 FEC FFC FFC FFC FFC FFC FFC FFC FFD FFC FFC FEC FA9 E99 EDD CBD 88B 89C 569 DDE BBB EEE FFF FFF FFF EDE DCE 9AD 8AD 8AD 99D BBE CBE DCF CBE CBE CBE CBD 778 EEE CBC 78B 67A 459 67A 67A 98B 76A 459 459 66A 77B 77B 78B 78C 78C 89C 8AD 9AD 9BE ABE ACE BBD CAA CAA DCC FFE FFE FCB 
DA9 544 223 323 434 434 334 334 323 212 112 212 112 212 212 212 212 212 212 223 323 212 212 87A A8C 98C 98B 98B 98B 98B 98B 97A 98B A9B A9C A9C A9C A9C A9B BAB A9B 98A 97A 869 657 435 424 435 435 889 DDD BCC ACA ACA 8A8 687 456 466 698 698 577 587 587 688 788 CBA EEC FEC FEB ECB EDD EDE DCD CBD BAB CCC FFF FFF FFF CDC 9BA 698 697 698 9AA DCE DDE EEE FFF FFF FFF FFF FFF FFF FFF FFF FFF FFF FFF FFF FFF FFF FFF FFF FFF FFF FFF FFF FFF FFF FFF FFF FFF FFF FFF FFF EEE EDE DBC EAA FA9 EA9 EA9 EA9 EA9 ECB EDC DA9 D87 E98 FDC FFC FFC FFC FFC FFC FFC FFC FFC FFC FFC FFC FDC FA9 E99 ECC DCE 98B 89C 569 CCD CCC DDD FFF FFF FFF EDF DCE AAD 8AD AAD BAD BBE BBE CCE CBE CBE DDE BBC 999 FFF AAB 67A 78B 469 458 87B 97B 669 458 569 78A 99A AAB BAB CBB CBC CBC CBC CBC CBC CCC BCD ABD ABE ABE CCC EDD FDC EB9 
DB9 655 544 544 334 434 434 334 323 212 112 112 212 212 212 212 212 222 222 212 212 323 323 768 98B 98C A8C A8C A8C 98B 98B A9C A9C B9C B9C A9C BAC CBC DDD EEE EEE EEE CCD A9C 879 768 879 546 425 435 778 9BA ACA 9CA A96 875 465 355 688 775 753 576 587 587 688 BAA EEC FEC FEC DCB EDE EDE DCE CBD CBD BAB EED FFF FFF EEE 89A 79A 8AB BCC EEE EFE FFF FFF FFF FFF FFF FFF FFF FFF FFF FFF FFF FFF FFF FFF FFF FFF FFF FFF FFF FFF FFF FFF FFF FFF FFF FFF FFF EEE EDE DCE DBD CBD CAB DA9 DA9 DA9 EB9 EB9 ECA FED FEE ECB C88 ECA FFC FFC FFC FFC FFC FFC FFC FFC FFC FFC FFD FFC FCB E98 F99 E99 DCD A9C 99C 79B AAC EDE CCC FFF FFF FFF FEF DCE BBD BBD CBE CBE BAD BBE CCE CBE EDF FFF 889 BBC EEE 88A 57A 78B 569 669 97B 76A 97A 98A BAA DCB EDC EDC EDC FEC EDB EDB EDB ECB ECB ECB DCB DBB CBB ABC ABD DDE EDD FDB 
976 764 864 655 334 434 434 434 323 222 112 112 112 112 212 212 212 222 323 323 212 212 222 657 97A 97A 97B 97B 97A 97A 98B A8B A9B B9C BAC CCD EEE FFF FFF FFF FFF EEE CBC 999 BAB CBD CBD BBC 657 325 425 666 9BA 9CA 9A7 797 476 355 688 786 875 687 688 698 899 CAB EDC EDC EDC DCC ECE EDE EDE DBD CBD BAC BBB EEE CDD BCD DDE EEE DEF FFF FFF FFF FFF FFF FFF FFF FFF FFF FFF FFF FFF FFF FFF FFF FFF FFF FFF FFF FFF FFF FFF FFF FFF FFF FFF EEF EDE DDE CBB A88 987 BAA CAA CAA CA9 DA9 DA9 DA9 DB9 EBA FED FFF FFF FEE DAA FEC FFC FFC FFC FFC FFC FFC FFC FFC FFC FFC FFD FFC FBA E98 F99 E99 EDD BAD 99C 89C 78A EEF CCC FFF FFF FFF FFF DCE CBD CBE CBE CBE CBE BAD BBE CBE EDF DDD 768 CCD CCD 78B 57A 78B 67A 669 769 989 CBA DCA EDA ECA DB8 CA7 A86 975 865 865 865 965 A76 B87 CA8 DA9 DB9 DB9 CBA ABC DDE FEE 
655 642 642 655 434 434 434 434 333 323 212 112 112 112 212 212 212 212 323 323 223 222 212 557 98B 98B 97A 97A 98B A8B A9C BAC CBD DCE EEE FFF FFF FFF FFF FFF EEE BAA BBB EEE FFF EEE EDE DDE CCC 657 425 425 566 9CA 9CA 7A8 587 244 476 698 7B9 7A8 587 698 CCC EEE FFE FFE EDE DCD DCD DCD DCE CBD 98B AAC 98A AAB BCD DEF FFF FFF FFF FFF FFF FFF FFF FFF FFF FFF FFF FFF FFF FFF FFF FFF FFF FFF FFF FFF FFF FFE FFE EEE EEE EDE DCD CCD CBD BAB BAB CCD BAA 753 753 BA9 DA9 CA9 CA9 CA9 CA8 CA9 DBA FED FFF FFF FFF DDD DCC EED EED EED FEC FFC FFC FFC FFC FFD FFD FFC FFD FEC FBA E98 FA9 EA9 FEE DCE 98B 8AD 67A EEE DDD EEE FFF FFF FFF EDE A9C CBD DCE CBE CBE BBD AAD BAD BAD AAC 98B BBD 77A 78B 57A 67A 78A 888 BA9 CB9 DC9 EC7 A85 654 434 324 224 324 667 556 324 334 434 534 754 A75 B97 CA8 DB8 DB8 CBA DDE 
766 642 642 654 434 434 434 434 434 323 212 112 112 112 212 212 212 212 323 323 323 323 323 556 98B 98C A8C A8C A9C B9D CAD DDE EEF FFF FFF FFF FFF FFF FFF DDD BAB DDD FFF FFF FFF FFF EEE DDD BCB 9BA 556 435 435 677 9BA 7A8 698 344 465 697 7A8 8B9 697 798 DEE FFE FFE FFE EEE EDE EDE DDE DCD 779 457 679 CCC FFE FFF FFF FFF FFF FFF FFF FFF FFF FFF FFF FFF FFF FFF FFF FFF FFF FFF FFF FFF FFF EEE EEE DDE DCD CBC BAB BAA A99 A88 DCC DDD DCC DCC DCC A87 632 632 876 999 CA9 CA9 877 667 778 EDD FFF FFF FFF EEE CBD DCE FFF FFF FFF FEE EED FEC FFD FFD FFD FFC FFD FFD FEC FA9 E99 FA9 EAA FEE EDE 98C 9AD 78B DDE EEE DDD FFF FFF FFF FEF BAD CAD EEF EEF EEF EDE CCE BAD A9D A9C 99B 568 458 78B 57A 679 A98 BA8 BA8 DC7 AA6 444 446 557 334 446 446 657 779 778 557 557 435 546 657 545 855 A75 C96 CA7 DB7 DC9 
989 988 655 434 434 434 434 434 434 434 223 212 112 111 334 334 212 212 323 323 323 323 323 778 BAC A8C A9C B9C CAD DCE EDE FFF FFF FFF FFF FFF FFF FFF DCC CBB EEE FFF FFF FFF FFF EEE BCC ACA ADA ADA 8A9 446 777 546 798 6A8 697 355 355 698 8B9 8B9 8A9 8AA DDE EEE FFE FFF EEE EEE EEE DDD 99B 779 557 446 778 EEE FFF FFF FFF FFF FFF FFF FFF FFF FFF FFF FFF FFF FFF FEF FEF EEF EEF EEF EDE DDE DCD DCD DDD DDD DBB CA9 C98 B96 CB9 DDC DCC CBB CAA BAA B99 864 754 667 458 678 667 579 68A 779 EEE FFF FFF FFF DCD DCE FEF FFF FFF FFF FFF FFF EEE EED FFD FFD FFD FFD FFD FDB FA9 F99 FA9 EBB FFF EEF A8C 99C 9AC BCD FFF CCC FFF FFF FFF FFF CBD A8C CCE FFF FFF FFF FFF DDE A9B AAC 569 569 569 67A 569 A98 CA8 BA7 CC7 665 113 114 556 446 335 225 346 668 769 658 547 446 446 556 878 546 434 645 A65 B86 CA7 EC7 
989 99A 767 323 434 434 434 434 545 766 656 544 544 323 545 877 223 212 323 323 323 323 323 889 EEE CBD CBD DCE DCE EDE EEF FFF FFF FFF FFF FFF FFF CCC CCC FFE FFF FFF FFF EEE ABB 798 8B9 ADA ADA ACA 9CA 556 898 898 567 7A8 698 465 355 587 7A8 7B9 7B9 889 BAB BBB CCC CCC EDE DDD 9AB 679 89A DED DDD 788 124 778 EEE FFF EEE EEE FFF FFF FFF FFF EEE EDE DDE DCD DCD DDE EDE EEE EEF FEF FFF FFF FFF FFE FFE EEE EED DCB CA8 B97 887 BA8 BAA BAA BAA BAA CBA BA9 877 458 458 457 457 579 569 AAB EEE FFE FFF EEE CCD EDE FFF FFF FFF FFF FFF FFF FFF FFE EED FFD FFD FFD FED FCB FA9 FA9 FA9 EBB FFF FEF B9C 99C 9AD 9AB FFF DCD EEE FFF FFF FFF DDE A8C A9C DCE FFF FFF FFF BBC CCC ABC 89C 89D 89C 78B 888 B98 B97 CC6 554 113 335 234 124 113 114 113 124 225 335 225 224 224 224 224 334 546 546 434 645 A65 C86 CA6 
A98 BA9 BA9 766 655 877 655 987 A98 A98 987 987 A98 776 555 A98 323 212 323 323 323 323 323 999 FFF EEE DCD DCE ECE EDE EEF FFF FFF FFF FFF FFF CCC DCC FFF FFF FFF FFF FDD CA9 666 7A8 9CA ADA ADA ADA ADA 788 899 ACA 677 798 6A8 466 344 476 697 7A8 7A8 AAB CAB DBB DBB CBB 999 668 457 ABB FFE FFF FFF FFE 778 336 BBC FFF EEE EDE EDE DDE DCE CBD CBD DCD EEE DCD EDC FFF FFF FFF FFF FFF FFF FFF FFF FFF FFF DCC DDC EDC CBA BA9 877 B98 BAA BAA CAA CBA BA9 CAA A98 778 689 789 579 778 999 CBA CCB DCB DDC DCC EDE DCB FFF FFF FFF FFF FFF FFF FFF FFF FFE EED FFD FFD FDC FBA E99 FA9 FA9 F99 ECC FEF BAD 99C 9AD 89B EEF DDD CCC FFF FFF FFF EEF B9C B9D B9D DDE FFF FFF BAB DDE 9AC ABE ABE 9AE 89A B97 B97 CC6 665 557 446 224 113 113 113 013 013 013 013 013 013 113 113 113 113 113 224 445 656 757 745 A75 C96 
CBA 988 BAA 878 655 877 655 877 977 987 877 877 877 655 666 CCB 434 212 323 323 323 323 324 AAA FFF FFF FFF DDE EDE EDE EEF FFF FFF FFF FFF CCC CCC FFF FFF FFF FEE ECB E98 E88 D88 BA8 ACA ADA ADB ADB ADA 8A9 9B9 9CA 7A8 798 7A8 466 355 466 587 698 7A8 99A DBA ECA EBA 988 457 335 BBB FFF FFF FFF FFF FFF DDD 668 779 DEE EDE DCE CBD AAC 89A 799 CCC FEE FFF DCB ECB FED FFF FFF FFF FFF FFF FFF FFF FFF FFF DCC CB9 CA9 BA9 AA9 AA9 BA9 CBA BA9 BA9 BA9 BA9 BA9 CB9 A98 999 999 79A A99 BA9 CB9 CB9 CBA CB9 DDC FEE EED FFF FFF FFF FFF FFF FFF FFF FFF FFF EEE FED FEC FCB FBA FA9 FAA FAA F99 F99 FDD BAD 99C 9AD 67A DDE EEE BAB FFF FFF FFF FFF CBD B9D BAD BAD EDF EDE BBB DDE 8AD 9BE ABE 9AD 998 B97 C96 985 124 456 224 013 013 113 013 013 013 013 013 013 013 013 013 113 113 113 113 223 556 989 645 855 B85 
CCC 655 879 98A 756 545 545 534 434 434 434 323 212 212 666 EDD 655 212 324 323 323 323 334 BBB FFF FFF FFF EEE DCD EDE EEF FFF FFF FFF DCD CBB FFF FFF FFF EEE EAA E98 EA9 EA9 E98 E88 CA9 ACA ADA ADA 9CA 9C9 9CA 9C9 8B9 7A8 7A8 576 355 466 587 697 698 AA9 FEC EEC 888 346 123 888 FFF FFF FFF FFF FFF FFF FFF AAA 235 AAB DDE CBD BBC 798 7A8 7A8 8A9 DCD EEE DBB DBA ECA FED FFF FFF FFF FFF FFF FFF FFF FFE EDD DBA CA9 AA8 777 777 876 BA9 CAA CAA CAA CAA CBA CBB CA9 A98 789 679 678 999 DCB EED EED DDD FFE FFF FFF FFF FFF FFF FFF FFF FFF FFF FFF FFF FFF DCD FCB FBB FAA FA9 FAA FAA F99 FAA FEE BAD 89C 8AD 67A BBC FFF AAB DDD FFF FFF FFF DCE BAD BAD BAD CBE BBC DDD CDE 9AD 9BE 9AE 99A B97 A87 B85 435 224 335 113 013 013 013 013 013 013 013 013 013 013 013 013 013 013 113 113 113 334 656 535 645 B75 
BBA A98 AAA BAA BAA A98 988 655 434 534 534 434 322 212 655 DBA 866 222 334 324 323 323 434 CCC FFF FFF FFF EEE BAC DCE EEF FEF FFF EDE BAB EFE FFF FFF EDD EA9 EA9 FDB FEC FEB FCA EA9 E98 CA8 ACA ACA 9CA 9CA 9C9 8C9 8B9 7B8 698 476 476 577 587 587 687 DCB FEC 998 235 123 224 CCC FFF FFF FFF FFF FFF FFF FFF DDD 235 789 CBD DDD EEE 8A9 7A8 8B9 8A9 BAB DCD DBA DBA DBA ECA FED FFF FFF FFF FFF FFF FFE EED DBA CA9 CA9 678 666 656 765 A97 CBA CBA CBA CBA CBA DCB DCB DCA 999 678 457 678 CA9 EDD EDE EEE FFF FFF FFF FFF FFF FFF FFF FFF FFF FFF FFF FFF CCE 99B EBA FBB E99 FAA FBA FAA F99 EBB FEF BAD 88C 89C 79B 89B FFF CCD BAB FFF FFF FFF EDE CAD CAD CAD BAD A9A EDE BBD 8AD 9AD 9AD 999 A97 A86 965 225 335 224 113 113 113 113 013 013 013 013 013 113 113 013 013 013 013 013 113 113 223 556 435 535 A75 
BA9 988 A99 CBA CBA BA9 A98 988 987 756 544 534 323 222 544 CA9 A87 323 434 334 323 323 545 DDD FFF FFF EEE CCD A9C BAC DDE EEF EEF BAB DDD FFF FFF EED EA9 FBA FEC FEC FEC FEC FEC FDB EBA E98 C98 9B9 9C9 8C9 8C9 8C9 8B9 7B9 697 476 466 576 587 587 AA9 FEC DCB 335 123 224 335 CCC FFF FFF FFF FFF FFF FFF FFF EEE 557 679 DDD FFE FFE BCC 9CA 9CA 8B9 8A9 CBC CBB DBA DBA DBA ECA FED FFF FFF FFF FFF FEE ECB DA9 CA9 CA8 778 557 568 568 987 CBA DCB DCB DCB DCB DCB DCB DCB DCB BA9 777 777 B98 DBA EDD FFF FFF FFF FFF FFF FFF FFF FFF FFF FFF FFF FFF DEF 79C 88B EBB FBA E98 FAA FAA FAA F99 EAA FEE BAD 88B 79C 89C 569 DDE FFF 999 EEE FFF FFF EDF CBE CAD CBE BAC A9B CBE 9BD 9BD 89C 79B BA8 BA7 A85 755 568 557 113 013 013 013 013 013 012 012 223 99A BBC 556 012 012 012 013 113 113 113 113 446 667 535 A75 
A98 988 988 BAA CBB A98 987 988 988 766 544 545 434 322 534 CA9 B98 333 434 434 324 324 334 667 99A CCD BBD A9C A9C A9C 89A EEE CCD BBB FFF FFF FFE EAA FBA FEC FEC FEC FEC FFC FEC FEC FEC FDB EA9 B98 9C9 9CA 9C9 8C9 8B9 7A8 587 476 476 576 587 687 DCA FEC 998 113 224 335 346 AAB FFF FFF FFF FFF FFF FFF FFF DCD 99A AAA BBC FFF EEE 99A 9B9 ADA ADA ACA AAB DCD DBB FDB ECB ECA ECB FEE FFF FFF FFE EDC ECA ECA EBA CA9 667 457 999 AA9 AA9 CA9 DCB DCB DCB DCB DCB CBA DCB DCB CBA CBA CBA CB9 CBA FFE FFF FFF FFF FFF FFF FFF FFF FFF FFF FFF FFF FFF CCE 78B AAC EBC E99 E99 FAA FAA FAA FA9 EAA FEE CAD 78B 89C 79B 569 9AB FFF CCC AAA FFF FFF EDF DBE CBE CBE 98A BAC AAD 9AD 9BE ABE 89C A97 B97 975 655 447 446 114 113 113 113 113 113 013 002 335 DDD EEE 667 123 123 113 013 013 013 113 113 556 889 545 A85 
755 644 655 98B BAC A77 645 645 645 545 544 645 545 433 433 B98 976 433 434 434 434 434 223 213 223 335 657 98B A9C 88A 678 AAB AAA DDD FFF FFF EDC EB9 FEC FEC FEC FFC FFC FFC FFC FFC FEC FEC FEC ECB BB9 9B9 8B9 8B9 8B9 7A8 688 587 587 688 688 998 EEB FEC 666 113 335 336 346 668 EEE FFF FFF FFF FFF EEE CCD BBC EEE DDD A9A CCC 999 CCC BCB ACA ADA ADA 9BA CBC DCD ECC FDC FEC FDC FED FFF FFF FED FDC FDB FDB ECA EBA 778 347 457 457 568 998 DC9 FFE FFE FEE ECC CBA DCB EDD FEE FEE EDC CA9 EDD FFF FFF FFF FFF FFF FFF FFF FFF FFF FFF FFF EFF DEF CCE CBD DCE DBC E99 FAA FAA FAA FAA FAA FBB FFF CAD 78A 89B 68B 57A 679 EEE FFF 99A BCC FFF EEF DBE CBE A9B 99A CBD 9AD 9BE 9AE 9BE 9AC 887 B97 975 755 125 336 224 114 114 114 114 114 114 124 345 446 446 113 113 113 123 224 123 113 013 113 557 335 434 DA6 
987 977 977 BAB CBC B98 987 877 866 645 644 544 645 544 433 434 323 323 434 434 434 323 213 223 223 224 224 335 769 789 688 678 99A EEE FFF FFF EBB FCA FEC FEC FFC FFC FFC FFC FFC FFC FFC FEC FEC FEC FEC DDA AB9 7A8 6A8 587 587 576 587 587 587 CB9 FEC FEC 556 113 335 346 346 346 89A FFE FEE EDE DCE BAC BBC EEE FEF DDD 777 A9A EDD FEF DDD ACA ADA ADA ADA ABA ECE ECD DCD FED FFD FFE FFF FFF FFE FED EDC EDC ECB CA9 877 347 347 668 679 79B CD9 FFB FFE FEE DCB CBA CBA DCB EED EEE DCB DBB FFF FFF FFF FFF FFF FFF FFF FFF FFF FFF FFF FFF CDF ABE BBE DCE DBE C9A F99 FAA FAA FA9 FAA FAA FCC FFF BAD 78B 79B 67A 57A 67A ABC FFF EEE 889 CCD FEF DCE BAC 879 CBD AAC 89C 9BE 9BE 9AD 89C 876 B97 A85 854 236 336 336 114 114 114 114 114 114 346 446 225 125 114 013 012 012 012 123 335 113 124 446 114 875 FE6 
A98 988 877 A9A BBC CBA 977 988 866 645 645 644 644 645 534 323 323 433 534 434 434 323 213 223 223 223 324 324 325 446 688 588 689 CDD FFF FFE DAA FDB FEC FEC FFC FFC FFC FFC FFC FFC FFC FEC FEC FEC FEC FEC EEC CCA 8A8 587 587 587 587 587 887 ECA FEC FEC 766 112 224 335 346 336 335 779 BBC CBD BAC BAC EDE DCD A9A 999 989 DCD FEF EEE EDE ABA ADA ADA ADA ACA CCC EDE EDE DCD EEE EEF EEF EEF EEE DDE CCD BBC BAB 866 643 445 357 899 9AB ABC BCC CDB DCB DCB DCB CBA CBA CBA CBA DCB CA9 EED FFF FFF FFF FFF FFF FFF FFF FFF FFF FFF FFF FFF BDF ABE CBD DCE CBC DBB EBA EA9 FAA FAA E99 FAA FDD FFF CBD 78B 68B 67A 57A 78B 569 9AB EEF DDD 778 A9A A9B 98A CBD CBD 67A 67A 9AD 9AD 9AD AAD 767 A86 A96 964 435 458 568 125 125 125 125 115 225 225 125 126 226 226 226 125 124 114 124 446 778 778 224 223 DD6 FF7 
977 755 645 879 BAC DBA A77 865 755 655 755 645 644 645 645 534 423 434 434 434 434 433 434 434 324 223 224 324 325 325 446 689 689 689 BCC EEE CAA FCB FEC FEC FEC FFC FFC FFC FFC FFC FFC FEC FEC FEC FEC FEC FEC FEC EEB CCA 898 687 587 587 B98 FDB FEC FEC AA9 112 123 224 235 235 224 224 446 778 BAB BBC 989 889 BBB EEE CBC BBB FEF EEE CCC ACA BDB BDB BDA ADA BCC ECE EDE CBD CCE CCE CCF CCF CCE BBD BBD CBD CBC A98 863 643 667 877 887 8AB 9AB 987 A98 A97 CA9 CBA CBA CAA CBA BA9 CBB FFF FFF FFF FFF FFF FFF FFF FFF FFF FFF FFF EEF DEF EEF DCE DBE DBD DCC FFF FFF FDD EBA EAA E99 FAA EBC FFF CBD 88B 67A 57A 57A 78B 67A 458 669 778 999 889 667 A9B CBD 77A 569 57A 67B AAD BBE BAD 668 876 B95 975 854 446 558 347 226 125 225 236 236 226 226 226 226 226 236 237 237 237 226 236 67A 88A 447 9A5 FF7 FF8 
866 755 745 989 BAD DBB B98 866 755 755 755 755 645 644 644 645 534 534 534 434 534 987 DCB DDC BBB 878 546 324 324 325 325 456 578 578 577 89A BBC DCB FDB FEC FEC FEC FEC FFC FFC FFC FFC FEC FEC FEC FEC FEC FEC FEC FEC FEC EEB CCA 898 776 D98 FCA FEC FEC EEB 555 112 123 223 224 224 335 557 879 879 989 BBC EDE EEE EEE DCD AAA DDD BCB ADA ADB ADA ADB BDB BDB BCB DCD DCE DCE DDF EEF EEF EEF DDE DDE EEE EEE FFE EDC CA7 853 655 766 776 57A 778 666 458 666 876 A87 BA9 CAA BA9 A87 EEE FFF FFF FFF FFF FFF FFF FFF FFF FFF FFF EFF BCF BDF EEF DCE CBD DCC FFF FFF FFF FFF FEE FDD E77 E99 EAA EDE DBD 78B 67A 57A 57A 78B 57A 57A 458 569 89B BBC AAB 779 668 459 57A 57A 88B BBE BBE 9AD 77A 656 A85 A95 A74 754 225 337 458 237 447 557 226 226 226 237 237 237 237 237 237 237 348 459 348 347 9A6 FF7 FF8 FF9 
977 855 866 A87 A99 A9A 977 866 755 745 755 755 755 645 644 644 544 534 534 534 644 BAA DDD DDD EEE CCD BAC 98A 556 325 325 325 467 578 567 467 578 99A CBA FDB FDB FEC FEC FEC FEC FEC FEC FEC FEC FEC FEC FEC FEC FEC FEC FEC FEC FEC FEB EDA EB9 EBA FEB FEC FEC DDB 666 223 113 224 335 556 878 A9A CBC DCE EDE EDE EDE EEE CCD 677 9B9 ADA ADA ADA ADA ADA ADA ADA ACA EDE DCE FFF FFF FFF FFF FFF FFF FFF FFF FFF FFE FED ECA CB6 974 864 777 778 667 457 347 557 776 777 987 BA7 BA8 DCC FFF FFF FFF FFF FFF FFF FFF FFF FFF FFF FFF DEF BCF CDF DCE CBE DCD FFF FFF FFF FFF FFE FEE FEE FBB EBB E99 EBB DBD 77A 67A 57A 67A 78B 57A 57A 57A 569 569 358 458 458 569 67A 57A 67A BBD AAD 89C 9BE 8AC 657 754 DB5 B95 A84 854 335 237 669 569 348 337 237 237 237 237 237 237 337 348 559 458 237 457 BB6 FF7 FF8 FF9 CB6 
A78 866 865 967 977 866 866 864 856 745 755 755 756 755 745 644 644 644 544 534 433 534 545 656 767 768 868 98A 99A 768 325 325 335 578 578 578 577 467 668 988 DBA FDB FDB FEC FEC FEC FEC FEC FEC FEC FEC FEC FEC FEC FEC FEC FEC FEC FEC FEC FEC FDB FDB FEC FEC FEC ECA 877 557 768 87A A9C CBD CBE DCE DCE DCE EDE DCD 9AA 577 577 9CA ADA ADA ADA ADA ADA ADA ADA ACA EEE EEE FFF FFF FFF FFF FFF FFF FFF FFF FFF FFE FED ECA DB8 CA6 975 764 765 568 468 568 777 986 999 876 986 B97 A87 FFE FFF FFF FFF FFF FFF FFF FFF FFF FFF DEF DEF EFF EEF DBE DCD FFF FFF FFF FFF FFF FEE FFF FFF FFF FCC D55 D99 DBD 88B 67A 67A 67A 78B 57A 57A 67A 68B 78B 569 458 358 569 78B 56A 89C BBE 88B 57A 89C ABE 77A 546 864 B94 CA5 DA5 A74 544 557 569 348 458 459 458 559 458 448 459 458 569 67A 447 887 DD6 FF7 FF9 FF8 BA6 532 
B99 987 865 856 989 764 866 865 866 755 755 755 756 756 756 755 645 644 644 533 433 433 433 534 545 545 545 535 546 647 435 325 325 567 8AA 7A9 688 578 457 457 678 BA9 DBA FCB FDB FEB FEC FEC FEC FEC FEC FEC FEC FEC FEC FEC FEC FEC FEC FEC FEC FEC FEC FEB FEC FDB EB9 B9B A9C A9C A9C BAD CBD CBE DCE CBD AAB 779 567 576 577 8B9 ADA ADA ADA ADA ADA ADA ADA ADA ACA EEE EEE EEE FFF FFF FFF FFF FFF FFF FFF FFF FFF FED ECA EDC EDC A97 A97 A87 776 9AB 9AA 987 A98 DDD A98 986 CBA 986 FFE FFF FFF FFF FFF FFF FFF FFF FFF CDF ACF DEF FFF DCE DCD FFF FFF FFF FFF FFF FEE FFF FFF FFF FFF FEE FCC DBC DBD 99B 67A 67A 67A 78B 57A 67A 67A 78B 9AC 89C 67A 458 569 78B 67A AAD 99C 57A 67A 67A 88B 88B 768 646 754 B94 EC5 FD6 DB5 974 544 435 337 348 459 78A 569 337 347 336 435 655 A95 FD7 FF8 FF9 EE8 985 432 322 
BA9 CBA 864 967 977 976 967 864 866 856 855 855 755 755 856 755 745 645 534 534 534 533 534 534 535 535 535 535 435 435 435 436 435 435 678 7A9 7A9 578 468 468 678 799 899 A99 CA9 DBA ECA FDB FEC FEC FEC FEC FEC FEC FEC FEC FEC FEC FEC FEC FEC FEC FEC FEC FEC FCA EA9 B9C A9C A9C A9C A9B A9B 88A 668 456 344 244 355 476 8B9 ADB ADB ADA ADA ADA ADA ADA ADA ADA ABA DCD EDE EEE FFF FFF FFF FFF FFF FFF FFF FFF FFF FEE FDC FFE FFF BA9 A98 EEE 976 BA9 FFF A98 AA8 FFF CBA A97 DDD 987 FFE FFF FFF FFF FFF FFF FFF FFF FFF CDF BCF EEF EDE DBD FEE FFF FFF FFF FFF FFF FEE FFF FFF FEE FFF FFF FFF EDE DBE A9C 67A 67A 67A 78B 67A 67A 68B 78B 9AD 8AD 8AD 78B 57A 67A 89B AAD 78B 57A 77A A8C BAD BAD AAC 768 646 754 974 CB5 EE6 FF7 DD7 BA6 985 764 654 654 654 654 764 975 BA6 DD7 FF8 FF9 EE8 BB6 653 432 322 457 
B98 EED CBA B98 A88 A9B A88 987 B99 856 856 856 856 856 755 755 755 645 644 534 534 534 534 534 535 535 535 535 435 435 435 435 435 435 435 546 567 568 568 578 79A 79A 7AA 79A 799 799 888 978 B98 DA9 ECA FDB FEB FEC FEC FEC FEC FEC FEC FEC FEC FEC FEC FEC FDB FB9 B88 768 668 567 567 687 687 576 355 244 244 244 355 466 698 9CA ADA ADB BDB ADB ADA ADA ADA ADA ABA CBD DCD FFF FFF FFF FFF FFF FFF FFF FFF FFF FFE FDC FDB FED FEE A97 A87 EEE EDD 975 CBA DDC A87 DCB B98 DDC DCB 986 EED FFF FFF FFF FFF FFF FFF EFF DEF DEF EFF FEF CBC CA9 EDC FFF FFF FFF FFF FEE FFF FFF FEE E55 F99 FEE FFF FFF DCE CAD 67A 67A 68A 78B 67A 67A 68B 79B 9AD 9AD 9AD 9BD 78B 57A 78B 9AC 67B 67A 87B CAD DBE BBD BAD CCD 989 656 755 865 A85 CC6 EE7 FF8 FF8 FF8 EE8 EE8 EE8 EE8 EE8 FF9 FF9 EE9 DD8 BA6 764 542 432 332 558 67A 
DBB DDC FFD FEC CCC A9B CBC EEE EEE A88 856 866 856 856 856 755 755 644 644 644 634 534 645 645 535 645 646 546 535 535 435 435 435 435 436 436 436 446 568 699 79A 79A 7AA 79A 79A 699 799 467 346 456 656 877 B98 DBA ECA EDB FDB FEB FEC FEC FEC FEC FEC FEC FBA EA9 655 244 465 798 9CA ADA ADA ADA 9C9 8A9 687 466 355 466 476 698 9CA ADA ADA ADB BDB BDB ADB ADA ABB CBD DCD FFF FFF FFF FFF FFF FFF FFF FFF FFE FED FDB FCB FDB EDD EDD EED FFE FFF EEE EED FFF EEE DCB DDC FFF EED EDC EEE FFF FFF FFF FFF FFF FFF BDF BCF EEF FFF DCC CA9 CA9 CA9 EDC FFF FFF FEE FFF FFF FFF FDD E44 E44 FCC FFF FFF EDE DBE 88B 67A 78A 78B 67A 68A 78B 79C 9AD 9BD 9AD 9BE 9BD 78B 67A 89C 67B 67B 68B 88B BAD BBD CBD DBD EDE BAB 756 754 975 B95 CA6 DC6 DD7 DE8 EE8 EE8 EE8 EE8 DD7 CC7 BA6 A95 985 864 543 432 444 77A 78A 765 
